,file_names
0,september29_september30.csv
1,july23_july24.csv
2,april15_april16.csv
3,january16_january17.csv
4,september21_september22.csv
5,october1_october2.csv
6,may29_may30.csv
7,april29_april30.csv
8,november26_november27.csv
9,july12_july13.csv
10,june15_june16.csv
11,september26_september27.csv
12,january11_january12.csv
13,november29_november30.csv
14,december15_december16.csv
15,april8_april9.csv
16,january17_january18.csv
17,august5_august6.csv
18,november20_november21.csv
19,may12_may13.csv
20,june7_june8.csv
21,march20_march21.csv
22,september6_september7.csv
23,may6_may7.csv
24,may22_may23.csv
25,january7_january8.csv
26,june10_june11.csv
27,december26_december27.csv
28,april27_april28.csv
29,july2_july3.csv
30,march25_march26.csv
31,may24_may25.csv
32,december29_december30.csv
33,november15_november16.csv
34,april6_april7.csv
35,april10_april11.csv
36,january5_january6.csv
37,march30_march31.csv
38,may31_june1.csv
39,december20_december21.csv
40,october24_october25.csv
41,july4_july5.csv
42,may30_may31.csv
43,december14_december15.csv
44,october19_october20.csv
45,january4_january5.csv
46,june27_june28.csv
47,july26_july27.csv
48,august7_august8.csv
49,may14-may15.csv
50,april20_april21.csv
51,november21_november22.csv
52,september11_september12.csv
53,july19_july20.csv
54,january2_january3.csv
55,april17_april18.csv
56,june29_june30.csv
57,december12_december13.csv
58,october23_october24.csv
59,september16_september17.csv
60,may27_may28.csv
61,october20_october21.csv
62,june21_june22.csv
63,january3_january4.csv
64,july7_july8.csv
65,october30_october31.csv
66,november13_november14.csv
67,june24_june25.csv
68,july28_july29.csv
69,september1_september2.csv
70,november14_november15.csv
71,may17_may18.csv
72,june2_june3.csv
73,january12_january13.csv
74,october6_october7.csv
75,december21_december22.csv
76,may8_may9.csv
77,november12_november13.csv
78,august28_august29.csv
79,april3_april4.csv
80,june4_june5.csv
81,december13_december14.csv
82,april25_april26.csv
83,march27_march28.csv
84,january15_january16.csv
85,october31_november1.csv
86,may1_may2.csv
87,december6_december7.csv
88,december10_december11.csv
89,april28_april29.csv
90,march23_march24.csv
91,october28_october29.csv
92,january19_january20.csv
93,june23_june24.csv
94,june12_june13.csv
95,november25_november26.csv
96,december30_december31.csv
97,november6_november7.csv
98,december1_december2.csv
99,november7_november8.csv
100,december16_december17.csv
