,id,tweet,sentiment,date
0,1.2484566235776492e+18,"At night these days in Manhattan, one can sit down in the middle of any intersection without interfering with anything or anyone😲#follow #alone #apocalypse #corona #covid #nyc #manhattan #borzoi #mylife #traffic… https://t.co/hzClJvdARJ",-0.15625,april10_april11
1,1.2484673120147988e+18,Love in the time of corona: happy birthday sis  https://t.co/H8LW3UM02d,-0.07777777777777779,april10_april11
2,1.2484727308584755e+18,"I've gain at least 10lbs since this Corona shit... @ Vallejo, California https://t.co/leiZXx5YdM",0.0,april10_april11
3,1.2484795905377772e+18,Cleared: Construction on #SouthernStateParkway EB from Exit 14 - Fletcher Avenue EB to Exit 15 - North Corona Avenue,0.4095238095238096,april10_april11
4,1.2484800550611845e+18,"🇺🇸 US

Notes: Partial Lock-down, Limited Testing, Chaotic

🔮: 10📆 46,985💀
🔮: 128📆 10,177,250🤧 142,482💀

🦠x2: 8.4📆

❤️ Every Life Counts, Pls #StayAtHome

📈: https://t.co/7II8TOvToR

🕗 10/04 #CovidUS

3/3 https://t.co/e98nivciYk",0.13636363636363635,april10_april11
5,1.2484913810828739e+18,Because times are anything but mellow. #tulips on Park Ave. #yellow #nikond5100 #clarendon  #ues #nyc #nyclockdownday19 not so much #lockdownfunpics #ny1pic #corona @ 432 Park Avenue https://t.co/P0alfXGfm4,0.5,april10_april11
6,1.2484988953797796e+18,"OMG! I think I got the Corona Virus... 😱😭😲😥 @ Riverside, Texas https://t.co/bUI5lOYDTG",0.3,april10_april11
7,1.248513488013742e+18,"Past, Present, Future: missing the past, surviving the present, keeping our faith in a better future🙏#past #present #future #borzoi #nyc #corona #covid #mylife #followme @ New York, New York https://t.co/YaccE5ID8z",0.203968253968254,april10_april11
8,1.248513836015063e+18,Cleared: Construction on #SouthernStateParkway EB from Exit 14 - Fletcher Avenue EB to Exit 15 - North Corona Avenue,0.575,april10_april11
9,1.2485146814441513e+18,"https://t.co/a2BTBxrOWS

Viral Disinfection kits Are In! 

EPA Approved - Effective Against Contagious Viral &amp; Bacterial Pathogens Including: Human Corona Virus, Influenza,  H1N1, SARS, Adenovirus Type 4

How… https://t.co/vJaodV1fnt",0.0,april10_april11
10,1.2485156798353613e+18,"COVID19 #corona #workoutmotivation #neworleans #bestfriendgoals #gymbabe @ New Orleans, Louisiana https://t.co/AaTVb2zWcG",1.0,april10_april11
11,1.2485195866324214e+18,"The best alone time I can have. Wanted to share 🙏
#stayhome #staysafe #socialdistancing #stayhomestaysafe #inspiring #fun #creative #art #collab #teamwork #newmusic #newalbum #cancel #corona #solo #guitar #life… https://t.co/edpaPmXrHa",0.4866666666666666,april10_april11
12,1.2485210824385946e+18,"😍💦 QUARANTINE AND VIBE 💦😍
In my feels with this one! What y’all think? 👀
#quarantine #stayinside #corona #2020 #april #viral #musician #new @ Los Angeles, California https://t.co/rakE4C3rlZ",0.0,april10_april11
13,1.248523964416131e+18,😩🤢 #iHateItHere!! Some one bring me some #WingStop!  😩 ••• #TAG SUM1 THATS TRYING TO KILL U WITH THEIR #COOKING!  #foodie #quarantinelife #quarantine #corona #virus #rona #socialdistancing #stayhome #staysafe… https://t.co/m3ePmrQ9la,0.0,april10_april11
14,1.2485256786576548e+18,"The Moon this morning over the palms.

#moon #astronomy #astrophotography #sky #clouds #spring #weather #corona #gregdieselwalck #photographer #florida @ Ormond-by-the-Sea, Florida https://t.co/QLhzPHRrQE",0.0,april10_april11
15,1.248534172324561e+18,"Pandemic- Coronavirus 2020
In progress, mixed media on canvas 36"" x 48"".
Inspired in the lacasadepapel and the tragically pandemic of The Coronavirus.
#casadepapel 
#lacasadepapel 
#pandemia2020 
#coronavid19 
#corona… https://t.co/3Xy7MP9D40",0.037500000000000006,april10_april11
16,1.2485457543371612e+18,CDC says if you drink Corona and you were born in the 19 hundreds then you Covid I mean covered from getting the virus 😂 this beer is essential   Watching replay #spencevspeterson @… https://t.co/hKcjlTGSii,0.0,april10_april11
17,1.2484574934762824e+18,Matt and I tend to be hypochondriacal. It is very easy to confuse allergy symptoms with corona virus symptoms. I have been driving myself crazy with worry because my allergies have been in full affect lately. Matt… https://t.co/epojxe6tUa,0.015,april10_april11
18,1.2484609701810586e+18,"Have a fantastic corona free Friday! @ Dallas, Texas https://t.co/YvLXKtLuvB",0.1,april10_april11
19,1.2484733634098094e+18,"••• #TAG A BARBER THAT WOULD DO THIS! 🤔 💡 ••• #barberlife #haircut #drivethru #imabarber #cutmyhair #haitstyles #rona #socialdistancing #quarantine #corona #virus @ Chicago, Illinois https://t.co/tNz00Z5RWN",0.0,april10_april11
20,1.2484795905377772e+18,"🇺🇸 US

🔮: 10📆 46,985💀
🔮: 128📆 10,177,250🤧 142,482💀

🦠x2: 8.4📆

❤️ Every Life Counts, Pls #StayAtHome

📈: https://t.co/7II8TOvToR
🏥: https://t.co/an5Q5LWRAu

🕗 10/04 #CovidUS

3/4 https://t.co/e98nivciYk",0.4095238095238096,april10_april11
21,1.2485100255025357e+18,"Don’t get Corona-scammed! #needtoknow #iowa #covi̇d19 @ Des Moines, Iowa https://t.co/CW0elvW8qa",0.1,april10_april11
22,1.2485114547282903e+18,"#goodFriday #itisfinished #youarenotalone in the face of global pandemic, spread love,not corona! Jesus lived love on this day, once and for all! Pause-Reflect-Renew, prepare for the Empty Tomb! @ Andover UMC https://t.co/OHRe6GTCkl",0.0,april10_april11
23,1.2485156798353613e+18,"Are you sheltering in place, in your DREAM HOME? If not, we have a few fantastic Newport Beach and Corona del Mar properteis in our POCKETS. Call or text for more details.… https://t.co/LOmHspjz2z",1.0,april10_april11
24,1.2485195866324214e+18,Good Morning Puddle of Mudd FANS!! Here’s a message from Michael ❤️🔥🤘🏻#puddleofmudd #corona #coronavid19 #coronavirus #love #music #bands #bass #bassguitar #bassplayer #bassplayers #hollywood #famous #backupsinger… https://t.co/dEOuaAkiub,0.4866666666666666,april10_april11
25,1.2485223812678e+18,Corona NY Fri Apr 10th AM Forecast: TODAY Mostly Cloudy Hi 45 TONIGHT Partly Cloudy Lo 31,0.2,april10_april11
26,1.2485235731547791e+18,"Thank you viennavafoodies and Khadijah for supporting the front lines against Corona Virus and #COVID19 virginiafamilymedicine milanimedspatysons @ Virginia Family Medicine, LLC https://t.co/j8qpT5bTAW",0.65,april10_april11
27,1.248527242432598e+18,"“Say Hello to My Lil Frieng...!!!” #BadGuy Streaming Everywhere Today @ 4:10 #410
.
.
. .
Produced by @scottieflames .
.
#NewMusic #2020
#quarantine #covid 
#corona #NYC #HipHop 
#rap #KeonVybz #music
#amazonmusic… https://t.co/l6GJyNMRJQ",0.0,april10_april11
28,1.2485316483518013e+18,"From Angela and the rest of our HD family to yours, we invite you to join us this Sunday morning on our FB page at 11am for our Easter church service! #lifeinHD #Jesus #Jacksonville #quarantine #corona https://t.co/bnTGadyq1O",0.5,april10_april11
29,1.248546152246653e+18,"Paying attention to outer silence creates inner silence.
.
.
.
#coronavirus #corona #virus #isolation #COVID19 #emptystreets #emptynyc #nycshutdown #quarantine #quarantinelife #staysafe #covid_19 #stayhome… https://t.co/ZMuITimMj5",0.175,april10_april11
30,1.2485488517384274e+18,Blucifer rising #denver #friday #corona #ART @ Denver International Airport https://t.co/MUS2CUgB23,0.0,april10_april11
31,1.248550398471934e+18,"Suit up. Ll50. #corona @ Fayetteville, North Carolina https://t.co/A9cKUJ29XA",0.0,april10_april11
32,1.2484574934762824e+18,"EMBRACE THE SUCK: In spirituality, contrasting experiences refers to the ones we’d really rather not have. Maybe it’s seasonal chronic illness woes (🙋‍♀️), perhaps it’s various elements of Corona chaos, or it could… https://t.co/upvcbRBAZS",0.015,april10_april11
33,1.2484576213313126e+18,"Gigging in the Time of Corona @ Denver, Colorado https://t.co/4ys6S9l62U",0.0,april10_april11
34,1.2484587101893632e+18,Staying safe undercover from corona with us. Call for pricing 516-729-5668 @ Scott Anderson Design https://t.co/kNqdBW4QHn,-0.25,april10_april11
35,1.2484727308584755e+18,Corona CA Fri Apr 10th AM Forecast: TODAY Chance Of T-Storm Hi 58 TONIGHT Chance Of Showers Lo 45,0.0,april10_april11
36,1.248474767679574e+18,"Exactly! Happy Good Friday 😍 

•
•
•
#goodfriday #easterweekend #stayhome #stayhealthy #staysafe #corona #coronavirus #funnyvideos @ Brentwood, Los Angeles https://t.co/ukdTIr4cIi",0.4454545454545455,april10_april11
37,1.2484870879988244e+18,Stay safe on these Corona days! @ Lunardi's https://t.co/s3JRM4ydbQ,-0.03333333333333333,april10_april11
38,1.2484913810828739e+18,"After this corona shit I got some catching up to do @djrockandsoul records 💯💯👍🏿👍🏿
#recordshopping 
#digginginthecrates 
#wheredidyoufindthat 
#beeblackbeats 
#beeblackremix @ New York, New York https://t.co/9LDLCtcahe",0.5,april10_april11
39,1.248495065409794e+18,"Thank you to the Lafferty family for being a part of #thefrontstepsproject with me in #chattanooga !

Amanda says this about life for them right now:

Corona Cation 

That’s the name we’ve given this time in our… https://t.co/GVPEaQjFuc",0.0,april10_april11
40,1.2485025041211924e+18,"In a couple of moments it’s not going to matter #monopoly #money will have more value #quarantine #quarantinelife #stayhome #quarantinegames #bored #corona #2020 😆😆😐 @ Walnut Creek, California https://t.co/4P20fwgtfG",0.1,april10_april11
41,1.248513836015063e+18,"This Corona Virus has brought out my artistic side. I call this photo ‘Sleeping Dog Through Wine Glass’. For sale to the highest bidder. 

#covid #19 #stayhome #staysafe #quarantine #isolate #socialdistancing… https://t.co/CBoCfh6Brx",0.575,april10_april11
42,1.2485141740173066e+18,"Don’t Let This Corona Virus Pandemic Kill Your Health Vibe 🙅🏾‍♂️ 🦠 Comment me below👇🏾👇🏾👇🏾

JOIN OUR 4 week CHALLENGE!! $20 to join
.

Included in the Challenge:
✔️Workout Plan (home &amp; gym)
✔️Meal &amp; Supplement… https://t.co/VXQdXmmD6B",0.5,april10_april11
43,1.2485165249582653e+18,"This is perfect opportunity to blow off certain people you don’t really mess with like that. #blowoff #people #opportunity #funny #moving #corona @ Atlanta, Georgia https://t.co/aORWrEF3Lh",0.0,april10_april11
44,1.2485235731547791e+18,"At this time of the year, I am just thankful  that everyone I know is safe 🙏🏻. 
My birthday wish is for this corona virus pandemic to end. 🙏🏻 
I miss going out for dinners, hanging out with friends, traveling. It’s… https://t.co/cxv24kPyly",0.65,april10_april11
45,1.248525875127165e+18,"🇺🇸 US

🔮: 10📆 46,985💀
🔮: 128📆 10,177,250🤧 142,482💀

🦠x2: 8.4📆

❤️ Every Life Counts, Pls #StayAtHome

🏥: https://t.co/an5Q5LWRAu
📈: https://t.co/7II8TOvToR

🕓 10/04 #CovidUS

3/4",0.0,april10_april11
46,1.2485279589580964e+18,"Want more pictures or to see it in person, give me a call 512.924.6899

#austintx #atxhomes #atxliving #sellinghomes #sellingaustin #austinrealestate #austinrealtor #corona #buylocal #buyersagent #treehouse… https://t.co/gY4gPQ072o",0.0,april10_april11
47,1.2485287178041795e+18,With the morning breath filter. #covid_19 #corona @ Washington D.C. https://t.co/wTBmIEbjGs,-0.09375,april10_april11
48,1.248537954487763e+18,Corona shopping @ Tractor Supply Co. https://t.co/CT9VtKTKXt,0.05000000000000002,april10_april11
49,1.248541923108946e+18,"On my way to my pre-departure Corona test. @ Los Angeles, California https://t.co/N8wl9Etorn",0.3,april10_april11
50,1.2485444568669676e+18,"Yes we’re open! Our hours during the corona virus crisis are Mon-Sat, 9am to 4pm. 

We are doing our part to keep our customers safe and healthy, sanitizing all cars, steering wheel shifters prior to install, etc. Learn more at https://t.co/PTcIjq6wbn #soundsgoodtome #weareopen https://t.co/HRuGLAXnan",0.0,april10_april11
51,1.2485451808122716e+18,"At this time of the year, I am just thankful  that everyone I know is safe 🙏🏻. 
My birthday wish is for this corona virus pandemic to end. 🙏🏻 
I miss going out for dinners, hanging out with friends, traveling. It’s… https://t.co/SOa7kRnI16",0.0,april10_april11
52,1.248546152246653e+18,"Think like a wiseman but communicate in the Language of the people. @iamlizsanchez wisemenmusicgroup #corona @ Miami, Florida https://t.co/IwhnXkv2Jb",0.175,april10_april11
53,1.2485491507459727e+18,"#truth #quarantine #quarantinelife #corona #2020 #food @ Walnut Creek, California https://t.co/rvcF4lbUyy",0.0,april10_april11
54,1.2484573822433567e+18,Raise ur hand if u need a pedicure but can’t bc corona🙋🏽‍♀️😔 https://t.co/LawtgxFSuw,0.0,april10_april11
55,1.2484574934762824e+18,"Hailing, Corona got the Earth wilding 🌍 @ Newark, New Jersey https://t.co/uUkoxByrVC",0.015,april10_april11
56,1.2484587101893632e+18,"Air Jordan 1 SBB 3.0
New Size 10.5 $299.99

Tap Image To Purchase Online

10% Off Online Orders 
Discount Code CORONA

We Accept Trades On All Inventory

Website Link In Bio

Store Location 
2110 Richmond Road,… https://t.co/JJvDtu9pq2",-0.25,april10_april11
57,1.2484709195146977e+18,"my face when I’m stuck inside wondering  🎶 when will my life begin 🎶

if you don’t know this song from Disney’s tangled..... it’s our lives rn. and the kingdom she lives in is Corona. suspicious.

#disney #disneys… https://t.co/QunvW8zezX",0.0,april10_april11
58,1.2484725924380058e+18,"A little #Corona ain’t got us down!! #Smilesquad #MAA #lovemyteam💜 @ Palm Harbor, Florida https://t.co/uxwSjqXhA1",0.13636363636363635,april10_april11
59,1.2484727308584755e+18,"#artoutside just a lil something to talk about on your walks instead of #corona @ Decatur, Georgia https://t.co/zcdTI9jsVl",0.0,april10_april11
60,1.2484733637076541e+18,"♡One of the most beautiful days of my life is the day I spent with my friends😍. It was really fun times away from Corona😅❤
.
.
.
.
.
.
.😷
#friendship #love #friends #fun #instagood #happy #travel #family #usa #life… https://t.co/62KjbCAUvb",0.0,april10_april11
61,1.2484739805639025e+18,"Last night I went on IG Live painting and talking with my friend @hamiltonanthony. Talking Corona, quarantine boos, and immunity. Follow me on IG and watch our convos in my stories. #artistlife #anthonyhamilton… https://t.co/DiFtu5dEei",-0.75,april10_april11
62,1.248474767679574e+18,"Flying the couch 🛋 on this lovely Friday afternoon #workfromhome #corona #cabinfever @ East Grand Rapids, Michigan https://t.co/SERAa26iLo",0.4454545454545455,april10_april11
63,1.2484795905377772e+18,"Air Jordan 3 Red Cement
New Size 10.5 $249.99

Tap Image To Purchase Online

10% Off Online Orders 
Discount Code CORONA

We Accept Trades On All Inventory

Website Link In Bio

Store Location 
2110 Richmond Road,… https://t.co/rZCeRUvISE",0.4095238095238096,april10_april11
64,1.2484800550611845e+18,"Lebron 16 Harlem Stage
New Size 10.5 $249.99

Tap Image To Purchase Online

10% Off Online Orders 
Discount Code CORONA

We Accept Trades On All Inventory

Website Link In Bio

Store Location 
2110 Richmond Road,… https://t.co/7ZZaZJq8iZ",0.13636363636363635,april10_april11
65,1.2484827478000968e+18,"kanyewestt_official what you do when corona hits and you can’t bring the roses? R.I.P grandma love ya. The hustle keeps going. 😘❤️❤️❤️❤️❤️❤️❤️❤️❤️❤️❤️❤️❤️❤️❤️❤️❤️❤️❤️❤️❤️😂 @ Cocoa Beach, Florida https://t.co/dybVF8ZIbY",0.4087301587301588,april10_april11
66,1.2484870879988244e+18,"💯 % protection from #covid19 #corona and any world 🌍 issues and all viruses 🦠 #dnarealtymasks by #dnarealtygroup @ Boston, Massachusetts https://t.co/1NC7kGYrFM",-0.03333333333333333,april10_april11
67,1.2484892056148296e+18,"Air Jordan 14 Doernbecher
New Size 10.5 $349.99

Tap Image To Purchase Online

10% Off Online Orders 
Discount Code CORONA

We Accept Trades On All Inventory

Website Link In Bio

Store Location 
2110 Richmond Road,… https://t.co/BSJl97mjuU",-0.4,april10_april11
68,1.248495065409794e+18,"Left side is what happens when you have a loose wire on a 220 circuit.  Thank God we were home when it happened!  If this corona virus lockdown was not in effect, we would have been away in NY for our nieces wedding!… https://t.co/89zkR9khtC",0.0,april10_april11
69,1.2484988953797796e+18,"Yeezy Boot Salt
New Size 10.5 $299.99

Tap Image To Purchase Online

10% Off Online Orders 
Discount Code CORONA

We Accept Trades On All Inventory

Website Link In Bio

Store Location 
2110 Richmond Road, 
Staten… https://t.co/5tCTasFCPV",0.3,april10_april11
70,1.2485025041211924e+18,"I can’t breathe and my glasses are fogging up! #coronavirus #mask #losangeles #icantsee #corona #virus #covid19 #themask #jimcarrey #comedy #movie #why #becauseigotta #la #pandemic @ Los Angeles, California https://t.co/g2hyQCmsaw",0.1,april10_april11
71,1.2485042320276685e+18,"Guess who is back home from #whiteplainshospital MOMMY!!!!! #corona free and kidneys doing much much better!!!! @ Hartsdale, New York https://t.co/4M5zadRw2H",0.16666666666666666,april10_april11
72,1.2485081735830282e+18,Our session with @EzraBellBand was bittersweet we were at the early start of the corona virus and didn't know the extent of where we were going to be. These guys put on a great performance that was cut short on their… https://t.co/DE8gTNkMRT,0.0,april10_april11
73,1.2485100255025357e+18,"Phillip B. C. (Before Corona). 

#FBF to the last job I booked before it all shut down. I was LITERALLY on set filming as the notifications were coming in that we were shutting down the next day. 
💇🏽‍♂️💈:@iluvhaji @… https://t.co/y2AiJsojCZ",0.1,april10_april11
74,1.2485107847343636e+18,"Corona Woods @ Seattle, Washington https://t.co/QR0e6eC2JK",0.1,april10_april11
75,1.2485114547282903e+18,"We can have the technology to be identified and tracted securely, so why are we not able to vote by phone? Safe, easy polls and voting with no Corona! RT  Apple, Google to adapt phones for virus infection tracking https://t.co/oW6INw6Lgk",0.0,april10_april11
76,1.248511969298088e+18,"#maxfishsocal has always been a doodler so finding @The_Pigeon online lunch doodling videos has been wonderful during these corona times. He recently doodled Mo!  So fun!  Thanks Mo! @ Encinitas, California https://t.co/ec9BXaaA6Z",0.0,april10_april11
77,1.248513488013742e+18,Will that include vote by Corona free phone? We have the technology to be tracked and monitored by phone but not to vote? Do you really care or is this yet one more D show but no go? https://t.co/3bmsolcZKj,0.203968253968254,april10_april11
78,1.248513836015063e+18,"Happier, and healthier self isolating in my car. No virus going to touch me here. #Covid-19 #covid  #repost  #corona #formalfriday @ Chicago, Illinois https://t.co/P1IU6SrDUK",0.575,april10_april11
79,1.2485141740173066e+18,covid | culture 😷🦠💚 @AllCityMurals  #arteverywhere #paint #mural #covid #covid19 #washyourhands #art #streetart #exploreeverything #graffitiart #cityphotography #pandemic #corona #weloveatl #eastsidebestside… https://t.co/IHZMks9oM5,0.5,april10_april11
80,1.2485142475686339e+18,Corona NY Fri Apr 10th PM Forecast: TONIGHT Partly Cloudy Lo 31 SATURDAY Sunny Hi 41,-0.2,april10_april11
81,1.2485146814441513e+18,"Take me back to Sedona! This secret water hole was an amazing spot to go swimming! Can we have our life back Corona 🙈 @ Sedona, Arizona https://t.co/rNkIU4xxq5",0.0,april10_april11
82,1.248515595156566e+18,Hello I’m #Scottish coffee with #macallan macallandistillery How to become a top notch alcoholic in 1 month #corona #coronacation #drinks #coronatime #doingourbest #la #ny #drinks #neneleakes #whiskey @ West… https://t.co/N1cyx47CdK,1.0,april10_april11
83,1.2485172837959107e+18,"Wishing everyone a blessed Good Friday.. Praying for the world! 
———————————
#goodfriday #2020 #thankful #imstillhere #prayfortheworld #prayforus #toughtimes #covid #notagoodtime #pandemic #nojoke #stayhome #corona… https://t.co/BropLGt2Ws",0.0,april10_april11
84,1.2485174158408417e+18,"Jummah Reflection: Finding Love During Corona on FB Live and IG Story. @ Dallas, Texas https://t.co/diuKDpTySu",0.3,april10_april11
85,1.2485195619739894e+18,"Perfect time for a #beer
#coronaextra #mexicancerveza #cerveza #corona #Friday #dayoff #beeroclock @ Las Vegas, Nevada https://t.co/c5xdwyzwCz",0.15714285714285714,april10_april11
86,1.2485207828394557e+18,"BHM Air Force 1
New Size 10.5 $109.99

Tap Image To Purchase Online

10% Off Online Orders 
Discount Code CORONA

We Accept Trades On All Inventory

Website Link In Bio

Store Location 
2110 Richmond Road, 
Staten… https://t.co/PoqreY3iuE",0.0,april10_april11
87,1.2485223812678e+18,"Please watch Piddy's State of Emergency on Revolt, regarding the Corona Pandemic affecting the black and brown communities. This is Powerful information. Copy and paste link:  https://t.co/bxXTTdbw6Y 
Please… https://t.co/rnvdUW0o9F",0.2,april10_april11
88,1.2485235731547791e+18,"All love and good vibes to ariel.foxx we not letting NOTHING fuck up our summer #YouHearMe #YNFUMS WE’RE GONNA GET THROUGH THIS 🖕🏾CORONA AND ANYBODY THATS BEHIND IT BESIDE IT OR PROTECTING IT #THATPART @ Detroit,… https://t.co/gd5abX6W2E",0.65,april10_april11
89,1.248523964416131e+18,Back when having Corona was cool 😎 Hope everyone is safe N sound! #pharmacylife #phideltachi @ Solas Raleigh https://t.co/dRKcAfbu41,0.0,april10_april11
90,1.2485249197275873e+18,"#truth #quarantine #quarantinelife #corona #food  #virus #2020 @ Walnut Creek, California https://t.co/biepPnktY1",0.0,april10_april11
91,1.2485250328227185e+18,"I see Corona Virus is trying to help me relocate them 20 lbs I just ducked out... #Bmorewolf #Cheffoster #Birdlife #EverythingWiley #YouDontKnowMyStory #86Hill #Fosterlifestyle @ Duluth, Georgia https://t.co/6fMqNO9W15",0.0,april10_april11
92,1.248525875127165e+18,"Sacai Blazer
New Size 10.5 $224.99

Tap Image To Purchase Online

10% Off Online Orders 
Discount Code CORONA

We Accept Trades On All Inventory

Website Link In Bio

Store Location 
2110 Richmond Road, 
Staten… https://t.co/pnAmRgvDzL",0.0,april10_april11
93,1.2485264394582467e+18,The new normal. #covid #corona #lockdown #photographer #photography #losangeles #selfportrait #melrose @ Korbin Bielski | PHOTOGRAPHY https://t.co/gLGtfnOu7p,0.03333333333333333,april10_april11
94,1.248527242432598e+18,"Ipark Music Co.
“Continues to Perform Acts Of Random Kindness...” #iparkmusic #corona #coronavirus #family #life #breath #laprotects #hellohumankindness #cbsla @ IPARK MUSIC CO. https://t.co/4J9mvTyh34",0.0,april10_april11
95,1.2485279589580964e+18,"HAND SANITIZER
💥💥BACK IN STOCK💥💥
8.2 oz hand sanitizer, 70% Ethyl Alcohol and has Aloe and Vitamin E as moisturizers. https://t.co/X7p0GfZgxC
Will ship directly to you!
•
#corona #handsanitizer #covi̇d19… https://t.co/fLfMqtCqC5",0.0,april10_april11
96,1.2485294767005164e+18,And why not the technology to allow polls and then voting by phone? Easy and Corona free! True voice  of we the people! https://t.co/HpbQiUPjEq,-0.08571428571428573,april10_april11
97,1.2485332131625656e+18,"For too much energy, you make an obstacle course. He was tired after 4 rounds. #quarantine #thankyouFB #corona #amazingweather #goodfridayexercise @ Chandler, Arizona https://t.co/GoEP8A2erp",0.5037878787878788,april10_april11
98,1.248534172324561e+18,"Ohio legislation would give AG  Dave Yost power to limit purchases of In-Demand items, fighting price go urging during Corona virus… https://t.co/kUrp5QFD6e",0.037500000000000006,april10_april11
99,1.248537736459387e+18,"Ugh!!!!!! Where's an iceberg when you need one? #repost  #covid  #corona @ Midlothian, Illinois https://t.co/ZQW4ABWUKN",0.05000000000000002,april10_april11
100,1.248537954487763e+18,"Off White Waffle 
New Size 10.5 $159.99

Tap Image To Purchase Online

10% Off Online Orders 
Discount Code CORONA

We Accept Trades On All Inventory

Website Link In Bio

Store Location 
2110 Richmond Road, 
Staten… https://t.co/BusMXyJaw4",0.05000000000000002,april10_april11
101,1.2485381476269957e+18,"Imagine if we demanded the technology be developed for US to be polled and VOTE by mail? Phones can now track us and ID us, so why not???  Easy, convenient and Corona free! #YetWeDont https://t.co/qD0xjiGLhl",-0.11666666666666667,april10_april11
102,1.248543790819836e+18,"#CoronaVirus #CORONA #QUARANTINE #art #writer #blackbook #healing #equalizer #therapy #thebrassking #bekay #essteevee @ Clayton County, Georgia https://t.co/y4boQo45lW",0.0,april10_april11
103,1.2485441090291794e+18,"I call this the quaranTING. “ #donttouchyourface “ 
Well I’m a rebel. 🤖
.
.
.
.
.
.
.
.
.
#corona #quarentine #photography #selfportrait #canon #camera #indoorphotography #model #wilhelminamodel #losangeles #f4f… https://t.co/TLACL72YiW",0.0,april10_april11
104,1.2485444240339927e+18,"Sounds on a daily 😎😷
#corona #lockdown #beats #music @ Quarantine https://t.co/zT5f83yzLk",0.0,april10_april11
105,1.2485444568669676e+18,"CORONA DEJAVU 
#2 on @BOOSIEOFFICIAL ALBUM 
YALL GO RUN THAT UP FOR ME ‼️😤🦍
@timelessrecord3 
#timeless #inthenameof3 @ West Tampa, Florida https://t.co/U3IT085yk2",0.0,april10_april11
106,1.248546152246653e+18,"Yeezy Boot Rock
New Size 10.5 $349.99

Tap Image To Purchase Online

10% Off Online Orders 
Discount Code CORONA

We Accept Trades On All Inventory

Website Link In Bio

Store Location 
2110 Richmond Road, 
Staten… https://t.co/wXXgr9s5rG",0.175,april10_april11
107,1.2485484695030333e+18,"Air Force 1 Skeleton
New Size 10.5 $259.99

Tap Image To Purchase Online

10% Off Online Orders 
Discount Code CORONA

We Accept Trades On All Inventory

Website Link In Bio

Store Location 
2110 Richmond Road,… https://t.co/dpv6WBW39f",0.2,april10_april11
108,1.2484576213313126e+18,"Scenes from today... @ Corona, California https://t.co/4lh5lMF8f0",0.0,april10_april11
109,1.2484609701810586e+18,"#southerncalifornia #rainyday #sunsets 
.
.
.
.
.
.
.
.
#beach #rainydays☔️ #beachcliffs #corona #isolation #video #no #cabinfever #heavenonearth #freshair #smell of the #sea #KeithStJohn #hikingadventures #timeless… https://t.co/WZJS7AaJ3x",0.1,april10_april11
110,1.2484629699622953e+18,"Hi, hope all of our Plant Friends are doing well in our Corona Virus World. Hopefully, we are all Staying Safe and taking care of ourselves. We will be sharing pictures of current plants we are propagating for you… https://t.co/ay0JoRh2mg",0.0,april10_april11
111,1.2484637816062525e+18,Thanks to the baltimoresun for coming to check out the @bmorearabbers #covid19 response - the article drops tomorrow - #horse #stables #foodjustice #arabber #publichealth #corona #ebola #lessonsfromebola @ Arabber… https://t.co/HPk6OyIwlV,-0.0888888888888889,april10_april11
112,1.248474767679574e+18,"Fun with Easter cookies - vanilla lemon shortbread cookies...Happy Easter weekend @ Corona, California https://t.co/3fIazT2y4M",0.4454545454545455,april10_april11
113,1.2484753337050767e+18,NSFW review. Suck my dick you baby back bitch ass 🦠🦠🦠🖕🏽🖕🏽🖕🏽🖕🏽 Side note I both can and can’t believe this is my first check in. - Drinking a Corona Extra by @GrupoModelo_MX @ Lake Forest Keys  — https://t.co/73t9wE2TUJ,0.5,april10_april11
114,1.2484800550611845e+18,"It's been a...while since my last Insta contribution, so...🤷‍♂️ #cat #kitty #look #looking #cute #florida #sarasota #covid #corona #coronavirus #quarantine #quarantinelife and i figured...cats @ Sarasota, Florida https://t.co/r2csxPSoLv",0.13636363636363635,april10_april11
115,1.2484870879988244e+18,"Today’s bounty.  There is one more that’s not in the picture.  So much work.  Nana’s machine to be repaired, my mother’s machine is a lost cause.  #nana #corona #covid #maker #crafty #sofab #bnk @ Benton Harbor,… https://t.co/16zBe3uBOU",-0.03333333333333333,april10_april11
116,1.2484891919749612e+18,"Time for fresh #air, I done made me a #Wilson 
#CastAway #Covid #Corona #CoronaLife  #TomHanks #HelenHunt @ Los Angeles/Hollywood California https://t.co/fhWpMC7KNY",-0.15000000000000002,april10_april11
117,1.2484892056148296e+18,"Reposted from @harleyfflanagan #dontcoughonme #nyc #corona #harleyflanagan #bass  - #regrann @ New York, New York https://t.co/WgemrV11uf",-0.4,april10_april11
118,1.2484905297817395e+18,Just going thru the drive Thru  getting a Popeyes spicy chicken sandwich but don’t want corona @jenwarner2012 @ Popeyes® Louisiana Kitchen https://t.co/RnOPt2aHJB,0.2,april10_april11
119,1.2484913810828739e+18,"Just like Corona #flashbackfriday still a keep 🙃 #YEAUUU 🤍 @ Staten Island, New York https://t.co/59BLZAq5TA",0.5,april10_april11
120,1.248495065409794e+18,"Meanwhile in Manhattan, with  All the shit our essential workers have to deal with, why did this lady think it was cool to piss at the bus driver. It’s A crazy world, there Something in the Air.. #MTA #corona… https://t.co/xFXQ4BvsjW",0.0,april10_april11
121,1.2484988953797796e+18,"Corona Friday nights. Pizza wings growler of beer,, stop at rite aid for Easter egg dye. And maybe to stick up the teller @ Philadelphia, Pennsylvania https://t.co/s9U6Xvmv3A",0.3,april10_april11
122,1.2485042320276685e+18,"Slides for self assessment from #Teledoc for #covid #corona #coronavirus feel free to share. Be safe. @ New York, New York https://t.co/oz5g2OAtER",0.16666666666666666,april10_april11
123,1.2485055492824105e+18,"I’m back with the good doctor tonight. Tune is and let’s get the answers spreading faster than the virus. 
#Corona #Virus #Doctor #CoronaVirus #Covid19 @ Manhattan, New York https://t.co/RqeQfPPcwD",0.0,april10_april11
124,1.2485081735830282e+18,"He said “I’m curvy. I’m curving Corona.” 😏 @ Greensboro, North Carolina https://t.co/7WSD5Hjkw9",0.0,april10_april11
125,1.2485107847343636e+18,"OMG!!! Dominic!!! You shouldn’t let your tío give you a haircut without a mirror!!! Corona please be finished soon so brother Israel can open izzys grill again and close his barber shop!!! Lol @ Sanger, California https://t.co/wUEmawGOsb",0.1,april10_april11
126,1.248513488013742e+18,"Everybody just #relax I’m in tight with #corona you need a couple of cocos 🥥🥥 or Avocados🥑🥑we go out on the streets for you🥥😷#tagiteasy #scarface #alpacino @ Long Beach, California https://t.co/H81ktu3l1g",0.203968253968254,april10_april11
127,1.2485141740173066e+18,"#busyinthekitchen Chocolate. raspberry filled  cupcakes with espresso buttercream and vanilla cupcakes with a boysenberry buttercream @ Corona, California https://t.co/AWzOqZC27I",0.5,april10_april11
128,1.248515595156566e+18,Corona CA Fri Apr 10th PM Forecast: TONIGHT Chance Of Showers Lo 45 SATURDAY Partly Cloudy Hi 66,1.0,april10_april11
129,1.2485156449428849e+18,"Getting there! #unicycle #unicyclelife #getitdone #getit #CoronavirusUS #coronavirüsü #corona #covid_19 #covıd19 #pandemic #epidemic #newskills @ Indianapolis, Indiana https://t.co/xBIEbg8jy7",1.0,april10_april11
130,1.2485172837959107e+18,Quarantine Sunsets in Miami. #therona #sunset #corona #dusktilldawn #nocturnalanimals #vamps #loveintimesofcorona #vampswithcurfew #venetianislands #miamibeach @ Venetian Causeway https://t.co/KE0J1GHifn,0.0,april10_april11
131,1.2485174158408417e+18,"A woman who went to Wexner Medical Center at Ohio State University claims that she was diagnosed with Corona virus without being tested. Posted by Abdul? Thoughts 🤔💭on this, would y'all consider getting maloraticed… https://t.co/BWAnjcf0OH",0.3,april10_april11
132,1.2485180426419282e+18,Corona virus celebration! - Drinking a Corona Extra by @GrupoModelo_MX @ Skip's Brewery &amp; Pub  — https://t.co/ndtlNUjAbi,0.0,april10_april11
133,1.2485195619739894e+18,"It’s my First Corona Closing!! Completely in compliance, a notary came to them and they picked up the keys from a lysol ladened lockbox. They also had their closing basket (pictured above) waiting for them in the… https://t.co/OJkDlolDzZ",0.15714285714285714,april10_april11
134,1.2485195866324214e+18,"Can’t nothing keep The Jacqi Bowe VaRieTy Show! from going on! Not  rain, not snow not no corona! My first! I do windows now! Nothing in the mandates that say you can’t have a blast while maintaining your six feet… https://t.co/BTTlqLJEDO",0.4866666666666666,april10_april11
135,1.248519769281532e+18,"This quarantine turning me into Joe Jackson 🤦🏽‍♂️😂😂😂
.
.
.
#llfruge #tallformyheight #mvpofnochildleftbehind #quarantinedad #jacksons #beyonce #Brooklyn #corona #corona #covid #fatherdaughter #florida @ Fleming… https://t.co/xmAhSg39hZ",0.0,april10_april11
136,1.2485207828394557e+18,And why not develop technology to allow US to vote by phone safely and free of Corona threat? https://t.co/QDDMvpSb7O,0.0,april10_april11
137,1.2485210824385946e+18,"Wisdom Nugget Blog: Happy Good Friday. During this Corona Virus Pandemic, I'am tapping in and flowing in Jesus's creativity from within. I hope you are doing the same as well. There is a Time for everything. Here is… https://t.co/2eAHAjxPlR",0.0,april10_april11
138,1.2485223812678e+18,Mr. Galo’s 6pm hiphop class dancing from the comfort of their own home🤩🤩🤯 Nothing’s going to stop them from spreading the arts!!🤪🥺 #hiphop #hiphopdance #dance #arts #home #stayhome #stayhealthy #staysafe #corona… https://t.co/WomuP3mXyD,0.2,april10_april11
139,1.2485232058049864e+18,Each problem has a solution. All experiences are opportunities for you to learn and grow.🤪🤪🤯🤩 #problem #solution #flight #flexibility #stretch #aerobatics #stayhome #stayhealthy #staysafe #corona #virus #coronavirus… https://t.co/WXI2Ml0tv2,0.0,april10_april11
140,1.248523964416131e+18,"You don’t have a corona problem!! @ Middletown, Connecticut https://t.co/Z4ijIB8ZA3",0.0,april10_april11
141,1.2485250328227185e+18,"as our in-corona-tion continues, i find myself unwittingly honoring my dear departed with my cooking… my mom used make me a version of this spinach-feta pasta (presented here with a couple… https://t.co/T7dDLyPNOu",0.0,april10_april11
142,1.2485264394582467e+18,"Killed him again tonight y’all! Beat him so bad made him go hide his face 🤣🤣🤣🤣🤣 #uno #unoGOD #fatherhood #corona #tellemblancosentya @ Glen Allen, Virginia https://t.co/rKAGpQ3WtS",0.03333333333333333,april10_april11
143,1.2485272001455964e+18,"#corona in my hands now it’s gone 😏 🍺 @ Kissimmee, Florida https://t.co/OWrdBxeBSL",0.0,april10_april11
144,1.2485287178041795e+18,How about if they #LetUSVoteByPhone? No corona issues and easy to do polls and then voting? https://t.co/BLA3LS5zZo,-0.09375,april10_april11
145,1.2485291536971653e+18,"Well other than the pieces the dogs ate, we finally finished our 2,000 piece Corona Stay-At-Home puzzle. Yay! #puzzle #shelterinplace #workfromhome #homeentertainment #jigsaw @ Seattle, Washington https://t.co/ODO9xVr35L",0.04545454545454545,april10_april11
146,1.2485294767005164e+18,"I guess my phone didn’t get the #corona memo. 😩 Sad reminder of what we are all missing out on. You better believe when this is all over, I’m signing up for all the shows! Every one of them! And I can’t wait!… https://t.co/uxAmgBYFIw",-0.08571428571428573,april10_april11
147,1.2485325950858404e+18,"🇺🇸 US

🔮: 10📆 46,985💀
🔮: 128📆 10,177,250🤧 142,482💀

🦠x2: 8.4📆

❤️ Every Life Counts, Pls #StayAtHome

🏥: https://t.co/an5Q5LWRAu
📈: https://t.co/7II8TOvToR

🕛 11/04 #CovidUS

3/4",0.1875,april10_april11
148,1.248534172324561e+18,"Not my usual session but a girl has got to do what a girl has got to do during corona time! 🐮 I miss people 😫

#morgantownky #farmerswife #babycalves #keenfarm #calves #spring2020 #corona #covi̇d19… https://t.co/ykuemwKv1x",0.037500000000000006,april10_april11
149,1.248534971469443e+18,"Be safe everyone❣️
Xoxo❤️
*
#saferathome #stayhome #socialdistancing #corona #covi̇d19 #lacountystrong #la #malibu #california #wecandothis #supporteachother @ Malibu, California https://t.co/wnmzsGSUCl",0.44,april10_april11
150,1.2485373057338737e+18,"Follow @DaddyDaughterTi for #DailyFunnies
👆🏾ClickFollow &amp;/or a “😂”👆🏾 
.
#breakingbad #breakingnews #tidepod #toiletpaper #walterwhite 
.
Upcoming Shows:
-They are normally posted here but #TheRona #aka #Corona… https://t.co/ApFRKDUoGN",0.2,april10_april11
151,1.248537736459387e+18,"A cold windy day!  The corner store was closed - they never close. I didn't panic knowing Crist'y she probably  took a pause. I believe  to praise God for the increase sells!

It's  another episode of ""My Corona… https://t.co/JpETRkLaPj",0.05000000000000002,april10_april11
152,1.248537954487763e+18,Got the CORONA https://t.co/BbtQA81vdC,0.05000000000000002,april10_april11
153,1.2485381476269957e+18,Got some footage #precorona and jackeberg came thru with the quarantine edit! 🙈😬 more to come when the time is right 🔥 #español 🇪🇸 Tomamos unos videos antes del #corona y jackeberg lo edito duranten la #cuarentena 🙈😬… https://t.co/RZe3KCPokX,-0.11666666666666667,april10_april11
154,1.2485381577144115e+18,"On the Blitz Tv 📺 
Update -
April 10t 2010 AC
(*AC *After Corona)

I'm posting right now just to check in with everybody and say I'm not one to fear monger or be too deep in the conspiracy theories but I get lost in… https://t.co/gqW5DdOFZP",0.22500000000000006,april10_april11
155,1.2485441090291794e+18,"Even in Animal Crossing no one's safe from Corona @ Jersey City, New Jersey https://t.co/6bMjIxsBrB",0.0,april10_april11
156,1.2485444568669676e+18,"Want some free good karma? Please like and share this post to support a local small business in Corona.  
 Another local restaurant trying to serve hungry Corona residents is Panchito Tacos/T&amp;H Liqours at the corner… https://t.co/NOq9A0boyD",0.0,april10_april11
157,1.2485451808122716e+18,Face the #plandemic head on 👊 #corona #immunity @ The Adams' Home https://t.co/yA5GT4Eduy,0.0,april10_april11
158,1.2485457543371612e+18,"How to create a home made mask during this coronavirus crisis 😷 Tag ur friends to help them out lol stay safe 

#corona #quarantine #quarantineradio #explore #justcomedy @ Quarantine https://t.co/NPEGivw2JJ",0.0,april10_april11
159,1.2485484695030333e+18,"#portrait #streetphotography #streetportrait #nyc #newyork #corona #coronavirus #covid19 #mask #protection #nikon #nikonphotography #fillflash @ Times Square, New York City https://t.co/LQ93NL95Qt",0.2,april10_april11
160,1.2485488517384274e+18,"The Book Cover https://t.co/9mzaVnODo9 https://t.co/vIwXmYSGJL #iactingamerican #conscious #book #novel #corona #instagood #acting @ Manhattan, New York https://t.co/hzSfUJnl73",0.0,april10_april11
161,1.2485492947239977e+18,"A ninja in the streets, corona virus negative in the sheets. 

#staysafe #outchea #maskon @ Los Angeles, California https://t.co/7d8SzKVW7J",0.0,april10_april11
162,1.2484574934762824e+18,"🇺🇸 US

🔮: 10📆 49,043💀
🔮: 129📆 10,399,768🤧 145,597💀

🦠x2: 8.6📆

❤️ Every Life Counts, Pls #StayAtHome

🏥: https://t.co/an5Q5LWRAu
📈: https://t.co/7II8TOvToR

🕛 11/04 #CovidUS

3/4",0.015,april10_april11
163,1.2484587101893632e+18,"#kobe #kobedaughter #msdolce #wagyu #bape #veneno #bully #exoticpets #petlovers #americanbully #tricolorbully #miagiblood #htown #texas #quaratine #corona #2020 #guerrabullies @ Jersey Village, Texas https://t.co/9hp7dqpTJb",-0.25,april10_april11
164,1.2484609701810586e+18,"#staysafe #covid-19 #corona #colonialpropertymanagement has temporary new hours until further notice due to Clovis-19. Monday-Friday 8:30AM to 3:00PM @ Harker Heights, Texas https://t.co/7clNfr9r5D",0.1,april10_april11
165,1.2484637816062525e+18,There we are. Delighted with ourselves on #bourbanstreet before #corona shagged it all up. @ Bourbon Street / French Quarter https://t.co/LgzDDMqM6t,-0.0888888888888889,april10_april11
166,1.2484673120147988e+18,"Corona Friday HH with friends! #socialdistancing @ Cedar Mill, Oregon https://t.co/oaTNjXBi5T",-0.07777777777777779,april10_april11
167,1.2484682952184136e+18,"Corona virus can’t stop us... still putting in work.
FaceTime, Zoom, Skype shit just a phone call I’ll get you to work! @ Redondo Beach, California https://t.co/nCCStGDomd",0.006611570247933887,april10_april11
168,1.2484709195146977e+18,"Maybe he is coming to kill the corona virus
#godzilla  #saveusall @ La Mirada, California https://t.co/4PMKBWuYof",0.0,april10_april11
169,1.2484725924380058e+18,"Let's have some fun with Round house kick toilet paper challenge!!! :D  Tae-Bo instructor Marian
#toiletpaperchallenge #taebo #shelliekicks 
#billyblanksofficial1 stephanie_palazzo_taebo #martialarts #corona #etb @… https://t.co/5MECTBkaa9",0.13636363636363635,april10_april11
170,1.2484727308584755e+18,"#52 on top charts ALL GENRES 🏆 
GOAT TALK 2 
TRACK #2 “CORONA DEJA VU”
(PROD. By @TIMELESSCEO1 x @IsThatKHendrix ) @ West Tampa, Florida https://t.co/ALmqSjgRtE",0.0,april10_april11
171,1.2484733634098094e+18,"Y’all go to YouTube and watch Revolt, Diddy’s state of emergency address to black people about Corona in The African-American community. @ Atlanta, Georgia https://t.co/W2qLYgrLj2",0.0,april10_april11
172,1.248474767679574e+18,"Bare shelves: the time of #corona @ South Burlington, Vermont https://t.co/idfYhEOFfV",0.4454545454545455,april10_april11
173,1.2484753337050767e+18,"Sundays we go live! @djmluv @djmrdrenyc @djchino1 🔥🔥🔥 Tune in! #livestream #facebook #instagram #partyfromhome #stayhome #covid19 #corona @ New York, New York https://t.co/DsLEMZXsab",0.5,april10_april11
174,1.2484795905377772e+18,"A little bit of tonight’s livestream 😃 #livestream #goodfriday #davidcrowder #worship #church #gandlguitars glguitars #glguitars #kemper #guitar #quarentine #corona @ Denver, Colorado https://t.co/ySjwncwfHL",0.4095238095238096,april10_april11
175,1.2484870879988244e+18,"Sundays we go live! @djmluv @djmrdrenyc @djchino1 🔥🔥🔥 Tune in! #livestream #facebook #instagram #partyfromhome #stayhome #covid19 #corona @ Brooklyn, New York https://t.co/o3q3zBddbU",-0.03333333333333333,april10_april11
176,1.2484891919749612e+18,#mood When is this #corona crap going to end☹️☹️☹️ 🎥 taken with #gopro #hero4silver August 2018. #wdw #disney #waltdisneyworld #disneysprings #summer #florida #vacation #derekburgan @ Disney Springs https://t.co/ihWhHn79Ws,-0.15000000000000002,april10_april11
177,1.2484905297817395e+18,Enjoy this #rushhour break Essential Service this will be over soon. ginnigabu #sunset #sunsets #lockdown #corona #socialdistancing #freeway #overpass #traffic #highway #empty #110freeway #harborfreeway #interchange… https://t.co/5V6egaoiBT,0.2,april10_april11
178,1.2484913810828739e+18,"A little ray of color during these times.  
•
•
@abc7eyewitness @abc7community ktla5news @nbcla #abc7eyewitness #abc7community #nbcnews #ktla5news #rainbow #stayhome #corona #covid #coronavirus @ The Colony, Anaheim https://t.co/ciY5pyAmp3",0.5,april10_april11
179,1.248494479444566e+18,"Such a luxury to be home, sweet home ! 

Cheers 🐷🌴😎 @ Corona del Mar, California https://t.co/4TPcRJse4k",0.0,april10_april11
180,1.248495065409794e+18,"Corona Cooking Night 5

We've been eating very well this week, but I have to prepare some food for our family Easter party tomorrow so I needed something that's easy...so I took a page out of the American Public… https://t.co/Lc47s3X4w9",0.0,april10_april11
181,1.2484988953797796e+18,"Dinner tonight is a B.L.T. and a corona. Sponsored by Covid-19 @ Miami Beach, Florida https://t.co/GyznR8Yqed",0.3,april10_april11
182,1.2485025041211924e+18,"As the mood in New York City goes, so goes The Plaza .
.
.
.
#moody #moodygrams #citykillerz #cityscapenyc #rain #rainynight #nightvision #citylights #NightPhotography #coronavirus #corona #virus #isolation #COVID19… https://t.co/ox3CKTL7dY",0.1,april10_april11
