,id,tweet,sentiment,date
0,1.3060931863607665e+18,"AS AMERICA MARKS IT'S 200,000TH COVID DEATH, THE LEAST DJT COULD DO IS SHOW HIS TAXES, ITS BEEN FOUR YEARS, WHATS HE HIDING? 10 WEEKS TO GO, SO GET UP AND VOTE! @ New York, New York https://t.co/DPqr7lsH1V",0.3181818181818182,september16_september17
1,1.3060954808086364e+18,"As Second Wave Builds, U.K. Enters New Coronavirus Testing Crisis: Surging demand following the reopening of schools has generated a backlog of 185,000 tests, just as the pace of infections threatens to explode. https://t.co/zMMX8c6En9 (vía NYtimes) https://t.co/0H3U4roOQV",0.0,september16_september17
2,1.3060960282532905e+18,Bottom line: be humble and wear a mask. Please. https://t.co/cjjWIGltko,0.125,september16_september17
3,1.3060977433334743e+18,This is ancient photo taken in the covid era. @ Unscripted Durham https://t.co/mL7MIBkW68,0.5,september16_september17
4,1.3060977541674803e+18,Covid Strands Hasidic Pilgrims on Ukraine-Belarus Border: Hundreds of Jewish pilgrims seeking to travel from Belarus to Ukraine to visit the grave of a revered rabbi were barred from entering because of virus restrictions. https://t.co/WwbJsu8mwT (vía NYtimes) https://t.co/pT3MzPKIMM,-0.5,september16_september17
5,1.3061047897809347e+18,Trash https://t.co/43qVAVaX4Y,0.03333333333333333,september16_september17
6,1.306106172550701e+18,The first time you do something that don't sit well with my soul you can eat a dick and die cause you are no longer welcome in my world 😘 @ Quarantine Nola 2020 https://t.co/UJpjp4445o,-0.12,september16_september17
7,1.3061076662725878e+18,Date night in the world of Covid... Dinner &amp; Drive-In 🎥 🍿 🚘 🏟 #driveinmovie #latergram  #newmutantsdrivein #datenight #covidnights @ Rose Bowl Stadium https://t.co/RznfV43A7s,0.0,september16_september17
8,1.3061087608221696e+18,"Steve Bannon Is Behind The OBVIOUSLY Bogus, #EpicFail of a Study (that no one sane gave any credence to for a single second) That China Created #COVID.

It would be nice if one of our allies threw this Nazi down a dark hole... No one will come looking.

https://t.co/efJZVxhkeF",0.425,september16_september17
9,1.3061128550374728e+18,"Miami life b4 corona , me and my wife @mrsbenachi . Our first vlog that we were supposed to drop it last year drops today . Subscribe to my YouTube channel . @ Miami Beach, Florida https://t.co/5yYXoqL2Lk",0.175,september16_september17
10,1.3061166957198991e+18,Dinnertime with JM 🥰🥰🥰 #seafoodpancake #kimchipancake #ampalayaconcamarones #thankyouforthefood #stayhome @ Harbor City https://t.co/cwvV3i1zpt,0.525,september16_september17
11,1.3061179389449462e+18,"In Denying Minimizing Threat of Virus, Trump Again Downplays Pandemic: President Trump presented a view of the pandemic radically at odds with the view of public health officials, insisting again that the virus would disappear on its own. https://t.co/XcgcYgqanD (vía NYtimes) https://t.co/wGLbGDaDxb",0.05,september16_september17
12,1.306119511431471e+18,"Feeling good today. #whoop #sanantonio #sanantoniobikes #fixie #loveliveplay #outdoorfitness #pickleball #socialdistancing @ San Antonio, Texas https://t.co/HpIq1xeAro",-0.10625,september16_september17
13,1.306121020982526e+18,"Kaoi's cousin joined us for P/U &amp; S/U war (deck of cards dictate quantity).  
😎🤙🏼
#physicaleducation #workfromhome #distancelearning @ San Diego, California https://t.co/8CE6rGhUhO",-0.1,september16_september17
14,1.3061251616748954e+18,"#coronavirus truths.
Re-post from @deannshepherd @ Farmington, Utah https://t.co/6CN8TvSY7A",0.4226190476190476,september16_september17
15,1.3061259780920852e+18,Sideways... 🦠 #stupidpeople #stupity #stupityatitsfinest #viruscoronavirus #pandemic2020 #socialdistancing #godisincontrol #godblessamerica @ NOPA District https://t.co/3Tqf9ef6NO,-0.2,september16_september17
16,1.306126078679941e+18,"Late post...Pic from yesterday afternoon while in the store...

#plainoleharvey  #outandabout #selfieflow #maskflow #yankees #yankeesmask #yankeesfacemask #coronavirus #covid19 @ Fordham Road NYC https://t.co/5hsn75pq5I",0.0,september16_september17
17,1.3061332266419773e+18,"It feels good to come home from work and get surprised with an small birthday cake!! @ Hollywood, Florida https://t.co/KehbVt6V75",0.0,september16_september17
18,1.3061332441533972e+18,"Who agrees?? I’m OVER this year!  #covid_19 #overit #overitalready @ Coto de Caza, California https://t.co/8BR4SWc04j",0.25,september16_september17
19,1.3061431506337792e+18,Covid-19 updates in Overall Piedmont Area #traffic https://t.co/FWT2jwReVT,0.0,september16_september17
20,1.3061511404558377e+18,"Under Hurricane, Tornado, Flash Flood, &amp; Tropical Storm Warnings... whoooo hooo! Blown away for the next 8 hours or so... 🤪 (@ Quarantine At Home in Fort Walton Beach, FL w/ @po66132234) https://t.co/Cgw0OB0mQF",0.0,september16_september17
21,1.3061519849831383e+18,"Day 21 of the 25 push ups for 25 days to raise awareness for PTSD and it’s affects on people around the world! @paluanderson my man your up brutha! Let’s Go! @ Corona, California https://t.co/JwcKeTUr0e",0.390625,september16_september17
22,1.3061521098517914e+18,I died https://t.co/CCoL5Rpwqu,0.225,september16_september17
23,1.3061529448580014e+18,"Today #mask #masks #maskon #incognito #cocid19 #corona #coronavirus #bandana #protection #safe #houston #likeforlikes @ Houston, Texas https://t.co/8MrTTd98Pj",-0.05,september16_september17
24,1.306154717278544e+18,"Social Distancing #nba @ New Orleans, Louisiana https://t.co/1e7WtcF50G",0.0,september16_september17
25,1.3061549051204076e+18,I AM not chicken 🍗 I am walking 🚶‍♀️ on three broken bones 🦴 for three years and I predicted all of Heaven would vote #defundthepolice @lasdhq haaaa what did Police 👮‍♀️ think 🤔 Covid19 too haaaa @ Capitol Records https://t.co/QSCOb4x8Cj,0.1787878787878788,september16_september17
26,1.3060883292644844e+18,"The Surging Real Estate Market Continues to Climb: Earlier this year, https://t.co/2HDyRzfSyC announced the release of the Housing Recovery Index, a weekly guide showing how the pandemic has impacted the residential real estate market. The index… https://t.co/2NEbbG1k1y https://t.co/sjGLfN4mNv",0.5,september16_september17
27,1.3060894678753935e+18,This week has been a blur. Get it? #Instagay #PhillyGay #WorkingDung #wearamask #TooPretty @ Overbrook https://t.co/7hwTuicQ4Q,0.0,september16_september17
28,1.3060899528376115e+18,"#Coronavirus in the #DMV... DC, Maryland, Virginia: What to Know on Sept. 15...

 https://t.co/XaCWlJCrPZ",0.0,september16_september17
29,1.3060928620320236e+18,"Motherhood in a pandemic is priceless! It’s not easy, but we will get through this✍🏾 @ Columbus, Mississippi https://t.co/QYjPHJd0NL",0.75,september16_september17
30,1.3060930451384934e+18,#horseshoebend #arizona #westcoast #roadtrip Fun Times with my Queen Bee! Last trip before covid dawned on us... @ Horseshoe Bend https://t.co/DuovxGnz3z,0.0,september16_september17
31,1.306095514690216e+18,"AlittlemorningwalkupCovidAvenue,formerlyMAC,EastLansing.Thisisjustononestreet. #notfeelingsafe #covidiots @ East Lansing, Michigan https://t.co/o3R2EFe8WH",0.7,september16_september17
32,1.3060960282532905e+18,"Time to go home, back to #sanfracisco thank you IMC for the best pre-market the pandemic can let us have! @ Piedmont Triad International Airport (GSO) https://t.co/EC0QqkUr4B",0.125,september16_september17
33,1.3060967036369388e+18,Just posted a photo @ Flushing Meadows - Corona Park https://t.co/wdzWwqepBk,0.6,september16_september17
34,1.3060978966604268e+18,"Doing Clark English @ Oak Hills.  Hopefully we won’t have to say Worcestershire. Enjoy your middle of the week and WASH THOSE HANDS @ Montgomery, Texas https://t.co/Xsnhxg5hzA",0.0,september16_september17
35,1.306099002417406e+18,"A price war, a pandemic and a green energy transition have combined to spark the gravest crisis the oil industry has ever known https://t.co/nwfxNeMuGo",0.0,september16_september17
36,1.3060992162220933e+18,10/10 very sophisticated approach https://t.co/tiAB76Nkkb,0.0,september16_september17
37,1.306100802285695e+18,"Pandemic shade of pale...
#nofilter #mirrorselfie #bathroomselfie #boricua #latino @ Austin, Texas https://t.co/sVDimdh5uY",-0.15454545454545454,september16_september17
38,1.3061047897809347e+18,"Sue Barnes: ""I was Kaiser Permanente’s infection prevention director. I sanitize my nose and you should, too."" 

https://t.co/CYI5flpEIu",0.03333333333333333,september16_september17
39,1.306106172550701e+18,"We hope you have a reel-y good day! ⛵

#goodmorning #fortlauderdale #morning #coffee #southflorida #florida #september #fall #beach #sun #quarantine #wakeup #love #amazing #beautiful #laborday #lauderdale #photooftheday #coronavirus #wednesday #visitflorida #photography https://t.co/C1vWeH8Kv4",-0.12,september16_september17
40,1.3061076662725878e+18,How to Tame Your Snack Monster: The pandemic has disrupted kids’ normal snack habits. Here are small ways to bring back a flexible eating schedule. https://t.co/ebSrV6zhjR (vía NYtimes) https://t.co/OyOxJrMOug,0.0,september16_september17
41,1.3061082699084308e+18,"No Fans at the U.S. Open Changes Golf’s Revenue Picture: The tournament is the sport’s biggest moneymaker in the U.S., but this year’s coronavirus restrictions have lowered expectations. https://t.co/2dq0HSTsVR (vía NYtimes) https://t.co/yZYFtY2PdL",0.0,september16_september17
42,1.3061128550374728e+18,Corona NY Wed Sep 16th AM Forecast: TODAY Mostly Cloudy Hi 45 TONIGHT Partly Cloudy Lo 31,0.175,september16_september17
43,1.3061141154931466e+18,"Tell me who is older ? They are literally the worst co-workers ever . #cockerspaniel #workfromhome #struggle #wednesday @ South Amherst, Ohio https://t.co/6JlVgk83Pv",0.03333333333333333,september16_september17
44,1.3061195129036595e+18,"#wednesdaymorning. In case you missed or if you would like to review a Word entitled, “Making It Through the Pandemic Storms of Life.” Tune in now@ https://t.co/8GH3IOjhPu @ United States https://t.co/w0TqVwEoZr",0.1,september16_september17
45,1.306121020982526e+18,I William McCullough 3rd ‘  Today is a Beautiful day in Newyork City (  USA ) inspite of everything being Closed due to the Coronavirus. ( King ) (  Ace of Spade and King of Spade ) ( I BeBelIa -  I Habibi ) https://t.co/lvXPZMTNfa,-0.1,september16_september17
46,1.3061251616748954e+18,"Moved up the street around the corner. That lockdown made me see a few upgrades was needed 🙌🏽💯 #pandemic #2020 #newlevels #elevate #morning @ Dunwoody, Georgia https://t.co/HOS6vIXJjD",0.4226190476190476,september16_september17
47,1.3061307784561254e+18,"Just a big man, doing big man things. Quarantine has served @alexhammerstone well. Make sure to catch our shooting the Ish: interview with the man himself! 

Posted @withregram • @alexhammerstone Knock some blocks off https://t.co/fvATWjOOgQ",0.0,september16_september17
48,1.3061310695240827e+18,Will you get the vaccine? #power1017 @ Power 101.7 https://t.co/qaE1BZYBhp,0.5,september16_september17
49,1.3061332266419773e+18,"Even though I enjoyed working from home it feels great to be at work to see my coworkers 😊 @ Germantown, Maryland https://t.co/T9Up0VZomk",0.0,september16_september17
50,1.3061332441533972e+18,"📀📀📀 🌳 OUT NOW!!! 🌳📀📀📀 #viralvideos #2020 #lilbaby #lilwayne #hiphop #pandemic #coronavirus #kjmg #growinsilence #mindonamillion #yourpage #trending @ Los Angeles, California https://t.co/ywMdvcF5BU",0.25,september16_september17
51,1.3061333008058819e+18,SAGGING bed❓ 🛏〰️🛏FIRM it up with MATTRESS HELPER under mattress support -  Target🎯 Amazon  💤 Bedbath&amp;Beyond 💤 🇺🇸♻️ ⭐️⭐️⭐️⭐️⭐️ From $59. https://t.co/Wvk3oZI4eP #wfh #wanttosleep @ Mattress Helper https://t.co/EA7zHpwwOJ,0.0625,september16_september17
52,1.3061354304637092e+18,And so it begins!!  Our SGB (student governing board) is back in session albeit with social distancing guidelines in place ~ and a ton of fresh air for good measure! 💙 @ The Depot Youth Center https://t.co/bqZ64kaBmz,0.31666666666666665,september16_september17
53,1.3061459905509908e+18,"Covid-19 News: Live Updates: The president said at a town-hall-style event that the virus would disappear on its own and that the U.S. was “rounding a corner,” a view at odds with those of public health officials. https://t.co/MpJSbgxHpO (vía NYtimes) https://t.co/pEXpXoeELu",0.3499999999999999,september16_september17
54,1.3061474320787292e+18,Covid-19 testing site in Overall Piedmont Area #traffic https://t.co/FWT2jwReVT,0.25,september16_september17
55,1.3061504674125292e+18,"Attention all parents.❗❗❗❗❗
 This is important Information you should know!!!!!!!!!!!
Mask wearing for young children updates, Effective September 21.

For more info visit 
https://t.co/Cw13JsMAVF https://t.co/lqgHvqxmlz",0.01875,september16_september17
56,1.3061519849831383e+18,The Salvation Army of Kinston sets out to “Rescue Christmas” due to immense impact of COVID-19  https://t.co/SA5IOa7gkG,0.390625,september16_september17
57,1.3060873462538445e+18,Just our weekly reminder that we've got COVID-19 guidelines in place to keep you and ourselves as safe as we can. Please be respectful of our guidelines as they are here to keep you as safe as possible while visiting our establishment. #CAF https://t.co/8nLFk2JYjC,0.0,september16_september17
58,1.3060894678753935e+18,"Public Health will be providing free walk-up COVID-19 testing at Bethesda Temple on Tuesday, September 22 from 12PM to 5PM. No appointment, doctor recommendation, or registration is required. Protect your family, friends, and coworkers from potentially getting the virus. https://t.co/tKSd5BjD3U",0.0,september16_september17
59,1.3060899528376115e+18,"The Doctor is in...I recommend smoked and slow roasted Pork stat....Find us on Street food finder...#ohioproud #ohiopork #foodtruckmafia #forkresponsibly #wearamask #takecareofyourselfandothers @ Columbus, Ohio https://t.co/WY7XSXg1QU",0.0,september16_september17
60,1.306095514690216e+18,"So You Moved During the Pandemic. Now How Do You Vote?: Whether you’re staying at a second home, a college dorm, your parents’ house or just moving around, here’s where and how you can vote. https://t.co/kMcjsSL5LH (vía NYtimes) https://t.co/u5Yfd5DdAq",0.7,september16_september17
61,1.3060959788654592e+18,"We are settling in to working from home for the foreseeable future. We moved my supervisors “workspace” today. @ Burnsville, Minnesota https://t.co/sBjYgcw9Wp",0.25,september16_september17
62,1.3060975087502991e+18,"Watching paint dry on the yoga mat, on the Sharkway in Brooklyn. Age of Coronavirus. @ Windsor Terrace https://t.co/LdvRQDwAGJ",0.04545454545454545,september16_september17
63,1.3060978966604268e+18,College football fans have always been the worst and creepiest fans in sports but begging to see unpaid student-athletes play during a pandemic for 3 hours of entertainment a week was a gross new low.,0.0,september16_september17
64,1.3060992162220933e+18,"1. Solitude 2. Social Distancing 3. Shoe gazing 4. I have a high chew problem. This is in one day and these are only half the wrappers 🤣🤣🤣 @ Los Angeles, California https://t.co/uin7otcPFF",0.0,september16_september17
65,1.3061030551889797e+18,"Launching IN-PERSON midweek group tonight 6:30PM @familychurchnola 3233 Loyola Dr, Kenner! We’ll practice social distancing &amp; wear masks while still offering the option to join in via Zoom 😷📲💻 #JoinTheFamilyChurch https://t.co/Wz1EQSTRKM",-0.05000000000000002,september16_september17
66,1.3061061714224701e+18,"Lol pandemic p @ Bronx NY , 10473 https://t.co/8xCntSToNK",-0.05,september16_september17
67,1.3061076662725878e+18,"My new covid realty.   #workingfromhome2020 #workingfromhomelife #COVID #staysafe #joellerealtor #onesothebysrealty #Homeoffice #mylife#alaska #dog #sothebys #realestate @ Miami Beach, Florida https://t.co/zumNpXVp1v",0.0,september16_september17
68,1.3061087608221696e+18,"WFH Day 115: Grand Champ by @dmx 

#workingfromhome #socialdistancing #wearamask @ Perry Hall, Maryland https://t.co/PY4rNKpQRj",0.425,september16_september17
69,1.3061110834053898e+18,"Early morning appointment 
#mask #wearamask #masks @ Duke Center for Metabolic &amp; Weight Loss Surgery https://t.co/a5O6Zd3RoJ",0.08409090909090909,september16_september17
70,1.3061118283474534e+18,"Silver lining to all the nonsense of 2020...working from home gives us the opportunity to walk this Guy to school in the morning. #Team_JjJ @ Westfield, New Jersey https://t.co/BXTv8rL4Cx",0.0,september16_september17
71,1.3061124140947005e+18,"No mask. I’m exposing you. #nomask #nomasknoservice #wearamask #nyc #nycsubway #mtasubway #fyp #xyzbca #mta @ New York, New York https://t.co/g36RkPIOWb",-0.3,september16_september17
72,1.3061128550374728e+18,"Second day of my work week. 🙂 #work #workfromhome #teaching #teachingonline #onlineteaching #onlineclasses #ready #positivevibes #library @ Orlando, Florida https://t.co/d4UHp3tT0S",0.175,september16_september17
73,1.3061141154931466e+18,"Pinche Covid en Miami Beach, Florida https://t.co/MqfTKeQ28o",0.03333333333333333,september16_september17
74,1.3061152299908055e+18,COVID testing for the @georgiatechband on game week. I ❤️ this band. @ Georgia Tech https://t.co/zvBOvU5y3R,0.0,september16_september17
75,1.306119511431471e+18,"COVID Testing (@ John D Millett Hall - @miamiredhawks in Oxford, OH) https://t.co/ersuiObNnc",-0.10625,september16_september17
76,1.3061195129036595e+18,"Lorenzo set to return to the Yamaha at Portimao tests in October: Confirmation came from team manager Meregalli: ""When the pandemic broke out the test program in Europe was cancelled, we will be there in Portugal"" https://t.co/NdPLCCSrCM https://t.co/tgv6Lb6ai3",0.1,september16_september17
77,1.306121020982526e+18,"#TraitorTrump’s Nevada Rally Is a Mockery to Millions… It flies in the face of CDC guidelines and insults all Americans who have sacrificed to slow the pandemic’s spread, and the millions who have lost a loved one to the #TrumpVirus!

 https://t.co/I1eWp9f7Vq",-0.1,september16_september17
78,1.3061251616748954e+18,Now that you finally got some color after all the Covid quarantine don’t let it fade! Fall is one of the best times to tan! #immuchnicerwhenimtan #fallsweatersdeserveagreattan @ Sun Dazed https://t.co/o4rth4zuUw,0.4226190476190476,september16_september17
79,1.3061259780920852e+18,"Hola amigos 
If you feel comfortable, come out to @lavitadolcesv today from 6-8 to hear some tunes. @tjinfinat will be with me and we will have some fun. 
#wearamask #winewednesday #blue #humpday #indigo https://t.co/FmGIkuTRex",-0.2,september16_september17
80,1.306126078679941e+18,"Sadly it's canceled due to dam Corona @ San Gennero Feast, NYC https://t.co/ATbnF2wtc8",0.0,september16_september17
81,1.306129392070992e+18,"@analiesescozycorner #firstdayofkindergarten #remotelearning while I #wfh everyone go an wish #my baby a #happyfirstdayofschool and go #follow her on #youtube and if!!!!! @ Queens, New York https://t.co/yDgWD7N6DU",0.0,september16_september17
82,1.3061332441533972e+18,Just posted a video @ Flushing Meadows - Corona Park https://t.co/yI1C4ahsvG,0.25,september16_september17
83,1.3061413598757847e+18,"The Surging Real Estate Market Continues to Climb: Earlier this year, https://t.co/D0OKFOLVuB announced the release of the Housing Recovery Index, a weekly guide showing how the pandemic has impacted the residential real estate market. The index… https://t.co/hSJiYr9LDg",0.2,september16_september17
84,1.3061420354521498e+18,"Yay we’re on our way!!
•
•
@disney @waltdisneyworld #disney #disneyworld #magic #travel @southwestair #airplane #covid #covidtravel #covidflying @ Southwest Terminal-Dallas Love Field Airport https://t.co/MdsqqyLSHT",0.0,september16_september17
85,1.3061444878492385e+18,"At least working from home is comfy @ Tracy, California https://t.co/u2zmAjyC6B",0.0,september16_september17
86,1.3061474320787292e+18,"Bill Gates says he struggles to trust the CDC and FDA because Trump officials with 'crackpot theories' and foreign enemy agents have sidelined top-notch experts!

 https://t.co/QaGvEedfTT #PublicHealth #Health #Medicine #BioTech #Data #COVID19 #Coronavirus #Pandemic",0.25,september16_september17
87,1.3061488311683482e+18,"I see a lot of you trying, but not getting it right. This is the way #wearamask #babyyoda #mask #allinthistogether @ Sherwood, Oregon https://t.co/IJ8t3tMXqY",0.0,september16_september17
88,1.3061504674125292e+18,"Man I love working from home @ Livonia, Michigan https://t.co/Np9H4lYPzt",0.01875,september16_september17
89,1.3061511404558377e+18,"9.15.2020 
6 New Positive COVID-19 Test Results in Hunt County. @ Greenville, Texas https://t.co/e6Vgj2wxgJ",0.0,september16_september17
90,1.3061519849831383e+18,"This is what the flash on the camera just revealed to me.....  Fog?  Smog?  Dust?  Spirits?  [Insert erie music].  #GodSaveTheQueen #WearAMask #NotTodayCoronaBitch #Duall2020 @ Parkland, Washington https://t.co/EqwSo07UK2",0.390625,september16_september17
91,1.3061521098517914e+18,"Party Selfies and Hazmat Suits: Inside SUNY Oneonta's Coronavirus Outbreak: More than 670 students, about 10 percent of the population at SUNY Oneonta, became infected, forcing the campus to be shut down. https://t.co/ztO8AgdnoF (vía NYtimes) https://t.co/JhZjLlvInA",0.225,september16_september17
92,1.3061522706194555e+18,"Huddy telling Covid-19 “welp, your time about up chief” @ Washington D.C. https://t.co/3GaczJPJVl",0.0,september16_september17
93,1.3060873462538445e+18,"https://t.co/q1bIRBjDj8 The vast majority of children dying from COVID-19 are Hispanic, Black or Native American, according to a new report from the Centers for Disease Control https://t.co/h6XaNnEHXN #atx #austin #all512",0.0,september16_september17
94,1.3060883292644844e+18,"She would NEVER want me to be sad on my birthday.

For you grandma. Sleep in peace.

#nopainnogain #workout #focus #therapy #allblackeverything #fitfam #virgo #sweatsession #trusttheprocess #underarmour #wearamask https://t.co/txKtrWZ6eJ",0.5,september16_september17
95,1.3060894678753935e+18,"#TB❤️! #GrandOpening x @taochicago❤️! Can’t Wait For This #Reunion When #covid_19 Is Over @relationshep👊🏻! - #XOJL, @landantwin @ TAO Chicago https://t.co/7MtrcDy695",0.0,september16_september17
96,1.3060899528376115e+18,"Just posted a photo @ Corona, California https://t.co/5lBEWqOoIt",0.0,september16_september17
97,1.3060928774752788e+18,"In for service and recall 

#recalls #hondacivictyperfk8 #fk8 #typer #civictyper #lawnmower #vtec #garagecar #dirty #covid19 #1stservice #lowmileage @ Rt. 22 Honda Parts &amp; Service https://t.co/6JWhZ1fToM",0.26666666666666666,september16_september17
98,1.3060944990646682e+18,"My 8th #14er of the year and my life! #Colorado #hiking #2020 #Pandemic (@ Torreys Peak in Dillon, CO) https://t.co/kaVaUMPGKm https://t.co/P1XwenLzXp",0.75,september16_september17
99,1.3060954808086364e+18,"Brooklyn Museum to Sell 12 Works as Pandemic Changes the Rules: Museums selling their art has long been frowned upon, but recent financial pressures have sent works to the auction block at Christie’s. The proceeds would pay for the care of… https://t.co/mMOw5R3X9Y (vía NYtimes) https://t.co/GpBO87ANuk",0.0,september16_september17
100,1.3060959788654592e+18,JPMorgan Sends Workers Home After Coronavirus Case: Sending workers home after a colleague tests positive for the coronavirus will be a fact of life for months to come. https://t.co/ZquqA85RGi (vía NYtimes) https://t.co/w4VVEHOwBb,0.25,september16_september17
101,1.3060967036369388e+18,Millennials Hit Hardest by Coronavirus Recession https://t.co/kdXQK9BmY3,0.6,september16_september17
102,1.306098132581712e+18,"We Must Act Now: ‘Hungry Families Can’t Wait’: “Congress and the Trump administration must act immediately to flatten the curve on our hunger crisis and get our economy moving by making increased investments in SNAP,” a reader writes. https://t.co/MBn7ZyBshC (vía NYtimes) https://t.co/spRvJ1gap5",0.0,september16_september17
103,1.306099002417406e+18,Quarantine Day 188 (@ The Acres in MI) https://t.co/TEmFPgn0Js https://t.co/ar8I5SIMok,0.0,september16_september17
104,1.3060994497693327e+18,"When all your trying to do is a be a super saiyan during a pandemic.  

#ssj #vegeta #maskon @ Downtown Indianapolis https://t.co/9No1frxEXd",0.0,september16_september17
105,1.306102725860442e+18,"Just a little non political non Covid related post to brighten your day. Momma Larry loves you and so do the fur babies. Happy hump day, y’all! @ Larry's Downtown Breakfast and Brothel https://t.co/4IbBInRDZQ",0.0,september16_september17
106,1.3061047870462935e+18,"When this pandemic ends...
Allah continue to protect me from the fake @ Oakland, California https://t.co/b6Kr7HKzGo",0.05,september16_september17
107,1.3061047885940408e+18,"Changing it up, keeping it interesting, and still getting the job done! Bottom line the work is still the work! Let’s Go! #babybeast #af5memories #oldmanstillgotit @ Corona, California https://t.co/yTVpjo6EUa",0.25,september16_september17
108,1.3061061714224701e+18,Corona CA Wed Sep 16th AM Forecast: TODAY Hazy Hi 99 TONIGHT Hazy Lo 65,-0.05,september16_september17
109,1.306106172550701e+18,"😂😂😂😂💯 #TooSoon #covid_19 #socialdistancing #NBA #lakers @ Moorpark, California https://t.co/LGHVzn2Xrh",-0.12,september16_september17
110,1.3061076662725878e+18,"💯% it's as I've expected from statistical data and analytics of the pandemic and blm related situations.  Actions define a person, and collectively define a society, not words. #behumane @ Sacramento, California https://t.co/86MDpL9TWk",0.0,september16_september17
111,1.3061082699084308e+18,"Albion College has people who work in the frats that refuse to wear a mask STILL. #albioncollege @albioncollege #frats (@ Family Fare Supermarket in Albion, MI) https://t.co/pO1CFetgX0",0.0,september16_september17
112,1.3061087608221696e+18,"""Covid feces"" (Civic Center Tenderloin, D3) https://t.co/tv5sConZdN https://t.co/sUGkWOfaS0",0.425,september16_september17
113,1.306109572411568e+18,"Hard disagree, Commissioner. https://t.co/rWIMXEsout",0.3,september16_september17
114,1.3061110834053898e+18,"The look of music class during online school. #hybridschool2020 #onlinlearning #homeschool #teachersarethebest #covid19schoolyear #thisiskindergarten @ West Orange, New Jersey https://t.co/BFiPejpkOs",0.08409090909090909,september16_september17
115,1.3061113544373494e+18,"Just posted a photo @ Corona, California https://t.co/5yYqPgswFK",-0.05,september16_september17
116,1.3061124140947005e+18,"We had a visitor today. He stole a fish off the stringer. He is letting me sit and watch. Social distancing at 12 ft....lol. @ Blue Ridge Shores, Virginia https://t.co/UpZi3oiRTO",-0.3,september16_september17
117,1.3061141154931466e+18,"RIDE. RETURN. REPEAT. 🚴‍♂️🚴‍♀️
-
Rent a BCycle and enjoy the nice weather! 🚲☀️ Safety is our #1 priority please wash your hands before &amp; after every trip, avoid touching your face, put distance between you and others, &amp; download the BCycle app to check out a bike! https://t.co/y7gBvauhvG",0.03333333333333333,september16_september17
118,1.3061166957198991e+18,"Don’t let your guard down, wear a mask

From: @latinohealthaccess 

Hashtags: #dtsa #santaana @ Santa Ana, California https://t.co/3W9eECOuVe",0.525,september16_september17
119,1.3061179389449462e+18,"So happy 🥳 #pod #familypod #chosenfamily #grateful #safetyfirst #smallgroups #covid_19 #outdoordining #staysafe #hugs #openair #onaboat #boatbar @ New York, New York https://t.co/J6OnZEgzAq",0.05,september16_september17
120,1.306119511431471e+18,"Telework Day 120: Penelope saw the phone and clearly wanted a super close up today. (Don’t mind my unfolded sheets/socks...😬) #catsofinstagram #quarantine #telework @ Columbia, Maryland https://t.co/Ugjd3u2UxH",-0.10625,september16_september17
121,1.3061195129036595e+18,Why Unemployment Claims May Be Overcounted by Millions: Weekly tallies of jobless claims were not meant to be treated as an economic indicator. The pandemic has exposed the shortcomings of doing so. https://t.co/NOtHVxxk1n (vía NYtimes) https://t.co/foBdsyZDbI,0.1,september16_september17
122,1.306121022819586e+18,"Home schooling at the Brown house got crowded. Maverick had to come to work with daddy #Mavyboo #mma #homeschooling @ Pembroke, Massachusetts https://t.co/MjS19DAixs",0.4,september16_september17
123,1.30612578413065e+18,Miss traveling. Miss just having fun without worrying about anything. Miss this group ❤️ #memories #2020 #quarantine @sharuparu @feebiejeebies @nhuqabrar @fazeem @kmagrini1 @alisaladin @zurely @pauleenazeem @rozanakarle https://t.co/tBbfcuhfPz,0.4,september16_september17
124,1.306126078679941e+18,"No more distractions now!  Alone, there are no excuses to do what I love. Raise my boys and live an amazing life. And it starts in the seclusion of a pandemic #brewery #artistslofts #dtla @ The Jesus Wall https://t.co/Imi9BTEAUN",0.0,september16_september17
125,1.3061267625192858e+18,"@poke.guru poke bowls makes pandemic life much better.  If you haven't already come down to City Market and top of second floor come check them out! 

#poke #bowl #yummy #humpday @ Indianapolis City Market https://t.co/ovcFyCIeOJ",0.0,september16_september17
126,1.306130906046804e+18,"Riding to my appt 😉🚗🚗

#riding #snapchat #fun #jammin #quarantine #wearamask #mexicana #latina #single #dallas #Texas #blonde #black #goddessbraids #longlashes #healthyskin #moneybagyo 🎶 @ Dallas, Texas https://t.co/kdRFcZQ44W",0.0,september16_september17
127,1.3061310695240827e+18,"Back to making #powerlunch at home! I’ve posted this combo before but it’s one of my favorites. More like a #WFH lunch staple. Super easy and tasty!

#20minutemeal #healthycooking #salmonrecipe #goodfats https://t.co/5xCiiBYXXm",0.5,september16_september17
128,1.306131325418713e+18,"Wednesday September 16, 2020 for those losing track of time. Be safe, stay healthy, wear a mask. @ Brandywine Park https://t.co/QswOlcoTDY",0.0,september16_september17
129,1.3061332441533972e+18,"https://t.co/q1bIRBjDj8 This post has local news on the coronavirus pandemic from Wednesday, Sept. 16. If you have a news tip or question, email us at news@KUT.org . https://t.co/Bl4WaouHki #atx #austin #all512",0.25,september16_september17
130,1.3061333008058819e+18,"First time since I got #covid_19 the 2nd week of March that I’m #feelingmyself. @ New Orleans, Louisiana https://t.co/jVVzKHPNZN",0.0625,september16_september17
131,1.3061333704438907e+18,"This is the best way to social distance when you have SWAT training, wear a gas mask.  #PauldingSheriff #PauldingSWAT #GasMask #SocialDistance @ Paulding County, Georgia https://t.co/W3SDonbc3d",0.25,september16_september17
132,1.3061413598757847e+18,Not the news I needed today https://t.co/Xk1jr26bPh,0.2,september16_september17
133,1.3061420354521498e+18,Presenting from home #wfh @ Arbor Landing at Lake Jackson https://t.co/oN1VQ0T93h,0.0,september16_september17
134,1.30614257527185e+18,"CDC recommends hand sanitizer when soap and water not available.  We have Gel sanitizer in stock! 8 oz, 16 oz and 1 gallon. Each bottle includes a pump!
#sanitizer #Afflink #Affex
https://t.co/lzintngLYH https://t.co/0jsMfqGLNh",0.13645833333333332,september16_september17
135,1.3061431506337792e+18,Choir practice during COVID. @ University of Minnesota Duluth https://t.co/spMQ2XwK0X,0.0,september16_september17
136,1.3061488311683482e+18,Trump surrenders to math and Nancy Pelosi on coronavirus stimulus  https://t.co/PoyozdzmbO,0.0,september16_september17
137,1.306150070564393e+18,"@bet letting folks know how folks in Inglewood #keepthatmaskon 

#Inglewood #MaskOn #future #readyinglewood #COVID19 @ Inglewood, California https://t.co/BeMXCrMmQp",-0.034090909090909095,september16_september17
138,1.3061504674125292e+18,"#firstdayofschool #firstdayofmiddleschool #stilllaughing Despite a mask and despite a pandemic! She is inspiring me to find the #silverlining 💜💜💜 @ Austin, Texas https://t.co/ZNCLOdINSk",0.01875,september16_september17
139,1.3061519849831383e+18,"""A public trashcan is desperately needed at the end of Key Avenue, where it dead ends at the beginning of Bayview Park. Every other public park seems to have a trashcan, but this one has nothing. Since COVID-19 there are more pe..."" (Bayview Heights, D10) https://t.co/XGRqne07rH",0.390625,september16_september17
140,1.3061522706194555e+18,"1027 Dalebrook Alexandria from 5-7pm, pre-order here👉https://t.co/yRlQo0xtEv #va #socialdistancing #staysafe #stayhealthy #eatwell #indonesianfood @ SATÉ TRUCK https://t.co/dGcODqfKXB",0.0,september16_september17
141,1.306087316814e+18,"Thanks to @rocknhorrorapparel for these awesome Shining themed masks! Please check out their Etsy shop! https://t.co/TcmSHgqjco #covid_19 #theshinning #redrum #overlookhotel @ Fall River, Massachusetts https://t.co/kaKYb8X50u",0.0,september16_september17
142,1.3060875553440113e+18,"All dressed up for an outing with the pawrents. 👒🧣
#nala #bixley #naladoodle #nalabears #buddies #professorbix #sandiegodoodles #goldendoodle #rescue #instawoof #nektarjuicebar #socialdistancing @ Del Mar, California https://t.co/RCBJTMLZqc",0.25,september16_september17
143,1.306087938380501e+18,We urge customers challenged by the financial impact of COVID-19 to contact us to set up a payment arrangement plan at https://t.co/4Oj1y1KSWN. https://t.co/7x8Lj6cJLN,0.08484848484848484,september16_september17
144,1.3060894678753935e+18,"One of us needs a haircut, but both of us are NY Smart #wearamask #nysmart #smartingeneral #ilovecats #catsofinstagram #nyc @ NYPL The New York Public Library https://t.co/QT82BvZ3zB",0.0,september16_september17
145,1.3060899528376115e+18,"Ah, the joys of homeschooling! #homeschool #homeschooling #homeschoollife #homeschoolmom #acellus #acellusacademy #acellushomeschool #acellusacademyonline @ East Windsor, New Jersey https://t.co/9P4neU5gJ6",0.0,september16_september17
146,1.306091206519087e+18,"#womancrushwednesday Repost from @kickchick__
•
Lockdown training in full swing 💪🏽 @centurymartialartseurope @ New York, New York https://t.co/ADE9Wp2uor",-0.041666666666666664,september16_september17
147,1.3060931863607665e+18,"Click the link in our bio to see currently open #Education jobs like ""Music Teacher, Master"" at Music &amp; Arts in Corona, CA. #musicteacher",0.3181818181818182,september16_september17
148,1.3060944990646682e+18,"We be dropping bodies at the LA River 🎥 

@jon_barto @mbui2012 @artyparty8 @buistudios #filmcommunity #shooting #Corona #virus #video #inprogress #gopro #videooftheday @ Long Beach, California https://t.co/PVP5oraOdX",0.75,september16_september17
149,1.306095514690216e+18,Covid-19 testing now available.  Link in our bio! @ Atlantis Pharmacy https://t.co/KSPKZ6j3JK,0.7,september16_september17
150,1.3060959788654592e+18,Coronavirus cannot stop the new cut. Sometimes just need that touch up and one of the best shops in Raleigh. #brandnewme @ Billionaire's Barber Shop Midtown https://t.co/rpnIgq2KDE,0.25,september16_september17
151,1.3060960282532905e+18,"Been painting &amp; stuff during pandemic...hope you enjoy and you feel this is not invasive to tag you with...Blessings ~ Dino @ Goshen, New York https://t.co/Xd1SfiIDWG",0.125,september16_september17
152,1.3060964440639283e+18,"@mountdora made delivery of hand sanitizer to our business today to make sure we are all doing our part to keep safe!  #handsanitizer #safecity #mountdora @ Mount Dora, Florida https://t.co/OglhO7Hixg",-0.08333333333333333,september16_september17
153,1.3060967036369388e+18,COVID-19 update @ Gristedes Supermarkets #059 https://t.co/GGJGqqFhN2,0.6,september16_september17
154,1.3060975087502991e+18,https://t.co/q1bIRBjDj8 Updated at 4:40 p.m. ET Top Trump administration health officials testified Wednesday that a vaccine for COVID-19 is not likely to be widely available https://t.co/wx9tqo5clh #atx #austin #all512,0.04545454545454545,september16_september17
155,1.3060975204229734e+18,"Pre pandemic Times Square. #timessquarenyc @ Times Square, New York City https://t.co/4RnI9uDJCg",0.3,september16_september17
156,1.306098132581712e+18,"""All our dreams can come true if we have the courage to pursue them."" --Walt Disney

#teamwork #healthylifestyle #workfromhome #take #action #persevere #grow #inspire @ The Woodlands, Texas https://t.co/gvHyFqINIP",0.0,september16_september17
157,1.3060989762239447e+18,"Please be responsible on this planet. We gave added Three One G basks to our web store, available at https://t.co/k2F6SKUVoz or at the link in our bio. #threeoneg #covid_19 #responsibility @ San Diego, California https://t.co/Gfk57t8oxA",-0.2,september16_september17
158,1.306099002417406e+18,"Everyone posting their first day back to school pictures. This is day 43574378 of working from home during a pandemic. @ Los Angeles, California https://t.co/99CJRdx6an",0.0,september16_september17
159,1.3060992162220933e+18,Wow! We are so honored to be chosen by @AsmTbh  as Nonprofit of the Year in District 76 for our dedication and innovation providing services and programs to youth during school closures due to the pandemic. Thank you! #CalNonprofits #CANonprofitofYear2020 #NonprofitPower #CALeg https://t.co/dPekQTaFoz,0.0,september16_september17
160,1.3060994497693327e+18,"Dude!  I’m cleaning out the dead leaves from my #fairygarden !  #mylife 🤦🏻‍♀️ @ Corona, California https://t.co/hdrArtzVt1",0.0,september16_september17
161,1.3061004414203044e+18,"Nice! Easy drinking, smooth and fruity. Little hops at the end.😎👍 - Drinking a Straight Outta Quarantine NEIPA by @PipeDreamBrewin @ Godwin Grand Resort and Spa  — https://t.co/PQ3vWkJ3gd",0.0,september16_september17
162,1.306100802285695e+18,Next level virtue signaling. #giveblood #wearamask #eatoreos @ Cascade Regional Blood Services https://t.co/H5OBR016Tn,-0.15454545454545454,september16_september17
163,1.306102725860442e+18,If a lion can wear a mask so can you #fortitude #newyorkpubliclibrary @ New York Public Library and Bryant Park https://t.co/PK521fckhx,0.0,september16_september17
164,1.3061030551889797e+18,"Rari, matte black
Rari, matte black #consent #quarantine #music #linkinbio #newmusic #newmusicalert #consent #334 #alabamaartist @ Phenix City, Alabama https://t.co/mJETPkBV1q",-0.05000000000000002,september16_september17
165,1.3061041060884234e+18,"We don't let a #Pandemic stop us from taking care of business 👩🏾‍🏫 #ResilientEMS #CPR #AED #SaveALife #PrivateCourse #NightClass #SociallyDistant #CertifiedLife #Heartsaver #PreparedNotScared @ Teaneck, New Jersey https://t.co/7QJrxQgPqI",0.0,september16_september17
166,1.3061047870462935e+18,"https://t.co/q1bIRBjDj8 This post has local news on the coronavirus pandemic from Wednesday, Sept. 16. If you have a news tip or question, email us at news@KUT.org . https://t.co/hv0IsrA6ku #atx #austin #all512",0.05,september16_september17
167,1.3061047885940408e+18,"CORRECTION: Over 194,000 Americans Have Died This Year Due to the COVID-19 Pandemic https://t.co/sjihHlQh79 https://t.co/Oq06CiE1C4",0.25,september16_september17
168,1.3061047897809347e+18,Corona NY Wed Sep 16th PM Forecast: TONIGHT Partly Cloudy Lo 31 SATURDAY Sunny Hi 41,0.03333333333333333,september16_september17
169,1.3061082699084308e+18,It’s OFFICIAL! The wait is over! This Thursday 9/17 Doors open at 5pm! 7 days a week! COVID RESTRICTIONS- social distancing required-4ppMax per table-limited seating available-11pm curfew! RSVP @ https://t.co/pbStzay7Oo https://t.co/qbDEdap6bD,0.0,september16_september17
170,1.3061087608221696e+18,#capresepanini #longmacchiato #homemadechiabatta #mozzarella #tomatoes  #basil when you can’t go to #brunetti @brunetticaffe or get #uber to deliver from #Carlton to #la during these #pandemic #times #makeyourownfood https://t.co/hhEkBr9UVC,0.425,september16_september17
171,1.306109572411568e+18,AP:  60 schools in Montana have seen at least one COVID-19 case https://t.co/ayZgR6JHLr,0.3,september16_september17
172,1.3061097306081485e+18,one thing I learned these past six months...is it takes me 6 months to grow any facial hair #pandemic #reflect @ Your Moms House https://t.co/R6GnxXBpix,0.8,september16_september17
173,1.306110137011073e+18,"Wear a Mask! Wear your mask!  It’s the right thing to do!  Everyone is responsible for everyone. @ Acalanes Ridge, California https://t.co/fzIy0zpfsp",0.3666666666666667,september16_september17
174,1.3061113544373494e+18,"The Ghostly Visage of a Long Dead Russian Tsar, Jared Kushner, Is Not Sure Why You 'Chickenshits' Are So “Hysterical” About a Virus That’s Killed 200,000 Americans!

I'm not sure why this bitch was so cool with British Secret Agent Steele fucking wife...

 https://t.co/zF1mmPJ7uN",-0.05,september16_september17
175,1.3061118283474534e+18,"NGL #tiktok kinda fun, make sure to follow me on #twitch @ ASHOTGUNMASACER  #streamer #love #fyp #follow #cute #covid_19 @ Daytona Beach, Florida https://t.co/QHtiuYqBNB",0.0,september16_september17
176,1.3061124140947005e+18,"Perfect weather to be outside for #megacamp2020 learning about all of the new buying, branding and changes since Covid from Facebook and Google. @joshteam @kwgreaterparegion @kwmoorestown #megacamp #dataalliances https://t.co/HzvfQTl1qz",-0.3,september16_september17
177,1.3061128550374728e+18,AP:  Montana universities see decline in enrollment amid pandemic https://t.co/5IWQ5gxJOM,0.175,september16_september17
178,1.3061166957198991e+18,"Remember y'all.

.
This is Trump Cucks... I mean supporters. 
.

The small narrow feeble minds demographic he caters to. 
.
.
.
.
.
.
#vote2020 #wearamask #byebyetrump #derps @ Derp City Central https://t.co/hQIBM2pqP1",0.525,september16_september17
179,1.3061195129036595e+18,"Insane happy hour from 4pm-5pm + We got @ryan_lonewolf + @kds_of_ballerseve DJing tonight from 6pm-10pm, gonna be sick. Gotta wear a mask no joke ✌️ @ Union Pool https://t.co/TRlbJ5xvOv",0.1,september16_september17
180,1.3061208745551299e+18,"COVID-19 update @ Manhattan, New York https://t.co/NcX534VCw9",-0.04,september16_september17
181,1.306121020982526e+18,BJs has tons of hand sanitizer for those who need some. @ BJ's Wholesale Club https://t.co/qo7bQIpFhi,-0.1,september16_september17
182,1.306121022819586e+18,"#mailcall @just4shiggles you're golden. #covid_19 won't stop us here. Just a little joy for our #smallbusiness #partners . @ New Orleans, Louisiana https://t.co/1f5CUMCi0p",0.4,september16_september17
183,1.3061251616748954e+18,"https://t.co/q1bIRBjDj8 Active COVID-19 cases in Hays County are on a steady decline, but there’s one age group still seeing small spikes in cases. https://t.co/TTWWjDAeQm #atx #austin #all512",0.4226190476190476,september16_september17
184,1.30612578413065e+18,"Lookin sexy, but stayin covid safe ✨💖🌃 kissing summer goodbye😘🙅🏻‍♀️🦠 #handsanitizerondeck @ PHD Terrace at Dream Midtown https://t.co/syfIs1AcYb",0.4,september16_september17
185,1.3061259780920852e+18,"Thank you to the Frontline workers for performing our weekly Covid tests that allow us to safely work.
#covidsafety #toh #asktoh #thankyoufrontliners @ Boston, Massachusetts https://t.co/9VRaXIdwc6",-0.2,september16_september17
186,1.306126078679941e+18,Found a Gem by walking in the Barns &amp; Noble for the first time since the pandemic. @ Barnes &amp; Noble https://t.co/9V7oD2SiYB,0.0,september16_september17
187,1.3061267625192858e+18,"Last crab cake of the season. (And these crabs are no longer on the NY quarantine list!) #Maryland (@ Hemingway's in Stevensville, MD) https://t.co/wcnwQyS0c9 https://t.co/w3v5HJ7F6V",0.0,september16_september17
188,1.306129392070992e+18,Show the world some pride like these cats Patience &amp; Fortitude: wear a mask. @ NYPL The New York Public Library https://t.co/Wxb47IUQaF,0.0,september16_september17
189,1.306130906046804e+18,"""2 Hotels, 1 Restaurant. yes, its a pandemic, but why do we have to fight with cluttered sidewalks and walk into oncoming traffic, feces, and abandoned furniture everyday. San Francisco can do better. Please help move homeless into en..."" (Tenderloin, D6) https://t.co/b0gJ1Ovlvn",0.0,september16_september17
190,1.306131325418713e+18,It’s OFFICIAL! The wait is over! This Thursday 9/17 Doors open at 5pm! 7 days a week! COVID RESTRICTIONS- social distancing required-4ppMax per table-limited seating available-11pm curfew! RSVP @ https://t.co/pbStzay7Oo https://t.co/AqljlMh5DP,0.0,september16_september17
191,1.3061332266419773e+18,"everybody has their own definition of normal. for me normalcy means a break from pandemic haircuts. 

how you gonna save anybody else if you can't even save your ears from those overgrown sideburn wings? 🤣 https://t.co/oTtzUaThAa",0.0,september16_september17
192,1.3061332441533972e+18,"So excited that I can still wear my cute work clothes! (For now) 2nd day actually out- MASK UP, GLOVE UP, PUT THE BUMP IN A BUBBLE!!!!!! @ Wesley Chapel, Florida https://t.co/rnDcl2vyv9",0.25,september16_september17
193,1.3061413598757847e+18,"Pandemic P. Man I wanted to see a LA vs LA west finals too. But Nugs deserve to be where they are at @ Anchorage, Alaska https://t.co/LJJXgzAdz8",0.2,september16_september17
194,1.3061474320787292e+18,67% of Americans agree that the pandemic has been a wake-up call to reevaluate their long-term financial goals.  #LIAM20 #ilovelucyinsurance #wearefarmers @ Alycen Lucy Insurance https://t.co/L4fAXe0NvC,0.25,september16_september17
195,1.3061488311683482e+18,Where unwanted desks in a university go to rest during a pandemic! @ Meyerson Hall https://t.co/07U2k91UIM,0.0,september16_september17
196,1.306150070564393e+18,It took a Global Pandemic to convince me to can this classic bier.   16oz 4 packs are now available at only the finest retailers near you. LET THERE BE NIGHT! @ Local Option https://t.co/ndAP2B0Eim,-0.034090909090909095,september16_september17
197,1.3061511404558377e+18,Stop by @vargabar and grab a Roasted Beet &amp; Grilled Asparagus Salad! Plus... #HappyHour til 6pm! #OpenInPHL til 10pm tonight. #MaskRequired #WearAMask @ Varga Bar https://t.co/ObG5Znyqs2,0.0,september16_september17
198,1.3061522706194555e+18,Back on set working after a long #pandemic #hiatus #working #actress #setlife #la thank you @ryanhhayden @ The Prospect Studios https://t.co/KXawu7VZdb,0.0,september16_september17
199,1.3061529448580014e+18,"Great News Y’all. I got vaccinated. #covid_19 #coronavirus #waliword @ Portland, Oregon https://t.co/yZni2jevDj",-0.05,september16_september17
200,1.3061549051204076e+18,"This quarantine has gained some weight.. even when I love my curves, some people still shame me for having extra pounds #bodyshaming #thickwomen/#thickgirl @ Washington D.C. https://t.co/i52qggFiFe",0.1787878787878788,september16_september17
201,1.3060873462538445e+18,"#Littles #yorkies #SocialDistancing @ San Diego, California https://t.co/JXmXDKM7Cy",0.0,september16_september17
202,1.306087938380501e+18,"Don’t gamble with your life or our democracy! Wear a mask properly, register to vote, then vote blue! #wearamask #trumpvirus #bidenharris2020 
#votebiden 

https://t.co/Fm9KUv3wm2 @ Napa, California https://t.co/ZBvDa01bEO",0.08484848484848484,september16_september17
203,1.3060883292644844e+18,"I'm at SEJUICED Organic Juice Bar in Corona del Mar, CA https://t.co/MjpSZeyOb9",0.5,september16_september17
204,1.3060894678753935e+18,Facebook and Instagram Flag Tucker Carlson Coronavirus Posts: The social media platforms warn viewers that the Fox News host’s interview with a Chinese virologist contained “false information” about Covid-19. https://t.co/4S3wrAI6UN (vía NYtimes) https://t.co/yDaMFvrvN5,0.0,september16_september17
205,1.306091206519087e+18,Long Hair is BACK!! Don’t know what to do with your grown out locks during #quarantine ? ? we got you covered. #longhair #silverfox #men #barba @ Barba https://t.co/w0ynjOVulo,-0.041666666666666664,september16_september17
206,1.3060930451384934e+18,"Anyone with
#pandemicfatigue?
#COVID 
#distancing
#facecovering 
#virtualschool
#virtualmeetings @ Sudbuddy Lane https://t.co/qXvzXcAmVH",0.0,september16_september17
207,1.3060931863607665e+18,The State of Hawaii’s Rent Relief and Housing Assistance Program is providing monthly rent to those who have experienced or are facing a reduction in income caused by COVID-19. Apply online today or find out more information by visiting https://t.co/DbR7qtMH2q. https://t.co/Sl3vzRkVZ4,0.3181818181818182,september16_september17
208,1.3060944990646682e+18,"The only sunsets I don't like are the ones I miss. 🌅
.
.
.
#goldenhour #santamonica #losangeles #pandemic #sunset #discoverla #dji #drone #mavicair2 #lightroom #edits #moodygrams #dronephotography #digitalart https://t.co/9n6xuMa6uU",0.75,september16_september17
209,1.3060954808086364e+18,Fingers crossed! #coronovirus #corona2020 #pandemic #stopthemadess @ Peace River Thousand Trails https://t.co/YjPrr9ZAEM,0.0,september16_september17
210,1.306095514690216e+18,Corona CA Wed Sep 16th PM Forecast: TONIGHT Hazy Lo 65 THURSDAY Hazy Hi 99,0.7,september16_september17
211,1.3060960282532905e+18,"If you are a @departmentofhawaiianhomelands Applicant Waiting List beneficiary, you may be eligible for a rental relief program during this COVID-19 crisis. Call 2-1-1 to apply!
.
.
#alohacarehawaii #rentrelief https://t.co/7Eo9CPCNu9",0.125,september16_september17
212,1.3060967036369388e+18,"No such thing as a life that's better than yours 
J. Cole @ Quarantine Nola 2020 https://t.co/DnXpBVFL4w",0.6,september16_september17
213,1.3060975087502991e+18,"IAD Studio I conducting #empathy #excercises #designstudents #designthatcares #americandisabilityact
#socialdistancing #interiorarchitectureanddesign @umassdcvpa @ UMass Dartmouth https://t.co/AVEa7aPeBn",0.04545454545454545,september16_september17
214,1.3060975204229734e+18,First beer after getting home from a work trip is a home brew I made - Drinking an Armadillo Juice by Casa De Wood Brewing @ Casa de Wood  — https://t.co/osLdUtv2Kq,0.3,september16_september17
215,1.3060977433334743e+18,I'm sleep sir 😂 @ Quarantine Nola 2020 https://t.co/RTRRN84r5g,0.5,september16_september17
216,1.3060977541674803e+18,Covid-19 testing site in Overall Piedmont Area #traffic https://t.co/FWT2jwReVT,-0.5,september16_september17
217,1.3060978966604268e+18,"It’s all a blur. #citylights #citylife #ilikethenightlife #accidentalphoto #lights #itsallablur #covid_19 #citibike #myride #westbroadway #soho #nyc @ New York, New York https://t.co/Wn3mrJVU4e",0.0,september16_september17
218,1.3060989762239447e+18,"New work headset that I have zero clue how to use
#WorkFromHome #InternetHelp #Choices #Fall #Beard #BlondeHair #BlackAndWhiteMovie @ Cinco Ranch, Texas https://t.co/xx6RXUAkV2",-0.2,september16_september17
219,1.306099002417406e+18,"Meet @wsestingers George - Kindergarten Customer of the Year!!  Per Mom, @mrsmartinkinder, He LOVES school lunch. He comes dragging down the hallway and says,” I got my groceries!” #eatlearngraduate even during Covid! https://t.co/j45TsjG6vW",0.0,september16_september17
220,1.3060992162220933e+18,Private theater viewing for our first family movie since pandemic. Sonic the Hedgehog 🦔 for the win! @ Harkins 24 Superstition Springs https://t.co/r6c24AHlDi,0.0,september16_september17
221,1.3060994497693327e+18,Just posted a photo @ Corona del Mar https://t.co/UphM8mZ2kj,0.0,september16_september17
222,1.3061004414203044e+18,2 for 2. Publix also respected my rights. Now the dollar store ✊🏼 #NoMoreMasks #CoronaVirus #Covid19 #MedicalExemption @ Publix Super Market at Miami Shores https://t.co/aorGghYkqT,0.0,september16_september17
223,1.306102725860442e+18,"Social distancing. 417/... - Drinking a Pumpkin Beer by @ofallonbrewery @ Dunwoody, GA  — https://t.co/eAqzRok6hg",0.0,september16_september17
224,1.3061030551889797e+18,"Why Everything Is Sold Out: The pandemic broke online shopping...

https://t.co/Xh1vNPnzG3 #Economics #SupplyChain #SupplySideEconomics #Econ #Tech #DataAnalysis #DataScience #COVID19 #Coronavirus #Pandemic #eCommerce #Retail #Internet",-0.05000000000000002,september16_september17
225,1.3061047870462935e+18,Just posted a video @ Corona Barbershop Plus https://t.co/zKNLLjaRIH,0.05,september16_september17
226,1.3061047885940408e+18,https://t.co/q1bIRBjDj8 Austin's music community rallied at City Hall on Wednesday to support a measure to bolster the ecosystem around live music in light of the pandemic. https://t.co/MwYiO52R6A #atx #austin #all512,0.25,september16_september17
227,1.3061047897809347e+18,"Quarantine what? Told them I’m just tryna make a buck. @ Los Angeles, California https://t.co/KPobMy6P7c",0.03333333333333333,september16_september17
228,1.306106172550701e+18,"Tracking the @iss and watching it pass overhead has become@one of our favorite things during the quarantine/pandemic. @ Elizabethton, Tennessee https://t.co/A0Y67Dmwqy",-0.12,september16_september17
229,1.3061076662725878e+18,"I'm 100% sure our client missed HousekeePink a lot since the pandemic started back in March.
Call/text for s free consultation! @ Wilmington CA 90744 https://t.co/W36Lm4cfRX",0.0,september16_september17
230,1.3061082699084308e+18,"Sooo... it might be time for a haircut? Feeling a bit shaggy at the moment... #covid_19 got me pulling my hair out... #wildanimals #wokeuplikethis @ Irvine, California https://t.co/zdXOK1rjxi",0.0,september16_september17
231,1.306109572411568e+18,Goodnight sweet sky. The soldiers fight on while the moon takes its station. #respiratorytherapist #covid_19 #keepfighting #healthcareprofessional #justbreathe @hopkinsmedicine https://t.co/rpNH8DwJRN,0.3,september16_september17
232,1.306110137011073e+18,"Masks Are ‘Most Important, Powerful Public Health Tool,’: Live Covid-19 Updates: President Trump urged Republicans to “go for the much higher numbers” in stalled negotiations over another economic recovery package, undercutting his party’s… https://t.co/7kpGITqHRs (vía NYtimes) https://t.co/bn4GbPs4Px",0.3666666666666667,september16_september17
233,1.3061113544373494e+18,"We're hiring in Corona, CA! Click the link in our bio to apply to this job and more: Mortgage Loan Officer at American Financial Network #Mortgage #LoanOfficer",-0.05,september16_september17
234,1.3061141154931466e+18,So blessed with this life long friends. Still celebrating my 50th!! @ TAPS Fish House &amp; Brewery Corona https://t.co/WNznBR4LKU,0.03333333333333333,september16_september17
235,1.3061143552353608e+18,"https://t.co/TANYYPwaIs @ Wilmington, Massachusetts https://t.co/z9N9YQG5GA",-0.025283446712018147,september16_september17
236,1.3061152299908055e+18,(259 &amp; 260) Now I have a pretty cool work from home setup. #workfromhome #realestate #nyc @ Harlem https://t.co/IUnu2oz4nG,0.0,september16_september17
237,1.3061195129036595e+18,So still sick but I think it’s because I’m extremely dehydrated. I’m looking for my water and I found it but I don’t wanna move it lol #dehydrated #sick #quarantine #catlife #mybaby #donotdisturb #precious @ Quarantine https://t.co/Zj32FUacOS,0.1,september16_september17
238,1.3061208745551299e+18,"So nice out today, walked to Rite Aid on way home from work. 
#happyfallyall🍂 #autumn #phillyphilly @ South Philadelphia https://t.co/s9wpcPCbUX",-0.04,september16_september17
239,1.306121020982526e+18,"Knights.

#knightssteakhouse #socialdistancing #askforjay @ Knight's Steakhouse https://t.co/jvnputOlIe",-0.1,september16_september17
240,1.306121022819586e+18,"STEP... COVID style. Missed this place, this family, and this guy.

#STEPMinistries @ STEP Ministries https://t.co/MqmD8Jopf0",0.4,september16_september17
241,1.3061251616748954e+18,Social Distancing😂🙄 @ Sybaris Northbrook https://t.co/GsM7u1K2Ju,0.4226190476190476,september16_september17
242,1.30612578413065e+18,#Repost from @deandavisofficial  to partner with @wucsl to provide insight and answer student questions regarding COVID-19 Safety.  Join us tomorrow at 7pm on @winthropu !!! @ Winthrop University https://t.co/8OTcGlCEXk,0.4,september16_september17
243,1.3061259780920852e+18,"Social distancing. 418/... - Drinking a Rubicon by @18thStreetBrew @ Dunwoody, GA  — https://t.co/0z9mVZ6bzF",-0.2,september16_september17
244,1.306126078679941e+18,"Stupid COVID. This is as close as we can get to Joe &amp; Mikaela &amp; little newborn Harvey today. Eight floors down and across the street from the hospital. @ San Francisco, California https://t.co/2pZGegCqT6",0.0,september16_september17
245,1.3061302651613962e+18,“All because you want to save some a couple of extra pennies” #WelcomeTo2020 #Covid19 #Coronavirus #PLANdemic #TommyBoy #RIPchrisFarley @ Callahan Auto Parts Sandusky Ohio https://t.co/tyFOCRmrsJ,0.4833333333333334,september16_september17
246,1.3061307784561254e+18,"""A somewhat heated conversation about masks beyond Covid, and how not to be an ableist twat-waffle.""  https://t.co/wZFtrBluF9",0.0,september16_september17
247,1.306130906046804e+18,"I had to go downtown for a dentist appointment, so I took a little walk afterward to check out all the new quarantine artwork on the boarded-up windows (and a weirdly covered-up Ferry Building) https://t.co/G5XuwAGV8w",0.0,september16_september17
248,1.3061310695240827e+18,"It was his idea to try it! #Carolinareaper #peppers #hotsuace #quarantine #ecuadoriancheck #family #dadsjob @ Chicago Heights, Illinois https://t.co/dVAQLjubnw",0.5,september16_september17
249,1.3061332441533972e+18,The State of Hawaii’s Rent Relief and Housing Assistance Program is providing monthly rent to those who have experienced or are facing a reduction in income caused by COVID-19. Apply online today or find out more information by visiting https://t.co/tOaBh7bz5n. https://t.co/5zy2YBQReq,0.25,september16_september17
250,1.3061333008058819e+18,Just posted a video @ Corona Barbershop Plus https://t.co/obREhRGiH8,0.0625,september16_september17
251,1.3061333704438907e+18,"answer the question, what’s the reason? 😂😂😭😂😂😭😂😂😭😂☠️ #wfh #covid_19 #businessdistancing @ Memphis, Tennessee https://t.co/RZGpq7d6fI",0.25,september16_september17
252,1.3061354304637092e+18,"Gudnewz - What Is You Doing 

(Official Video)

(Gudnewz - On All Platforms)

Show your support!!!

Mixtape (Life After Corona)

Video Credit : @waavstudio @ Washington D.C. https://t.co/IIwQO4P5AK",0.31666666666666665,september16_september17
253,1.3061413598757847e+18,"Pandemic hugs. 
🤗

#pandemichugs
#pandemic2020 @ New York, New York https://t.co/C3HPHpAzUa",0.2,september16_september17
254,1.3061420354521498e+18,"Covid, the fed, fires, tensions, the list goes on. @ Redlands, California https://t.co/j3ka2uqQqE",0.0,september16_september17
255,1.30614257527185e+18,UWS adventures in 2020. #WearAMask #NYC #UWS @ Upper West Side https://t.co/oIcpt1jKtc,0.13645833333333332,september16_september17
256,1.3061431506337792e+18,"If they’re testing positive today, I seriously doubt it’s from an exposure yesterday. https://t.co/1A2LQc4m3C",0.0,september16_september17
257,1.3061459905509908e+18,Montana will release coronavirus data from schools https://t.co/bnINliZ5qt,0.3499999999999999,september16_september17
258,1.3061474320787292e+18,"2nd Day .... Every Monday and Wednesday 3 pm - 5 pm ....... Still need Sponsors for Mask, Gloves and Hand Sanitizer ... Cashapp $dthomas188 .. PayPal jazzys145@gmail.com .. Venmo @djpapatrini188 https://t.co/FPLURgXAe9",0.25,september16_september17
259,1.3061488311683482e+18,"Laying out my clothes for tomorrow and leaning into #spookyseason #workfromhome #ootd #distancelearning2020 #fall #halloween #readyforfall #ilovehalloween @ Minneapolis, Minnesota https://t.co/IFrGr3uHii",0.0,september16_september17
260,1.306150070564393e+18,"At STRIC your safety is our priority. 

During COVID-19 we have instituted additional measures to keep both our patients and employees safe.

Please remember to bring a cloth mask with you to your appointment.

For more information please visit https://t.co/RA8ZsUPfEg https://t.co/PyXg2FNPJp",-0.034090909090909095,september16_september17
261,1.3061504674125292e+18,"#wearamask #ThisIsTheWay #TheChild #AMC

#StarWars #TheMandalorian @ AMC Avenue Forsyth 12 https://t.co/3pXIie8x3F",0.01875,september16_september17
262,1.3061511404558377e+18,#mcrrcracingteam #mastersrunner #running #runner #activereleasetechnique #ART #intenserecovery #georgetownsportsmassage #covid_19 #grateful @ Georgetown Sports Massage https://t.co/wVBKsOKOVB,0.0,september16_september17
263,1.3061522706194555e+18,Quarantine clean 🎩😎😷 @ 50’s on Fitch lounge https://t.co/19K7BkMkOM,0.0,september16_september17
264,1.306154717278544e+18,"WOW! Ahmed &amp; Ernesto got here at 9 AM and they just left! Covid-19 project #3 built ins done ✅ #kitchens21 #normaythedietdiva @ Indian Harbour Beach, Florida https://t.co/HpPreRbWvw",0.0,september16_september17
265,1.3061549051204076e+18,"A Cataclysm of Hunger, Disease and Illiteracy: A pandemic of suffering follows on the heels of Covid-19 in poor countries, and children suffer most. https://t.co/YBUJZW5iA4 (vía NYtimes) https://t.co/qoVrLSgo9e",0.1787878787878788,september16_september17
266,1.3061559586163261e+18,"About 30 journalists listen to the challenger offer his coronavirus deployment plan and criticize the incumbent for, in his words, not having one. @ The Queen https://t.co/pb1gU5I9PB",0.0,september16_september17
267,1.3061562560133489e+18,UWS adventures in 2020. #WearAMask #NYC #UWS @ Upper West Side https://t.co/90InV1fhYu,0.0,september16_september17
268,1.306087316814e+18,"some #35mm snapshots from the earlier stages of quarantine. shot on #contaxt2

feels good to be developing &amp; scanning some film that has been sitting around. all about these hidden gems. hopefully more to come soon https://t.co/bpjAflZB17",0.0,september16_september17
269,1.3060873462538445e+18,"For fuck’s sake...I knew my semi-accidental quarantine ‘hawk looked familiar. #streetfighterii #thatpiledriverisimpossibleasfuck #streetfighter2 @ Durham, North Carolina https://t.co/te4Y2fuv1e",0.0,september16_september17
270,1.306087938380501e+18,"11 weeks ago I had the best day of the #pandemic. And it’s been a joy ever since. Thanks for the never-boring ride @borr.the.shepherd 

#germanshepherdpuppy @ Weston, West Virginia https://t.co/ftDHZJ3HtD",0.08484848484848484,september16_september17
271,1.3060883292644844e+18,"My cousin’s kids gave me this little succulent earlier into the pandemic lockdown (in April maybe?). It needs a bigger pot already! @ Portland, Oregon https://t.co/cVUTzTJUMu",0.5,september16_september17
272,1.3060894678753935e+18,"🍁Cooler weather.🍁
Mochas and brunch outside. Classical music. American History. Shakespeare. Poetry. Chemistry. 
Our fur friends. 
The best of HOMESCHOOL!
#homeschool #classicaleducation @ Childersburg, Alabama https://t.co/InNPoUlgj1",0.0,september16_september17
273,1.3060899528376115e+18,This station is full of drinkers—First Hennessey and now a Corona. #bigjay20201 #bigjayessential #funtimes @ Long Island City–Court Square https://t.co/clpBaH33WH,0.0,september16_september17
274,1.306091206519087e+18,"I came home to a mysterious box at my door. Way back in lockdown, I did an “Orange Night In.” Apparently, I won a contest! Orange, you jealous I have SU hand sanitizer? Thanks, @syracuseu! https://t.co/NF7SZLAMiU",-0.041666666666666664,september16_september17
275,1.3060928620320236e+18,"Just Me in It’s Ratchet Wednesday with FitFam Quarantine Edition (Dana, Kim and Shun)!! @ Fox Meadows https://t.co/neAazj8CKN",0.75,september16_september17
276,1.3060930451384934e+18,"We looked for shades of purple today! #dailywalk #flattenthecurve #itsbetteroutside #neighborhoodwalk #motherdaughtertime @eyecrinkled @ Houston, Texas https://t.co/uJaaCMHtwt",0.0,september16_september17
277,1.3060931863607665e+18,Twelve #masks and two #gloves #ppe soon we’ll be there...together #washingtondc @ Washington D.C. https://t.co/eTN5FHVo38,0.3181818181818182,september16_september17
278,1.3060944990646682e+18,#covid19 @ Beverly Motors https://t.co/iEMFVuOAbC,0.75,september16_september17
279,1.3060954808086364e+18,"Hmmmm I'm liking the 2021 Bronco . #maybenextyearnewtruck. @ Corona, California https://t.co/ND9UnkTBt7",0.0,september16_september17
280,1.306095514690216e+18,"COVID-19 update @ Queens, New York https://t.co/SwfBNSNxTg",0.7,september16_september17
281,1.3060959788654592e+18,Almost forgot #covid_19 #mayor #presser @ Los Angeles City Hall https://t.co/bBi7FXiIwN,0.25,september16_september17
282,1.3060960282532905e+18,"Flu Shots Happened today .... @ Corona, California https://t.co/T7wxFE9UDs",0.125,september16_september17
283,1.3060977541674803e+18,"Just Me in It’s Ratchet Wednesday with FitFam Quarantine Edition (Dana, Kim and Shun)!! @ Fox Meadows https://t.co/9vuSlPKViZ",-0.5,september16_september17
284,1.3060978966604268e+18,"Amen to that wear a damn mask @ Oldwick, New Jersey https://t.co/b7AqTiyHXe",0.0,september16_september17
285,1.306098132581712e+18,"Thirty. Filled with confidence + joy. During a pandemic and daily racial injustices. Started dental school on the East Coast. 30 was interesting. Officially a 30 something. I welcome you, 31. @ Boston, Massachusetts https://t.co/x3hKpQqJp8",0.0,september16_september17
286,1.3060994497693327e+18,"COVID-19 update @ Manhattan, New York https://t.co/AEEUTZpPkH",0.0,september16_september17
287,1.3061004414203044e+18,COVID-19 update @ Gristedes Supermarkets #059 https://t.co/uuxKlfEmEh,0.0,september16_september17
288,1.306102725860442e+18,"Working hard...
.
.
.
.
.
.
.
#kitten #workingfromhome #homeworkout #instacute #sleepy #instacat #homelife @ Kansas City, Missouri https://t.co/ubh3FBSnPf",0.0,september16_september17
289,1.3061030551889797e+18,"COVID-19 update @ New York, New York https://t.co/b6kvqAHhWO",-0.05000000000000002,september16_september17
290,1.3061041060884234e+18,Since the official parade got shut down due to the pandemic we out here downtown #chicago in the streets! #MexicanIndependenceDay #mexicanparade  #euc #blackandbrownunity @ Chicago Downtown https://t.co/ciCVKeJjGj,0.0,september16_september17
