,id,tweet,sentiment,date
0,1.3350889718948864e+18,'Black Panther' star Letitia Wright faces backlash for posting video criticizing coronavirus vaccines https://t.co/avOOaM7Z77 https://t.co/8SM1j9DYwy,-0.1,december5_december6
1,1.335094053243904e+18,"COVID-19 update @ Queens, New York https://t.co/KiILUAg9xx",-0.125,december5_december6
2,1.3350967679190344e+18,"One thing about the lockdown....I will not go hungry ...mini sour cream banana breads. When I'm not selling houses, I'm https://t.co/QdSU0qBHF6 @ La Mirada, California https://t.co/lFizFEQvD5",0.0,december5_december6
3,1.3351053838665892e+18,"Wear a mask. Wash your hands. Keep your distance...This is the way!!

Hashtags: #dtsa #santaana @ Santa Ana, California https://t.co/yhKkCVDGah",0.21212121212121213,december5_december6
4,1.335114417386582e+18,Social distancing at @victoriassecret. The only store I noticed with a line of people waiting to get in. #notlastyearsshoppingscene #holidayshopping #2020  #pattylebedhessphotos @ Stonebriar Centre https://t.co/A7ANW6ujQ1,0.3,december5_december6
5,1.335117084578128e+18,"The Victoria Memorial just opposite the palace.
Pre Covid travel life.. @ Buckingham Palace, London England https://t.co/15mPmpCWht",-0.3333333333333333,december5_december6
6,1.335120105106096e+18,PRE-PANDEMIC —#INDEPENDENCEDAY #CELEBRATIONS #AMERICA #DOCUMENTARY #PHOTOGRAPHY #GERGER #THEGERGER #FROMTHEARCHIVES @ California https://t.co/5HNjXtsmpM,0.08333333333333333,december5_december6
7,1.3351204052212982e+18,"The look of starting work at 6am on a #Saturday from the home office. i do have many #dunkin coffee. Have a good day everyone. @ Far North Side, Chicago, Illinois https://t.co/HWKknI8bav",0.425,december5_december6
8,1.3351326851115868e+18,"Time for surgery... or meteorology... either way...
.
.
.
.
.
#California #Chico #Redding #RedBluff #Oroville #Paradise #NorthValley #NorCal #mask #WearAMask #WearADamnMask #doctor #surgery #meteorologist #weather https://t.co/rAPacnEQJC",0.0,december5_december6
9,1.33513455136299e+18,National flu vaccine awareness week-December 6th – 12th  https://t.co/hpQOdOaF5G,0.15,december5_december6
10,1.3351496746850755e+18,"Rainy Saturday night. Not COVID quarantine - life choice. #happy #content #scotchbythefire #backgammon #chessiebythefire #ladyabigalii #abby #chesapeakebayretriever @ Southport, North Carolina https://t.co/BwyPt5g3RR",0.2954545454545455,december5_december6
11,1.335154644390011e+18,"Glad to see she is admitting what was clear to most everyone...

https://t.co/3gxx34wk9l 

 . https://t.co/WgV3GsYJZx",0.13636363636363635,december5_december6
12,1.3351645244715663e+18,"COVID-19 update @ New York, New York https://t.co/ssKVFDxwIw",0.45,december5_december6
13,1.3351645255830323e+18,"Day 257/47: pork tenderloin with an apricot jam and Dijon mustard sauce with leftover risotto. #wearamask #besmart #besafe #bekind #dinner @ Scotch Plains, New Jersey https://t.co/F9iKwTZW7d",0.17045454545454544,december5_december6
14,1.3351645267071345e+18,Just a little some something I dropped I felt it was dope enough to make a video and of course when it hit i g I had to send it to Twitter as well much love y'all stay up be blessed and try to stay Covid Free! https://t.co/Gk1okxhbVI,-0.125,december5_december6
15,1.3351652741237187e+18,"#1 🌅

#2 The love in the age of Covid19 💚 @ Newport Beach, California https://t.co/bn7q0lFfUZ",0.13636363636363635,december5_december6
16,1.3351677934282179e+18,"https://t.co/j63MD2MZVU By accepting a bipartisan compromise, Hill Democratic leaders finally may have paved the way for a pandemic relief bill. OSO TAX SERVICE https://t.co/QFQKWHhkZL",0.011111111111111113,december5_december6
17,1.335167845152514e+18,"Not until the Coronavirus vaccine is available for everyone. This pandemic is still going to be around. 😷😷😷😷😷😷😷 @ Sioux Falls, South Dakota https://t.co/VlcdNWOvly",0.0,december5_december6
18,1.3351710982840893e+18,"Happy Friday 🍻 Fcking around  with the sound !!  #spotify #teerizo  #vibing  #corona  #studio  #teerizo #newmusic #hiphop #music #dj #boombaphiphop  #beats #recordingengineer @ South Mountain, Phoenix https://t.co/tjBBoK67ZQ",-0.1,december5_december6
19,1.335171441961005e+18,"COVID-19 #research &amp; Innovation
#rutgers Leading #coronavirus  Therapeutic Clinical Trial   https://t.co/Or4WXTLdDt @ Rutgers New Jersey Medical School https://t.co/Ac8SVpVkuz",0.0,december5_december6
20,1.3351727185813955e+18,"My buddy @mike_caplanis weighs in on my current COVID appearance 
.
.
.
#caricature #illustration #portrait #doireallylooklikethat @ America https://t.co/7bUlbKhdRY",0.25,december5_december6
21,1.3351729519733678e+18,"So true. #timwalz #gretchenwhitmer #Joebiden #covid19 #corona @ Saint Paul, Minnesota https://t.co/4IvU4s6MuC",0.0,december5_december6
22,1.3351745907761725e+18,The Quarantine Tapes: Midsommar (2019) Part III  https://t.co/aFmMcIOTEs,0.065,december5_december6
23,1.3351772222195876e+18,Happy Quarantine Birthday to me! @ The Surfjack https://t.co/SKXxTRNRDi,0.0,december5_december6
24,1.335185613495165e+18,Silicon Valley companies took $380 million in COVID-19 bailout money: Silicon Valley tech companies took many millions in government bailout money this year via a program intended to allow employers to retain their ... https://t.co/THPsAe1Frd,0.25,december5_december6
25,1.335188738666881e+18,#covid_19  #presser #mayor #losangeles @ Los Angeles City Hall https://t.co/vWM73DlspT,0.0,december5_december6
26,1.3351920684199485e+18,"Had to cancel my LA/Utah trip due to LA issuing a lockdown for a few weeks. Decided to take a road trip to local state parks in Texas. First stop, Caprock Canyons State Park! @ Caprock Canyons State Park https://t.co/IdPbqSa77A",0.0625,december5_december6
27,1.3350840015816253e+18,The new norm sadly. FY #covid_19 #beignets #coffee #nola #neworleans @ Café Du Monde https://t.co/DIaT6487kQ,0.13636363636363635,december5_december6
28,1.335087647396651e+18,Long line for Covid-19 testing and it looks like they started late. #Coronavirus #cityofBoston #testing https://t.co/HIMWJYmdCk,0.0,december5_december6
29,1.3350906765187523e+18,Protests against a national curfew across Spain resulted in several arrests.  https://t.co/WHtfdQ0Zos,0.0,december5_december6
30,1.335092116595368e+18,"My Covid test result came back negative...let the heaux games begin ✌🏿️🖤💋😛
So are you in or out???!!

Posted @withregram • @moniece_slaughter @ Warner Robins, Georgia https://t.co/dgEOaJPSdm",0.0,december5_december6
31,1.3350967679190344e+18,"Getting in the spirit with the 2020 Christmas ornament. Thanks @bashleigh389 for this awesomeness! Stay safe everybody! #covid_19 😷 @ Perdido Key, Flordia https://t.co/dlOLeoEyIK",0.0,december5_december6
32,1.3351007987710157e+18,"Too beautiful not to share 🧘🏽‍♀️🥰
Posted @withregram • @diaryofanaijagirl Swipe: I love this so much! Repost and send to those who need this. @ Quarantine Nola 2020 https://t.co/Rmg1za30xv",0.5,december5_december6
33,1.3351053838665892e+18,Safety first traveling #safetyfirst #wearamask @ John F. Kennedy International Airport https://t.co/C0O7nfmarU,0.21212121212121213,december5_december6
34,1.3351072668910264e+18,"🌧️#rainynight during #pandemic ..back in time to a drive-in #movie 🎬🍿#fridaynight #nyc  #socialdistancing  #brooklyn @ Green Point, Brooklyn, New York https://t.co/C7pDoT5MP0",0.4,december5_december6
35,1.3351079278002422e+18,"Day 279 working from home. (@ Fountain Glen Clubhouse in Lincoln, NE) https://t.co/5IxRWqA1Qf",0.0,december5_december6
36,1.335109020357714e+18,Thinking about breakfast and with social distancing... #breakfast #breakfastoftheday #best #bestbreakfastinbed #bestbedandbreakfastdenver #cheftable #foodnetwork #bnb @ Capitol Hill Mansion Bed and Breakfast Inn https://t.co/apf06KtV0z,0.13636363636363635,december5_december6
37,1.335114417386582e+18,Hackers Targeting Companies Involved in Covid-19 Vaccine Distribution https://t.co/O0esFo55Gd #security #data #hacking #hacker,0.3,december5_december6
38,1.3351152066625126e+18,Just posted a photo @ Quarantine Nola 2020 https://t.co/VnVxXIrSfD,0.0,december5_december6
39,1.3351162332140503e+18,Just posted a photo @ Quarantine Nola 2020 https://t.co/QsxFU7DXKu,-0.04375000000000001,december5_december6
40,1.335117084578128e+18,"🌧️#rainynight during #pandemic ..back in time to a drive-in #movie 🎬🍿#fridaynight #nyc  #socialdistancing  #brooklyn @ Green Point, Brooklyn, New York https://t.co/p8RIndzJCi",-0.3333333333333333,december5_december6
41,1.3351215530932347e+18,"The Swiss Cheese Model of Pandemic Defense. 

NYT article by Siobhan Roberts 
Read here:
https://t.co/XVG3ZCLYpc

#pandemic #corona #virus #covid_19 #precaution #protection #mask #wearamask @ United States https://t.co/kQHZVzrAed",0.0,december5_december6
42,1.3351242232081408e+18,Just posted a photo @ Quarantine Nola 2020 https://t.co/EDWXrBVmYF,0.175,december5_december6
43,1.335124680974459e+18,This give be me in a minute going to vote ⚜️✊🏿🌬 @ Quarantine Nola 2020 https://t.co/eONZ3ecL31,-0.15000000000000002,december5_december6
44,1.3351307556982047e+18,"Saturday morning workout! We’re COVID-19 and COLD weather prepared! #fitness #fitnessmotivation #stepworkout @ Mulberry Street City Steps, Cincinnati Oh https://t.co/HBoQyF9EJ4",0.0,december5_december6
45,1.3351335673329336e+18,Just posted a photo @ Quarantine Nola 2020 https://t.co/TM8WBKKpuJ,-0.16666666666666666,december5_december6
46,1.3351343233228718e+18,#covid19 #covid #coronavirous  🥴 @ Trinity University https://t.co/aZi29MoZV6,0.5,december5_december6
47,1.3351384900660797e+18,Venezuelan Cornmeal Pancakes #breakfast #breakfastoftheday #breakfastideas #best #bestbreakfast #bestbedandbreakfast #foodblogger #foodnetwork #foodie #bnb #socialdistancing #staycation https://t.co/CRRpi7jB0d,0.0,december5_december6
48,1.3351496746850755e+18,Just posted a photo @ Quarantine Nola 2020 https://t.co/VY0vUJ5ciT,0.2954545454545455,december5_december6
49,1.3351496757714125e+18,"my  charming and princely lover, quarantine bestie, husband just yesterday, and ♾ now #2020 #bdayallmonth ♥️ @ Armando's Bar &amp; Grill https://t.co/1Hyf8v71b3",0.1875,december5_december6
50,1.335154644390011e+18,Send positive vibes and prayers 😂😂☕️ @ Quarantine Nola 2020 https://t.co/1jupl3nmrH,0.13636363636363635,december5_december6
51,1.3351679734604145e+18,"Find your own 
Live your own 
Love your own 
Leave me alone 😂⚜️♐️✊🏿😘🧘🏽‍♀️😷😷😷🔥🤘🏾🔮❄️☕️☕️☕️☕️ @ Quarantine Nola 2020 https://t.co/DXB0VunFhY",-0.1875,december5_december6
52,1.335171441961005e+18,"#newblogpost #giftideas 🎁 Six great reasons @mwa_fleet gift certificates make the perfect gift during a pandemic. 
#thisiswindjamming #sailmainecoast2021 #booknowtravellater #giftcertificates
*Link in Bio* https://t.co/05qp1cNmZq",0.0,december5_december6
53,1.3351729519733678e+18,"Home from work and little man wanted to walk the hallway. Meeting at 11... (@ Oakfield West Condo Association in Chicago, IL) https://t.co/ios1YYU6JK",0.0,december5_december6
54,1.3351735665984266e+18,"When your birthday finally falls on a weekend, but it's a pandemic, so no guests allowed. 💩🎂💜 #quarantinebirthday 😷🧻🕯 @ Upper West Side https://t.co/Vzvo10ljrB",0.0,december5_december6
55,1.3351744656221348e+18,At all @ Quarantine Nola 2020 https://t.co/SejcAVSx46,-0.07777777777777779,december5_december6
56,1.3351745212597821e+18,Just posted a photo @ Quarantine Nola 2020 https://t.co/hOuz6t3ff3,0.3125,december5_december6
57,1.3351745907761725e+18,"Don't let covid stop you from ordering from your favorite local restaurant! 

Call us today and we will pick up your meal and deliver it to your front door!

833-246-3577 @ Hornell, New York https://t.co/VWFGPO1HUh",0.065,december5_december6
58,1.3351772222195876e+18,Silver Minings: Tanner Muse placed on Reserve/COVID-19 list https://t.co/YVEJhmkhFE https://t.co/QMFCoNzXZh,0.0,december5_december6
59,1.3351793770473103e+18,"These rules still apply #atlanta be safe out there 

Reposted from @jillbergman
.
.
#atl #coronavirus #publichealth #covid19 #wearamask #gettested #socialdistance @ Atlanta, Georgia https://t.co/pKK0vuQACm",0.2872727272727273,december5_december6
60,1.335185613495165e+18,"See our latest #Levelland, TX job and click to apply: Pharmacist - COVID 19 Vaccine Support - https://t.co/lZA4oajkSK #pharmacist",0.25,december5_december6
61,1.3350833775113093e+18,"We're hiring! Click to apply: CA Staff Pharmacist Floater PT- COVID 19 Vaccine Support - https://t.co/qMAFcfNBai #Rosemead, CA #pharmacist",0.8,december5_december6
62,1.3350840015816253e+18,"I had to wrestle these quarantine titties into this shirt 🤼‍♀️ 🥴 @pres10vance 😂 #darkorder #aewwrestling #superfan @ Camden, New Jersey https://t.co/0UGMpsAEOY",0.13636363636363635,december5_december6
63,1.3350865867452785e+18,Dipped during Covid- contactless @ VIP center for Business Women Coworking and Meeting Space https://t.co/iP3RQ1sNyM,-0.05,december5_december6
64,1.3350889718948864e+18,If Coronavirus were the stock market AZ would be doing great. https://t.co/aWoAYEiSkQ,-0.1,december5_december6
65,1.3350894405621678e+18,Can you recommend anyone for this job? CA Staff Pharmacist Floater PT- COVID 19 Vaccine Support - https://t.co/PQpv3xXjnR #CVSJob #HealthyCareer,0.3666666666666667,december5_december6
66,1.3350906765187523e+18,"My brother @edphillip has developed an app to help you get in shape during the Covid winter months. Check it out!
@motionmindset @ Bay Ridge, Brooklyn 11209 https://t.co/3QhY051ebK",0.0,december5_december6
67,1.3350919824111165e+18,Everywhere @ Quarantine Nola 2020 https://t.co/LN9rCh5zPP,0.30000000000000004,december5_december6
68,1.335092116595368e+18,The best yearly eyewear event in the San Francisco Bay Area starts today! Up to 75% OFF! Link in profile for more info including our covid safety protocols. @ San Francisco Optics by Alexander Daas https://t.co/VdlII0STvl,0.0,december5_december6
69,1.3350967679190344e+18,"Off quarantine! (@ Pike Lake State Park in Hartford, WI) https://t.co/vPk8h3NTGy",0.0,december5_december6
70,1.3351007987710157e+18,"2020 in a nutshell 🖕🏾COVID-19 @ Louisville, Kentucky https://t.co/eQyauS8gej",0.5,december5_december6
71,1.335102320703574e+18,"Happy Repeal Day! 🥳🍾🍹🍸🥃

I can’t help but picture this will be all of us after the vaccine and Covid is over as well! @ Hollywood https://t.co/cmO1VsQdaU",0.0,december5_december6
72,1.33510538277188e+18,"Here until 2pm today! Stop by for our grand opening, COVID style! Or shop online! Use GRAND10 for 10% off! Be sure to let us know if you want in on the raffle! @ Rica's Bowtique &amp; Designs https://t.co/nHUShX02fv",0.11931818181818182,december5_december6
73,1.3351053838665892e+18,"New hoodie. ""Body by Quarantine"" is just about right. #hoodie #quarantine #body #beer #donuts @ Brooklyn, New York https://t.co/aaqxbekbsQ",0.21212121212121213,december5_december6
74,1.3351072668910264e+18,"From 245 to 210lbs. Boom boom baby. This pandemic can’t hold me! Here’s a ticket for ya... @ Staten Island, New York https://t.co/dJVxK5aNZh",0.4,december5_december6
75,1.335109020357714e+18,"SATURDAY TURN UP!! CLICK THE LINK IN MY BIO TO CONNECT TO THE STATION..REQUEST AND SHOUTOUTS 24/7 =786.262.2476 .... BE SAFE AND WEAR A MASK 😷 @ Miami Beach, Florida https://t.co/tLVRGnyXAb",0.13636363636363635,december5_december6
76,1.3351120489094472e+18,"It's beginning to look a lot like Christmas 🎄 ✨ 🎶  ! 

#raynhamflea #shopping #bargains #holidays #raynham #boston #capecod #southshorecrafters #wearamask #socialdistancing @ Raynham Flea Market https://t.co/OrEMGFnxko",0.4,december5_december6
77,1.335114417386582e+18,Never in the world would have expected #quincymarket @faneuilhall to be so empty on a #December #weekend . #covid_19 #business #businessowner #survival #economy #tourism #hospitality #arts #restaurant #makeitwork https://t.co/UW8zLJoemK,0.3,december5_december6
78,1.3351152066625126e+18,PLEASE RT: COVID-19 Walk Up Testing Locations In Lee County For December  https://t.co/wyDaPpSvjy,0.0,december5_december6
79,1.3351162332140503e+18,"👋🏾 TODAY, 2:30PM - 4:30PM! Dec 5 | Pop-Up Pantry + Covid Resources at Temple of Praise  https://t.co/uvLuXi70GZ",-0.04375000000000001,december5_december6
80,1.3351186236487025e+18,"I🎼I’m not dreaming of a #covid 😷 #christmas 🎵

#overcovid #comeon2021 @ Orange Beach, Alabama https://t.co/ulhFHEullB",0.0,december5_december6
81,1.3351242232081408e+18,"When you go to the hospital without insurance in 2020 #hospital #covid_19 #asthma @ New York, New York https://t.co/R408LqXq4b",0.175,december5_december6
82,1.335124680974459e+18,"When you find out your child has been in close contact with someone who tested positive for COVID-19. You crank up the immune support🧡🧡🧡 @ Athens, Alabama https://t.co/tipQKNgAHb",-0.15000000000000002,december5_december6
83,1.3351285100972196e+18,"What I did over #quarantine: Started a #podcast, became a #meme, wrote some #stories, #cycled, started a #publishingcompany, saw a #concert, played #nintendo, created #music &amp; #read some awesome #books. #nottooshabby https://t.co/O5oPkhmmuL",0.2,december5_december6
84,1.3351294823578583e+18,"Matching Penguin 🐧 Mask, Mask bag and Hand sanitizer. What a cute gift!
Shop online, phone, FaceTime or by appointment. @ Jodi's Gifts https://t.co/GIvlbsH3lE",0.35,december5_december6
85,1.3351307556982047e+18,"I am off the Reserve/Covid list just in time to talk sports with you 1-4pm on THE FAN. Talk soon.                 🏈⚾️🥅⚽️🎤🎧 @ Mount Lebanon, Pennsylvania https://t.co/bPko0kQ1Fn",0.0,december5_december6
86,1.3351326851115868e+18,Still makin those masks! Protect yourself and help protect those at high risk! Like me! 33 weeks n 6 days preggo!! #maskup #buffaloNY #singersewingmachine #sewing #sewonandsewforth #mask #covid #pregnant https://t.co/sRBln1rMQS,0.0,december5_december6
87,1.3351335673329336e+18,2020 is proof positive that Americans are really fuckin stupid https://t.co/IeuUbOP46G,-0.16666666666666666,december5_december6
88,1.3351343233228718e+18,Quality #FaceMask #PPE available! Put us in your rotation 😉 #flynative #lifestyle #liveit #fashion #apparel #instagood #onlineshop #ecommerce @ Fly Native Apparel &amp; Sports Group https://t.co/u4FUkYXQdc,0.5,december5_december6
89,1.33513455136299e+18,@cascasvintagedesign is feeling the #2020madness lately. Hanging in there but getting knocked around. 🤦🏻‍♀️Come on #2021 #stayfocused #staysafe #staythecourse #workhard #wearamask #socialdistance #deargodimtrying🙏🏽 https://t.co/aXMzlkFHGc,0.15,december5_december6
90,1.3351348258044928e+18,"Covid19 style. Fixing to go into town and get us some groceries. From the Arlans market. @ Navasota, Texas https://t.co/tP8HDTzlgx",0.06818181818181818,december5_december6
91,1.3351358324626104e+18,112 - Is It Possible To Thrive During A Pandemic?  https://t.co/hZo9J54JZ5,0.0,december5_december6
92,1.3351379186634547e+18,"First flight in nine months
@southwestair #RapidRewards #wearamask @ John Wayne Airport, Orange County https://t.co/uqWrpTQI8n",1.0,december5_december6
93,1.3351388274852413e+18,"Coronavirus case numbers are spiking and now everyone is in a rush to get tested! #thisislosangeles #toliveanddieinla #coronavirus #COVID19 #covidtesting #urgentcare @ Los Angeles, California https://t.co/e0hMjPNkQ6",0.05625,december5_december6
94,1.335147536206549e+18,Just posted a photo @ Quarantine Nola 2020 https://t.co/bu1Vc24fSz,0.0,december5_december6
95,1.3351588076731228e+18,"Tonight’s gig is cancelled. Too much weather and Covid. Stay in, stay safe. @ Backyard Brewery &amp; Kitchen https://t.co/kkxGy7wuer",0.4,december5_december6
96,1.3351645244715663e+18,NJ Prank Show....Covid Safe! @ Hit City https://t.co/g3KRUXjG98,0.45,december5_december6
97,1.3351677934282179e+18,"Big thanks to the @grabillmc KidzMin and Jana Worthman for thinking of our Isaiah while he is in quarantine! What a lovely, thoughtful gesture! ❤️💯💥 @ Harlan, Indiana https://t.co/osffTg9z2Z",0.011111111111111113,december5_december6
98,1.335171441961005e+18,Lol the season's going great https://t.co/weHL2IIOqr,0.0,december5_december6
99,1.3351743333717033e+18,"Deer 🦌 interrupts our quarantine. @ Wake Forest, North Carolina https://t.co/t59TrzvgjI",0.03333333333333333,december5_december6
100,1.3351772222195876e+18,"Sad news. #wearamask 
#socialdistancing #stayhome @ O'Fallon, Illinois https://t.co/6vTAUkNHBU",0.0,december5_december6
101,1.3351785769462292e+18,Saturday morning shenanigans with the crew @richieek541 #yogilife #getoutside  #socialdistancing 🏔☀ @ Bessie Butte https://t.co/6ybR4hYl9A,0.016666666666666666,december5_december6
102,1.3351793781588296e+18,#stevenlmarvin #holtmichigan Covid-19 # @ Steven L. Marvin - Salon and Wellness Spa/An Aveda Concept Salon https://t.co/70ZL6Gz3Q0,0.0066666666666666645,december5_december6
103,1.3350833775113093e+18,Closure on #SouthernStateParkway WB at Exit 15 - North Corona Avenue https://t.co/vWZycbRFnn,0.8,december5_december6
104,1.3350840015816253e+18,"Get there early, if you want a seat...and don’t forget to wear a mask! Also, their NYC style pizza is legit! @ NOLA Brewing https://t.co/Te8lsIFipa",0.13636363636363635,december5_december6
105,1.3350865867452785e+18,"Late breakfast... no pigs out last night... meant no pigs in the blanket this morning!  
I think I want a lockdown crew to brainstorm the near future of OINK NIGHT.  PM me if you qualify! @ Hollywood https://t.co/dntVI2jWBz",-0.05,december5_december6
106,1.335087319498584e+18,"Ombré of teal...made its way to Yorba Linda, CA. #hydrohandles #getagrip #madewithaloha #madeinhawaii #aloha #hawaii #livealoha #yorbalinda #yorbalindaca #stayhomestaysafe #handles #handcrafted #nofilter https://t.co/KmNjzkQ0pZ",1.0,december5_december6
107,1.3350889718948864e+18,"@SS6XX @nrr Anecdotally, as someone who has been getting some necessary system upgrades done, it’s hard as hell to get any contractors for anything, because demand is high and COVID is throwing off schedules. AC install delayed twice because of a positive crew member.",-0.1,december5_december6
108,1.335094053243904e+18,"Arizona: record Covid cases

Arizona governor: let’s go out shopping! https://t.co/QaTtg6hGpl",-0.125,december5_december6
109,1.335094535232303e+18,"Join us for worship tomorrow at 11AM | 2525 Lumpkin Road, or livestream at  https://t.co/xtvkQ3Zmkc. @GeoffTGleason is preaching from Hebrews 11:23-28 » ""Faith and Unbelief."" Hope to see you there.
#faith #worship #church #fortgordon #loveAugusta #COVID19 https://t.co/tsdc8hodOp",-0.003125000000000003,december5_december6
110,1.3350967679190344e+18,Roasty and pea nutty.   Not overwhelming.   This place opened 3 weeks before covid! - Drinking a Peanut Butter Honey Time by @1623brewing @ 1623 Brewing Company  — https://t.co/xTGDsCuzpV,0.0,december5_december6
111,1.33510538277188e+18,Updated: Incident on #SouthernStateParkway WB at Exit 15 - North Corona Avenue https://t.co/hLT3RB3GcJ,0.11931818181818182,december5_december6
112,1.3351053838665892e+18,Not gonna let a little pandemic stop us from our annual visit to The Kings Head Shoppe for British Christmas sweets. @ Ye Olde Kings Head https://t.co/JTCJO5AIoS,0.21212121212121213,december5_december6
113,1.3351072668910264e+18,"America’s Real Pandemic REMIX 🔥🔥🔥🔥
Available on Traxsource Pre order @ Brooklyn, New York https://t.co/yC0ZXUN2X3",0.4,december5_december6
114,1.3351120489094472e+18,"See our latest Burnt Hills, NY job opening. https://t.co/wlHDizZQjG Medical Assistant/LPN - Covid Testing Healthcarejobs",0.4,december5_december6
115,1.335114417386582e+18,"Putting up a little Christmas. @ Corona, California https://t.co/gzA3mb3eb2",0.3,december5_december6
116,1.3351152066625126e+18,"Tell a friend to tell a friend!
#WearAMask #tlchq @ En Nueva York ;-) https://t.co/pYLYuy9F03",0.0,december5_december6
117,1.335117084578128e+18,"A shot of D3 “au natural “ on what I’m hoping is the last leg of this  COVID 19 journey. Goodness knows it’s been a long one. 🤦🤦🤦 @ Lincoln, Arkansas https://t.co/5S7Otr1iiO",-0.3333333333333333,december5_december6
118,1.3351215530932347e+18,"Truly a sad statement...

https://t.co/TjpZfDn6Ss

  . @ New Windsor, Illinois https://t.co/nyXZqDeYeA",0.0,december5_december6
119,1.3351285100972196e+18,Updated: Incident on #SouthernStateParkway WB at Exit 15 - North Corona Avenue https://t.co/vWZycbRFnn,0.2,december5_december6
120,1.3351307556982047e+18,Cleared: Incident on #SouthernStateParkway WB at Exit 15 - North Corona Avenue,0.0,december5_december6
121,1.3351335673329336e+18,"FCK COVID TEES ARE IN STOCK!!! @ Brooklyn, New York https://t.co/bXtzrH6gDv",-0.16666666666666666,december5_december6
122,1.33513455136299e+18,Day 263 of #Quarantine (12.4.20): Thank you to @cfaddicts for having the #TPB of #MightyMorphinPowerRangers &amp; #TeenageMutantNinjaTurtles. #MMPR #TMNT #BestComicStoreEver. @ Comic &amp; Figure Addicts https://t.co/i3495lal0V,0.15,december5_december6
123,1.3351348258044928e+18,"Sorry For The Delay , Appreciate Everyone In Full Support Of Me 🙏🏾📈 , We Only Dropped One Song This Year Thru The Pandemic , January We Flooding Y’all , Stay Tuned #Spotify #ElijahBanx @ Los Angeles, California https://t.co/7RwRblD29O",0.06818181818181818,december5_december6
124,1.3351355772476088e+18,Dropped of pizza for Parker Adventist Hospital today. #frontlineheroes #frontlineworkers #cheflife #foodie #pizza #countryclubchefs #golfchef #heritageaglebendgolfclub @heritageeaglebendgolfclub https://t.co/FeWPjidkeL,0.5,december5_december6
125,1.3351358324626104e+18,On a different anniversary of @Courtney__888’s birth we had a fancy date in the fancy pre-lils restaurant. That’s a good location. https://t.co/8qW7RDsrmo https://t.co/VKWNurvBdF,0.0,december5_december6
126,1.3351384900660797e+18,Check out our #listing in #Corona #CA  #realestate #realtor https://t.co/Yg6tOlUeoU https://t.co/mdmb9WEidG,0.0,december5_december6
127,1.3351388274852413e+18,Stephen was my date to Chimneyville Arts Festival! 💕💕💕 Great turn out and everyone was social distancing!! @ The Mississippi Craft Center https://t.co/fawymRWS3t,0.05625,december5_december6
128,1.3351432381482557e+18,"For my nails done today and I can’t believe how much better I feel ❤️.
#drlizmatheis #thispandemicsucks #covid19 #selfcare #selfcareisntselfish #prettynails #winehelpstoo🍷 @ Livingston, New Jersey https://t.co/KyJ2CPccQG",0.4625,december5_december6
129,1.3351433463570227e+18,Cleared: Incident on #SouthernStateParkway WB at Exit 15 - North Corona Avenue,0.625,december5_december6
130,1.3351472501803622e+18,"Testing and backgrounding (@ Turners Outdoorsman in Corona, CA) https://t.co/6Zck9h3Nd5",0.2,december5_december6
131,1.335147536206549e+18,"Covid Hack 101: when your local park is deemed “unsafe” by government, you drive 10 minutes across the county line to a “safe” park.. @ Thousand Oaks, California https://t.co/6tbBnKOlte",0.0,december5_december6
132,1.3351496746850755e+18,Saturday night at #belvedere #socialdistancing @ Belvedere Uptown Park https://t.co/5lZCz520zu,0.2954545454545455,december5_december6
133,1.3351496757714125e+18,Squeezing in some wine tasting for the day before we go into another lockdown! 🍷 #winetasting #losolivos #solvang #cheers #wineoclock #partnersinwine #cheers @ SAARLOOS AND SONS https://t.co/nB8uEDHrll,0.1875,december5_december6
134,1.335154644390011e+18,"Agree. That’s where my family is at. I sometimes worry that maybe I’m *too* comfortable with staying home, even. https://t.co/LK5rGZUJFA",0.13636363636363635,december5_december6
135,1.3351645255830323e+18,Pandemic dining with Krampus in downtown Monroe :) Thank you for an afternoon that felt close normal  @eastfranksuperette! ❤️ @ East Frank Superette and Kitchen https://t.co/XIMCCIPgOl,0.17045454545454544,december5_december6
136,1.3351645267071345e+18,"When you heard there was a vaccine... @ Atlanta, Georgia https://t.co/DysRqilEsL",-0.125,december5_december6
137,1.3351677934282179e+18,"Custom labels for bottled water and hand sanitizer are available. Please call 402-474-7873 next week to order for Christmas needs. 

https://t.co/IG1kwaphLN @ Roca, Nebraska https://t.co/YxskjDzMlq",0.011111111111111113,december5_december6
138,1.335167845152514e+18,"Chapter 34:

•Thankful for another year. Through the quarantine, people losing their jobs, behind on their rent, I’m blessed  that my house, my family hasn’t experienced and lack. 
•2021 is on the way and I’m excited. https://t.co/A3Ww20ZULF",0.0,december5_december6
139,1.3351679734604145e+18,Closure on #SouthernStateParkway WB at Exit 15 - North Corona Avenue https://t.co/hLT3RB3GcJ,-0.1875,december5_december6
140,1.335171441961005e+18,"BTW...KNOCKOUT WILL BE OPEN AT 2pm TODAY &amp; TOMORROW! Today W/ @paul_costuros &amp; @jeffy_tallywacker 
Tomorrow W/ 
@chadstab &amp;
@popeofyes 
👆🏻 this dude has new winter cocktails for you to taste before lockdown part dos https://t.co/f8IV685R4g",0.0,december5_december6
141,1.3351727185813955e+18,Hello!!! I’ve arrived. A little late due to covid restrictions. @ Laszlo's Iron Skillet Restaurant https://t.co/yEeo1z1c5H,0.25,december5_december6
142,1.3351735665984266e+18,"Who knew that my countless hockey shifts started in fogged glasses were actually preparing me for life in a pandemic? @ Redmond, Washington https://t.co/NT83eNaDo5",0.0,december5_december6
143,1.3351743333717033e+18,"Are you willing,

To be with

 yourself?

This is one of the lessons that can be learned

At any given moment

But particularly in this moment dealing with

#covid_19 

🙏🏾 @ Providence, Rhode Island https://t.co/OGq7S0S7dz",0.03333333333333333,december5_december6
144,1.3351744656221348e+18,"Sad times!

https://t.co/1JD4MK3PVy @ Seattle, Washington https://t.co/kCrJLPMVZN",-0.07777777777777779,december5_december6
145,1.3351745212597821e+18,Really rain and COVID and life??? 😳 @ Damaris at Salon Monet Loft https://t.co/Ls8TAsCBLt,0.3125,december5_december6
146,1.3351745907761725e+18,"I hope this adds a little warmth in your heart today. Find your beauty while staying safe.🧡 #bougainvillea  #californialove #december2020  #stayhome #staysafe @ Burlingame, California https://t.co/hLTykIzvDc",0.065,december5_december6
147,1.3351759279327928e+18,"The happy elf!  Xmas during the pandemic. #2020 @ Woodstock, Georgia https://t.co/ZrRShOgoPR",-0.04444444444444445,december5_december6
148,1.3351785769462292e+18,"It’s beginning to look a lot like Christmas...even during a pandemic @ Concord, Massachusetts https://t.co/e5rjYqeg6q",0.016666666666666666,december5_december6
149,1.3351793770473103e+18,"Only a few more days until Pedro is out of quarantine. Can’t wait to see what shenanigans he gets into this year! @ Kihei, Hawaii https://t.co/BNKRExHrpt",0.2872727272727273,december5_december6
150,1.3351793781588296e+18,"Please join me in dedicating your accounts today to celebrating the birth of @Courtney__888 ☺️😍🥰😚

Warning: the upcoming tweets will include photos Pre-Covid19, we are not fools smashing faces together and hanging without masks these days. https://t.co/ej6OpmFJld",0.0066666666666666645,december5_december6
151,1.3351828842153288e+18,"The United States of America, current situation. 🇺🇸😢#covid_19 #covid #flowers #flowersofinstagram #bokeh @ Lincoln, Nebraska https://t.co/d8HB8oB8w1",0.0,december5_december6
152,1.3351831511954473e+18,@nrr @SS6XX There’s been talk that there have been a lot of home improvement projects now that folks are home so much and can’t spend money on travel. Manufacturing for nearly everything has also been complicated by illness and social distancing concerns.,0.31666666666666665,december5_december6
153,1.335184770867794e+18,"we're at #uptownfortheholidays with some of our most popular items! 
bagel bombs!
quarantine cookies!
cuppies!
joe!
2 to 6 in the alley behind tower theater!! @ Uptown23rd https://t.co/8On1gvlJu1",0.0,december5_december6
154,1.3351860376481546e+18,"Despite the pandemic, we have to make the most of the time we have. Peace and Love ✌🏾❤️🖤💚 @ Baltimore, Maryland https://t.co/pkoRiEzVKx",0.5,december5_december6
155,1.335188738666881e+18,"@AugustParker I have doubts about transmission issue, but regardless, the mask mandates will continue for sometime. Besides, it’s all well and good for someone to say they’ve had their full vaccine course, but do you believe them? Wearing a mask is easier to trust.",0.0,december5_december6
156,1.335189799599186e+18,"Christmas is a time for family. Christmas is a time to love. #christmas #holiday #carloandseb #carloandsebyoutubechannel #carloandsebadventure @sebsalcedo @ Corona, California https://t.co/g17u4cGrUv",0.203125,december5_december6
157,1.3350840015816253e+18,Another monolith sighting! https://t.co/alXHYCTCzx,0.13636363636363635,december5_december6
158,1.3350843445038326e+18,Wear a mask! Getting shoes while we can still go into a store and try them on. #wearamask #familyphotos @ Bloomingdale's https://t.co/ziynyH4vGT,0.13636363636363635,december5_december6
159,1.3350865867452785e+18,"Haven’t done one of these in a while. I call it:

Holiday Shopping During COVID Self-Portrait @ Beverly Hills, California https://t.co/NkJHo2lJ82",-0.05,december5_december6
160,1.335087647396651e+18,"Just wear a ✨damn✨mask. 😷 @ Los Angeles, California https://t.co/BBD2FOyIn1",0.0,december5_december6
161,1.3350894405621678e+18,"100K+ #Google searches 4 @HuskerFBNation 1h old https://t.co/m2Tpydzv2C https://t.co/VHspyHzytq 
#Nebraska 🌅 6:44 🌆 16:04 MST
#Covid19
#Nebraska 11/26/2020
New CS 2394 14DCSΔ +15.7%
New D 28 14DDΔ +19.9% https://t.co/iBagDfxnh8",0.3666666666666667,december5_december6
162,1.3350906765187523e+18,"It's been way too long since I've been out here. Hell of a year, and that's before COVID. @ Garibaldi 12Th St Pier https://t.co/9rRDZhSTgB",0.0,december5_december6
163,1.3350919824111165e+18,"Data includes 392 new positive coronavirus (COVID-19) cases, bringing the District’s overall positive case total to 22,872 and two additional residents lost their lives due to COVID-19. [PR] Coronavirus Data for December 4, 2020  https://t.co/M6gQMbYZHS",0.30000000000000004,december5_december6
164,1.335092116595368e+18,"Under Covid I’ve tried various hand sanitizers, hands down (all puns intended) this smells like heaven! #itsthelittlethingsinlife (@ Soho Beach House - @sbhmiami in Miami Beach, FL) https://t.co/pOGJ5ErgcK https://t.co/oRMueqPZvV",0.0,december5_december6
165,1.335094535232303e+18,"With another shut down coming the clouds rolled in. Soon the sun will shine and a vaccine will be available @ Blackhawk, California https://t.co/clErbKPFgb",-0.003125000000000003,december5_december6
166,1.3350967679190344e+18,"Covid Saturday Update @ Lake Zurich, Illinois https://t.co/a4U55zj3jq",0.0,december5_december6
167,1.3350993456838328e+18,My amazing #hotel #team planning tonites #socialdistancing event.  #alfresco @ Cambria Hotel St. Petersburg - Madeira Beach Marina https://t.co/g53ZDtU1TU,0.2,december5_december6
168,1.335102320703574e+18,Sometimes @Courtney__888 and I show up wearing basically the same outfit. It’s not awkward because those times we definitely planned it. https://t.co/8qW7RDsrmo https://t.co/I5OOpeB2zq,0.0,december5_december6
169,1.33510538277188e+18,"Just a friendly reminder to mask up and protect others - it’s NOT political. 
.
.
#mask #maskup #covid #protectothers #bekind #itsnotpolitical #artwork #procreateart @ Bradenton, Florida https://t.co/5F0PL8jrw2",0.11931818181818182,december5_december6
170,1.3351053838665892e+18,I guess not too bad for LEGS day...! Keeping it as safe as I can during this second wave of the pandemic...and determined to NOT go to pot like I did during the first round! #guns #eosfitness #fitnessgoals #mormonboy https://t.co/qocL5gxsaP,0.21212121212121213,december5_december6
171,1.3351072668910264e+18,"Saturday. Safe at home, tree up, feet on the ground. The holidays have begun. #saferathome #staysafe #xmas2020 #gettingthroughit #covid_19 @ West Hollywood, California https://t.co/ouOeG8Da74",0.4,december5_december6
172,1.335109020357714e+18,Just posted a photo @ Quarantine Nola 2020 https://t.co/KIEnZcKF0o,0.13636363636363635,december5_december6
173,1.3351120489094472e+18,"Starting Monday VFM is offering rapid (10min) #COVID19 testing with 100% specificity @ Virginia Family Medicine, LLC https://t.co/S0okxwXsdo",0.4,december5_december6
174,1.335114417386582e+18,"Holiday tulips,  #free piano in the background=newest pandemic hobby. Snowy, wet day in #wny. @ Fairport, New York https://t.co/z94qwbyne1",0.3,december5_december6
175,1.3351152066625126e+18,"Typical day in my pandemic life... #Clouds #Laundry #Sunsets #NoFilter #Timelapse #iPhone12ProMax #SweetHomeChicago @ South Loop, Chicago https://t.co/0G6YxTMwRf",0.0,december5_december6
176,1.3351162332140503e+18,The first and the last object found on the day out for errands and gym #mask #ppe #washingtondc @ Mount Pleasant https://t.co/HvUviEfNTj,-0.04375000000000001,december5_december6
177,1.3351186236487025e+18,"Little did we know my Birthday celebration weekend would be our last hurrah before lockdown! Cheers! 🥂🍻❤️🥳🎉 
•
#Birthday #Wine #Love #FuckCovid #FessParker #SantaBarbara #LosOlivos #SantaYnez #Winery @ Epiphany Cellars https://t.co/e9PyJi9ena",0.0,december5_december6
178,1.335120105106096e+18,"Today I’m spending time outdoors. The pandemic has kept me indoors for weeks at a time, and now it’s time to get back out. @ Gwinnett County, Georgia https://t.co/ICOxAOrLWQ",0.08333333333333333,december5_december6
179,1.3351204052212982e+18,"Salty Dan Rather is a national treasure.
#wearamask😷 @ North End https://t.co/o6vnj6H6s7",0.425,december5_december6
180,1.3351215530932347e+18,Still here since October #mask #ppe #washingtondc @ Mount Pleasant https://t.co/4MaZTDezTM,0.0,december5_december6
181,1.3351294823578583e+18,"#pandemic #sanity #dance @moodhoops #nyc #uws #workthatbooty @carbon38 @ New York, New York https://t.co/PRDqNW1SQy",0.35,december5_december6
182,1.3351307556982047e+18,Literally a ghost zone... because pandemic... why am I even at work? @ Fashion District Philadelphia https://t.co/XumcniMNX4,0.0,december5_december6
183,1.3351335673329336e+18,Third wheel on U St and Florida Ave #gloves #ppe #washingtondc @ Dupont Circle Neighborhood https://t.co/oVymclipTS,-0.16666666666666666,december5_december6
184,1.3351343233228718e+18,"Find a local business to support. Buy some food, beers and some merc

@ranchpdx #covid_19 #smallbusiness #woodland #smallbusinesssaturday @ Northeast, Portland https://t.co/pPtVQOGr2E",0.5,december5_december6
185,1.33513455136299e+18,"Cannot believe this beautiful spread our good friend Pam rudell just delivered to save us from starving while we're in quarantine cannot thank her enough for all she did.@pamelarudell ❤️😍 @ Moorpark, California https://t.co/Pf1McTQe9C",0.15,december5_december6
186,1.3351348258044928e+18,"The tradition continues, despite #covid19. #wolftrap #holidaysingalong #wolftrapsingalong #christmastraditions @ The Jewell Family Fort https://t.co/TziCT08ICx",0.06818181818181818,december5_december6
187,1.3351379186634547e+18,#WeAreAllInThisTogether #StayHome #BeSafe @ Nabolom Bakery &amp; Pizzeria https://t.co/0IfSZAsgIc,1.0,december5_december6
188,1.3351432381482557e+18,"This “pop” of color went to Columbia, SC! #hydrohandles #getagrip #madewithaloha #madeinhawaii #handcrafted #handmade #livealoha #aloha #hawaii #columbia #columbiasc #stayhomestaysafe #nofilter https://t.co/cb7pcjI35e",0.4625,december5_december6
189,1.3351433463570227e+18,"Happy birthday to my favorite human, @duganinja. May the next year be the best one yet. You are basically the reason for the season and the greatest quarantine-mate that ever existed in the history if ever. https://t.co/VWsHC0sOAU",0.625,december5_december6
190,1.3351472501803622e+18,"From the Panamanian newspaper earlier this year, #Robertoduran #manosdepiedra el Cholo, fought from 1968 until 2001.... he added another KO to his record. Defeating the China COVID virus. #boxeo https://t.co/0D2mKtpn78",0.2,december5_december6
191,1.3351480973291233e+18,All the Cage: UFC's lucrative pandemic response; Perry's new money-making gimmick - Yahoo Sports: All the Cage: UFC's lucrative pandemic response; Perry's new money-making gimmick  Yahoo Sports https://t.co/MOuqiBjuZk via https://t.co/RnBkpWuMmh,0.0,december5_december6
192,1.3351496746850755e+18,"Don't know how my local got it, but I snagged it! - Drinking a FVCK COVID by @ale_asylum @ LOT Compound  — https://t.co/hnF0LUihun",0.2954545454545455,december5_december6
193,1.3351496757714125e+18,"The only good thing about COVID is that I’m constantly  told that I look like The Winter Soldier.  🤷🏻‍♂️ #BuckyBarnes @ Los Angeles, California https://t.co/oXLz4fMUEN",0.1875,december5_december6
194,1.3351645255830323e+18,"#WearAMask #wereinthistogether #PleaseDoYourPart #COVID19 @ Garden Grove, California https://t.co/iNKMWE7WqY",0.17045454545454544,december5_december6
195,1.3351652741237187e+18,"Home blood draws are essential during the pandemic. Thank you to our brave technicians! #covid_19 #covid #essentialworkers #healthcareworkers @ Escondido, California https://t.co/p5wMzcwJnL",0.13636363636363635,december5_december6
196,1.3351677934282179e+18,"Please Support Small Businesses @evansbrewingco Buy #Goverhater #Beer #California #Shutdown #viralpost #takeout @ Corona, California https://t.co/d1Z63n4hL0",0.011111111111111113,december5_december6
197,1.335167845152514e+18,"Hidden in autumn leaves #gloves #ppe #washingtondc @ V Street, NW https://t.co/fM4Q44I9oP",0.0,december5_december6
198,1.3351700848059474e+18,"Covid is real that’s why I party on my balcony @ Arlington, Texas https://t.co/DcpmV26w5Q",-0.0625,december5_december6
199,1.3351710982840893e+18,"#smdh even in the midst of a #pandemic #covid19 @who this is still going on here in #tennessee this is why I need this #money to #help for #hardtimes @ Antioch, Tennessee https://t.co/rkPZVbI4qN",-0.1,december5_december6
200,1.3351727185813955e+18,"Quarantine Garden Update: Need to decided when I should harvest this pepper. Melons and cucumbers are dunzo. Jalapeños are still thriving and surviving. 🫑👩🏻‍🌾🌶 @ Tucson, Arizona https://t.co/JnOhTkY864",0.25,december5_december6
201,1.3351735665984266e+18,"Thanks to the NWN elves for decorating the park this morning! Hope to see you this evening at 5pm to look at the lights! Please wear a mask, byob, and stay 6 ft apart. @ Drew Nielsen Neighborhood Park https://t.co/p8sAsye1NV",0.0,december5_december6
202,1.3351744656221348e+18,Old Navy for the win! New Sherpa jacket and $5 per pack masks to settle into staying home and staying safe. #oldnavy #stayhome #staysafe #workfromhomestyle @ Old Navy https://t.co/PHkyEEg6bl,-0.07777777777777779,december5_december6
203,1.3351745907761725e+18,Looking to score a job at Fresenius Medical Care? You're in luck. Click the link in our bio for the job description and information on how to apply: COVID-19 Per Diem - Acute Dialysis Registered Nurse #Dialysis #RN,0.065,december5_december6
204,1.3351772222195876e+18,"Genuinely grateful the first time I need to get a Covid test is in preparation for a surgery rather than...you know, having symptoms of Covid. It's the little things, right? @ Oregon https://t.co/huNYzyZgSm",0.0,december5_december6
205,1.3351785769462292e+18,"Stops #2 and #3 on our pre-lockdown wine tour! #epiphany #buttonwood #solvang #losolivos #winetasting #wineoclock #cheers #partnersinwine @ Los Olivos, California https://t.co/MQBCm6xOkH",0.016666666666666666,december5_december6
206,1.3351793770473103e+18,Trying to eat some grub before this #lockdown  #bullshit #foodporn @ Blue Water Seafood https://t.co/aMDOLxqIC3,0.2872727272727273,december5_december6
207,1.3351831511954473e+18,"This is a great idea for multiple reasons, not the least of which is the opportunity to be one of the *writers* of history and not just the subject of someone else's interpretation (or white washing) of your experiences. https://t.co/8dFRgcvHgh",0.31666666666666665,december5_december6
208,1.335184770867794e+18,"NCR Project will be playing tonight!  Come on out for some great live music. Please observe all mandated mask and social distancing guidelines. @ Finnegan's Wake - Pickerington, OH https://t.co/olwcSmgVQu",0.0,december5_december6
209,1.335185613495165e+18,"🎾 Practice makes perfect! Stay positive and keep active during these pandemic days. 
.
#slocountryclub #clublife #sanluisobispo #tennislife  #staypositive #keepactive @ San Luis Obispo Country Club https://t.co/SD42JtlgmF",0.25,december5_december6
210,1.335188738666881e+18,The #hilton 's #heart in #blackandwhite waiting for the Pandemic to end. Damn it's cold 🥶 in DC! @ Washington D.C. https://t.co/zUNxTTfm2a,0.0,december5_december6
211,1.3350833775113093e+18,I'm trying my best to not fall asleep on this ass whooping #GeauxTigers @ Quarantine Nola 2020 https://t.co/hJhoYG4fdO,0.8,december5_december6
212,1.3350840015816253e+18,"No lockdown is gonna keep me from the gym. 💪🏽 Get Fit, Get Strong, Stay Healthy. This is essential! 🙌🏼@chadcrouse @ Athletic Society - Westlake Village https://t.co/3IQVMvYVsY",0.13636363636363635,december5_december6
213,1.3350865867452785e+18,This is very cool. https://t.co/8dFRgcvHgh,-0.05,december5_december6
214,1.3350871819966833e+18,It's almost worth it to risk catching Covid to have seen this! @ Arundel Mills https://t.co/2Jy3MIpGkx,0.0,december5_december6
215,1.335087319498584e+18,"Field Based Community Health Worker - Jacksonville, FL Area - UnitedHealth Group - Jacksonville, FL https://t.co/puByx1AHvU",1.0,december5_december6
216,1.335087647396651e+18,"Well this happened today!!! Ace number 4! 16th at @dragonflygolfclub Amazing! Covid-ace. @ Fresno, California https://t.co/xNPiVsWhdz",0.0,december5_december6
217,1.3350889718948864e+18,"Don't submit then quit. Apply for jobs like ""Driver Class A Home Daily Mon - Fri $21.50/hr"" at Ryder, then look for people you might know at the company. You might be able to reach out to HR directly. Ready to apply? Check out the link in our bio. #Transportation #Corona, CA",-0.1,december5_december6
218,1.3350919824111165e+18,Pandemic date night cocktails at the Stella Wheel in Ridgewood with my girlfriend. @ Steel Wheel Tavern https://t.co/RB9VCFaEns,0.30000000000000004,december5_december6
219,1.335092116595368e+18,"I’m told it cures Covid too. Happy Repeal Day you lushes. #nashville #repealday #covidcure #curedoak #bourbon #whiskey #drinkcurious #cheersyall @ Brentwood, Tennessee https://t.co/i8Mm7ak2rT",0.0,december5_december6
220,1.335094053243904e+18,RabbitHole: Episode 59 - The Pandemic Stories (Featuring Ken Sagoes)  https://t.co/TJpsQx5WcZ,-0.125,december5_december6
221,1.335094535232303e+18,"In my own element. Staying safe. So do the same. #element #sikh #room #bedroom #mirrors #punjabi #nba #wizards #dmv #md #covid_19 #quarantine @ Potomac, Maryland https://t.co/vSvnM3tJnl",-0.003125000000000003,december5_december6
222,1.335102320703574e+18,"Do, your, first (slow British accent) ~ @manteo_athletics @manteoxctf #gallery @ https://t.co/JGiIEklgXJ #canon #crosscountry #sportsphotography #GetLeft &amp; wear a #mask @ Manteo High School https://t.co/FeuxiVR8QQ",0.0,december5_december6
223,1.33510538277188e+18,"Be a good American like #Grogu and #wearamask😷 #babyyoda #hisnameisgrogu @ New York, New York https://t.co/USsArtTwkx",0.11931818181818182,december5_december6
224,1.3351053838665892e+18,"My city on lockdown... @ Los Angeles, California https://t.co/pzE3qG9OUR",0.21212121212121213,december5_december6
225,1.3351068892905677e+18,"Last gig of 2020...
FAQ Covid🖕🏿 @ Mastro's Restaurants https://t.co/YDJIuVRCFx",0.06818181818181818,december5_december6
226,1.3351072668910264e+18,"Even in COVID I had to get out to buy a birthday present for one of my besties.  LOVE @r13 . ❤️❤️ @ New York, New York https://t.co/b3pIjQAclh",0.4,december5_december6
227,1.3351079278002422e+18,"Cigars, spirits, &amp; social distancing around the fire.  Simple Saturday night.  @basilhaydens @caocigars #cigarbruhz @cigaraficionado #cigarlife #cigar @ Auburn, Alabama https://t.co/TQpbAN3TvZ",0.0,december5_december6
228,1.3351120489094472e+18,"I've been working from home for a few weeks and will be indefinitely. It's weird. I had a lot on my mind today and it was nice escaping in a batch of MOODs. @ Minneapolis, Minnesota https://t.co/jKMCDUoCeB",0.4,december5_december6
229,1.335114417386582e+18,Gonna spend the next several months chilling near my tiny grill until I get the vaccine. @ North Park https://t.co/JT7KV1K3nu,0.3,december5_december6
230,1.3351152066625126e+18,"In my own element. Staying safe. So do the same. #element #sikh #room #bedroom #mirrors #punjabi #nba #wizards #dmv #md #covid_19 #quarantine @ Potomac, Maryland https://t.co/vSvnM3LkeT",0.0,december5_december6
231,1.3351162332140503e+18,Splurged a little on a local restaurant that's closing at the end of the month due to COVID.  Delicious Lomo Saltado from Mango #stayhome #eatlocal @ Mango Peruvian Cuisine https://t.co/btNU7I3EN2,-0.04375000000000001,december5_december6
232,1.3351186236487025e+18,"Station 16 Margarita  🍹
#station16 #sacramento #midtown 
#socialdistancing #margarita #tequila #limejuice #torresorange #simplesyrup #tajinrim #saturdayvibes @ Station 16 https://t.co/XjKjrb0wvg",0.0,december5_december6
233,1.335120105106096e+18,Stop #4 on our pre-lockdown wine tasting tour. #winetasting #wineoclock #cheers #fessparker #losolivos #partnersinwine @ Fess Parker Winery https://t.co/rLOOxJ7PpX,0.08333333333333333,december5_december6
234,1.3351204052212982e+18,"Snug quarantine lyfe. 🖤🐶🖤💤🖤 @ Fairfield Glade, Tennessee https://t.co/NUDi3DHyNX",0.425,december5_december6
235,1.3351215530932347e+18,"Social distancing. 572/... - Drinking a Me Seeks by @ironmongerbeer @ Dunwoody, GA  — https://t.co/OsVFU6bnLH",0.0,december5_december6
236,1.335123987328856e+18,Taking my baby on a date before the next lockdown closes down the patio dining for 3 weeks! We will definitely be back! #datenight @ Le Papagayo https://t.co/LIdk1sFnXw,0.0,december5_december6
237,1.3351242232081408e+18,"Lovin Covid lock down Cali style w great friends and my 😍! Celebrating @morganpiper thanks @pdaydoh for amazing weekend! @ Big Bear Lake, California https://t.co/pYz8R23UTa",0.175,december5_december6
238,1.335124680974459e+18,"So grateful to be able to see each other!  Swipe for an excited Kara &amp; our “always wear a mask, kids slash smizing” photo.  #holidaysweater @ The Press Room Chicago https://t.co/XWCOgtmnpj",-0.15000000000000002,december5_december6
239,1.3351285100972196e+18,Needed a change of scenery on lockdown eve. @ San Buenaventura State Beach https://t.co/ZNTlyruEk0,0.2,december5_december6
240,1.3351294823578583e+18,"One nice thing about having to wear a mask....they keep your face warm @ State College, Pennsylvania https://t.co/vOzsjZDO8c",0.35,december5_december6
241,1.3351307556982047e+18,This is our main man George. He appreciates the effort and enjoys his @_singley designer TEE for covid cover #1 how long by #thenewloureeds @ Greenpoint Historic District https://t.co/CDfMekj9b0,0.0,december5_december6
242,1.3351326851115868e+18,this is twenty-eight 💕✨friends since two-thousand-thirteen BC (before coronavirus 😂) @ Let's Meat Kbbq https://t.co/9BxcWxXht6,0.0,december5_december6
243,1.3351335673329336e+18,"Too old for a boyfriend but😂😂😂😂Posted @withregram • @teesha_the_gemini Nah I need a nigga in a wheelchair, y’all niggas with legs be doing to much😩😂 @ Quarantine Nola 2020 https://t.co/rWVcVQUz1J",-0.16666666666666666,december5_december6
244,1.3351343233228718e+18,Date night at Westgate. COVID-style 😷 - Drinking a Double Pumpkin Porter by @fourpeaksbrew @ The Lola AZ  — https://t.co/CEZMX82GJ9,0.5,december5_december6
245,1.3351348258044928e+18,"AC Flora ""student section"".  Um, COVID protocols? And we couldn't bring our band? Just saying... @ Charlie W. Johnson Stadium https://t.co/1wC9n72YLA",0.06818181818181818,december5_december6
246,1.3351355772476088e+18,"Documenting the onset of COVID-19 and the Coronavirus outbreak during the 76-day lockdown in Wuhan, China, #76Days is a powerful historical record of a nation in crisis, on the cusp of a world soon to be changed forever. #SFCS  https://t.co/acph1gkBa9",0.5,december5_december6
247,1.3351379186634547e+18,"I promise to play nice if you do.

We are open from 5p to midnight during #lockdown #parttwo a.k.a #lockdownthe2nd ..Rules are more relaxed than ever in here.. Basically, dont fight and its all good.

#rhinolions https://t.co/KPxkyHCvB2",1.0,december5_december6
248,1.3351384900660797e+18,#LiveStreamMusic -Wolff Rock the Lockdown !! https://t.co/LEbfFmvSkX #Rock #Alternative,0.0,december5_december6
249,1.3351388274852413e+18,"Oy....
What A Day...
Study But Not Busy...

Glad It's Over...

TTY8trs Peeps
Member, Panda Loves Ya
🐼 ❤ 

#Frybread #IceTea #StayHome #WearAMask @ Earls Family Restaurant https://t.co/7v36DmOsDZ",0.05625,december5_december6
250,1.3351432381482557e+18,#lol #foradultsonly #covid_19 #gifts @danettesoasis #ornaments #facemask #toiletpaper #shopsmall with us for great gifts! @ Danette's Urban Oasis https://t.co/w1alhiZpek,0.4625,december5_december6
251,1.3351472501803622e+18,"Pre-lockdown throwback: BONE THUGS-N-HARMONY in 2013!
Your support is critical, please help!
https://t.co/UAgVRJ1KpR
https://t.co/FG6NbXnzpZ - For all your pizza and drinking needs!

#dnalounge #bonethugsnharmony #tastemakerlive #seanhealy #guerillaunion #hiphop #livemusic... https://t.co/OUQPvheMnu",0.2,december5_december6
252,1.3351480973291233e+18,We’re over it bro 🤷🏽‍♂️ https://t.co/CrFrrZKy7m,0.0,december5_december6
253,1.3351496746850755e+18,Nine #masks and eight #gloves #ppe during the errands on the first Saturday of the month #washingtondc @ Washington D.C. https://t.co/dZvfIvP5qv,0.2954545454545455,december5_december6
254,1.3351496757714125e+18,RUN!! #COVIDICU #covid_19 @ Maryland https://t.co/TgPClLhCP2,0.1875,december5_december6
255,1.335154644390011e+18,A must win game for the Az Cardinals. A division appointment with playoff implications. Come out wear your mask for the Cardinals watch Party. Great food and drink specials. @ Founding Fathers Kitchen https://t.co/aXXpHW1xEP,0.13636363636363635,december5_december6
256,1.3351588076731228e+18,"How Trump's corrupt government screwed over #SmallBusinesses with disproportionately large #PPP ""relief funds"" for some of the biggest businesses &amp; Trump's own friends...Like Tom Brady, who stole over a million of your dollars

 https://t.co/gy5L3sQLul #CorruptTrump #COVID19 #SMB",0.4,december5_december6
257,1.3351645244715663e+18,"10 years ago today, I got my 20 pearls! Although we can’t all celebrate together cause of COVID, I still got my line sisters with me!
-artwork by me, prIVYte dancer, 12.5.2020 @ New Orleans, Louisiana https://t.co/tt11oyGQ6Y",0.45,december5_december6
258,1.3351645255830323e+18,"DISPATCHES FROM THE PORTLAND LOCKDOWN DAY 262: Artificial foliage was deployed to the common area in an effort to boost morale. @ Portland, Oregon https://t.co/YgdE6sY1fb",0.17045454545454544,december5_december6
259,1.3351645267071345e+18,"Total Corona day!! @ Mount Vernon, Ohio https://t.co/s8tXKQhmG0",-0.125,december5_december6
260,1.3351652741237187e+18,"Short night of fights tonight because #Covid is undefeated vs @ufc lol @ Brooklyn, New York https://t.co/3duBXDCcwe",0.13636363636363635,december5_december6
261,1.3351677934282179e+18,One  more dinner out before lockdown @25lusk @ Twenty Five Lusk https://t.co/n1mxhA6bLV,0.011111111111111113,december5_december6
262,1.3351679734604145e+18,"@ItsMeDoublEE @karol Yeah, having reviewed these screenshots, I think she’s pretty credible. We have like 8 months of data since she wrote that at the beginning of a pandemic involving a novel virus.",-0.1875,december5_december6
263,1.3351710982840893e+18,"One last socially distanced meal, then swim, pre-regional lockdown

#sunset #sunsetphotography #missionbeach #nofilter #shotoniphone #sandiego #sandiegogram #goldenhour #california #socalliving #socal @ Draft https://t.co/IWlwV0hsjS",-0.1,december5_december6
264,1.3351727185813955e+18,Vaccinate her now!! https://t.co/ccIVcVdwZN,0.25,december5_december6
265,1.3351729519733678e+18,💉🔥#rapper #vaccine #covid19 #freestylerap #bars #jersey #phillyrap #hiphophead #hiphopmusic LINK IN BIO 4 MUSIC🍟 @ New Jersey https://t.co/0alOkplXBz,0.0,december5_december6
266,1.3351735665984266e+18,"This Pharmacist job might be a great fit for you. Click the link in our bio to see it and more. CA Pharmacist - COVID 19 Vaccine Support at CVS Health #Tiburon, CA",0.0,december5_december6
267,1.3351743333717033e+18,"He is Christmas to me.
.
#christmas2020 #stayhome #love #christmastree ##happyholidays #tradition @ Peekskill, New York https://t.co/aLRlfSL6xq",0.03333333333333333,december5_december6
268,1.3351744656221348e+18,"Social distancing. 571/... - Drinking a Winter Solstice by @avbc @ Dunwoody, GA  — https://t.co/FY6PHqeadm",-0.07777777777777779,december5_december6
269,1.3351745212597821e+18,"Twenty years nursing, and this is the first time I’ve ever seen orange nitrile gloves. Interesting times indeed. Guess they ran out of blue?

#covid_19 #nurselife @ Mission District https://t.co/PIUXwy9Gor",0.3125,december5_december6
270,1.3351745907761725e+18,"Saturday  afternoon ...on the way home  from work ...Nice sunset view ..
#saturdaymood 
#saturedayafternoon @ Los Angeles, California https://t.co/2lsXtF5TgY",0.065,december5_december6
271,1.3351772222195876e+18,"Run Like A Girl ~ @manteo_athletics @manteoxctf @chssocs @beargrass_sports #gallery @ https://t.co/JGiIEk3G6b #canon #crosscountry #sportsphotography
#GetLeft &amp; wear a #mask @ Manteo High School https://t.co/k0CRkd8ark",0.0,december5_december6
272,1.3351785769462292e+18,We keep receipts. @ Quarantine https://t.co/as0kjK3fKc,0.016666666666666666,december5_december6
273,1.3351793781588296e+18,"I do really enjoy visiting Melbourne, but that ain’t it. https://t.co/powTHn2ACW",0.0066666666666666645,december5_december6
274,1.3351817862974546e+18,These pretty berry bushes are a reminder that parks are still open and the cleanest air can be found here. I’m definitely not excited for another full lockdown but getting out for some beauty. @ Golden Gate Park https://t.co/2yxSUIMvBG,0.0,december5_december6
275,1.3351828842153288e+18,"Situation Update, Dec. 5th - Operation Warp Speed is a CCP-engineered conspiracy to cause mass vaccine casualties across the United States military https://t.co/IN9UolHDut https://t.co/kojyyJUVph",0.0,december5_december6
276,1.3351831511954473e+18,"😌🍁💨 #happysaturday  #quarantine #selfie #handsome #mexican #latinboyz #zzz #sniper #faded #instagood #instadaily #instalike @ Redding, California https://t.co/rf3PC2RRSg",0.31666666666666665,december5_december6
277,1.335184770867794e+18,First shipments of coronavirus vaccine will fall short - CNN https://t.co/HrTDZyF80m https://t.co/PM02CUTfMl,0.0,december5_december6
278,1.335185613495165e+18,"Love it my hooded pullover with built it mask 😷 #mask #cover #facecovering #socialdistancing @ Queens, New York https://t.co/WLSCkYxn5P",0.25,december5_december6
279,1.335189799599186e+18,#socialdistancing #church #BibleStudy @ The Wakey Bakey Pastry Shoppe https://t.co/YwX9ZwxDqm,0.203125,december5_december6
280,1.3351905649799373e+18,Just posted a photo @ Quarantine Nola 2020 https://t.co/isJ4WcEsX5,0.0,december5_december6
281,1.3350811398835364e+18,it’s saturday! looking to step out tonight? i’ll be in the mix @chicarestaurants inside the beautiful @venetianvegas. no cover and music starts at 9:30pm! social distancing and masks required. #djlife #lasvegas #vegas https://t.co/weWa7Jh4Xn,0.06818181818181818,december5_december6
282,1.3350840015816253e+18,Beautiful weather and ducks are having fun. #ducks #golf #mountainmeadows #pomona #pandemic #sunshine @ Mountain Meadows Golf Course https://t.co/Yt2Cbb7Zly,0.13636363636363635,december5_december6
283,1.3350843445038326e+18,Merry Christmas to everyone especially our team here at Schooner station we appreciate everything you've done through the pandemic shut down! @ Schooner Station Pizzeria &amp; Sports Pub https://t.co/ZFE6Le80JA,0.13636363636363635,december5_december6
284,1.3350871819966833e+18,"Just some random thoughts on the state of my chosen profession in the midst of this pandemic. I enjoy hybrid teaching, but dislike intensely having to navigate the constantly-changing landscape of Covid-19. https://t.co/FDJdZwwsBj",0.0,december5_december6
285,1.335087647396651e+18,"Pre lockdown vibes! (@ Nighthawk in Redwood City, CA) https://t.co/FIK9sBwEdx https://t.co/0sie4e7UGh",0.0,december5_december6
286,1.3350894405621678e+18,Another night of COVID workouts @ Forever Fitness 24 https://t.co/QYcJIxFOYx,0.3666666666666667,december5_december6
287,1.3350906765187523e+18,The final feast before the lockdown! @ Taegukgi Korean BBQ House https://t.co/8NFeojEloF,0.0,december5_december6
288,1.3350919824111165e+18,"On this day... Before the pandemic, before the masks, and before the virus, Catholics and Jews came together at San Fernando event center to celebrate Hanukkah. #hanukkah #catholic #jewish #celebrate #veronicasvisions https://t.co/t5GwGyymGv",0.30000000000000004,december5_december6
289,1.335092116595368e+18,Happy Saturday from @battlemage_brewing! Enjoying the last weekend before lockdown. @ Battlemage Brewing Company https://t.co/J6JAAaVtr0,0.0,december5_december6
290,1.3351007987710157e+18,"New ""A Corona Carol"" Vid Out Now. LINK IN BIO @ Brooklyn, New York https://t.co/Puq1Q26huP",0.5,december5_december6
291,1.3351015929330442e+18,"Um, yes, probably because she was outside? https://t.co/EkYHw8MEDu",0.7125,december5_december6
292,1.335102320703574e+18,Keeping it wild in quarantine... #socialdistancing in the Angeles National Forest! @ Los Angeles National Forest https://t.co/S6iPpZSQzT,0.0,december5_december6
293,1.33510538277188e+18,"Shelly Cupcake bad kitty! 🙀🎄😻💚 #gingercat #teamginger #christmastree #thankful #grateful #love #staysafe #wearamask #stayhome @ Norwalk, California https://t.co/77azqOSJPr",0.11931818181818182,december5_december6
294,1.3351068892905677e+18,"Nils vs Corona virus from Nils Live From Home tune in every Sat 6pm PST @ West Hills, Calif. https://t.co/e4kT1smw5s",0.06818181818181818,december5_december6
295,1.3351072668910264e+18,"We are ready for a vaccine to get college hockey going again! #riverhawkhockey #ncaahockey #hockeyeast #unitedinblue @ Nashua, New Hampshire https://t.co/dQYiO0uYjV",0.4,december5_december6
296,1.3351079278002422e+18,"#Peaceful - This has been the room I have started most days during Covid. Grateful to have a space to read, think, and share ideas with @ahrensfit as we all navigate 2020. #Ahrens6 #homesweethome @ Batavia, Illinois https://t.co/5kaNa3mVi7",0.0,december5_december6
297,1.335109020357714e+18,"@RTravisBrenda @buckethoover I’m extremely hopeful these stories &amp; the ever growing confirmed information about the virus will change some hearts and minds. #MaskUpKy 

https://t.co/XttoAizASe",0.13636363636363635,december5_december6
