,id,tweet,sentiment,date
0,1.2517219498996654e+18,❤#SaveTheWorld from #Coronavirus!  Recycle empty soda bottles into face shields and become a hero!   #BillionShields  Arabic https://t.co/YrxltDqaph #TogetherAtHome ! https://t.co/NxagMvrMKd,0.16666666666666666,april19_april20
1,1.251722077905789e+18,#BillionShields Challenge is here! ?I challenge you to #SaveTheWorld:thanksdoc: from #Coronavirus! #TogetherAtHome ! https://t.co/aGqt3i5lA9,0.15416666666666667,april19_april20
2,1.2517226364150743e+18,I challenge you to ?#SaveTheWorld from #Coronavirus! Recycle empty soda bottles into face shields and become a hero!   #BillionShields  Russian https://t.co/lunyFgaptB #TogetherAtHome ! https://t.co/T2blfFxPR4,0.4166666666666667,april19_april20
3,1.2517226692145316e+18,❤❤ I challenge you to #SaveTheWorld from #Covid-19! Recycle empty soda bottles into face shields and become a hero!  https://t.co/b5luv683Ov #TogetherAtHome ! https://t.co/KOK4BPmWga,0.4166666666666667,april19_april20
4,1.2517230899871089e+18,"Free Chat Lines! Social Distance on the phone!!!!! 712-432-2025

#covid #covid19 #socialdistance #socialdistancing #chatline #partyline #newfriends #meetandgreet #meetandgreetgoals #relationship #relationshipgoals… https://t.co/AIArs00ycd",0.1333333333333333,april19_april20
5,1.2517231369298698e+18,#BillionShields Challenge is here! ?I challenge you to #SaveTheWorld:thanksdoc: from #Coronavirus! https://t.co/b5luv6pEG3 #TogetherAtHome ! https://t.co/9s7b433etU,0.5111111111111111,april19_april20
6,1.25172355920819e+18,❤#SaveTheWorld from #Coronavirus!  Recycle empty soda bottles into face shields and become a hero!   #BillionShields  Arabic https://t.co/YrxltDqaph #TogetherAtHome ! https://t.co/uEAQz3ff7b,-0.15625,april19_april20
7,1.2517237399952957e+18,"Keeping it safe with my boy @KennethLion at @thecomedystore time to go back to my trailer and meditate #covid #comedy #quarantine @ West Hollywood, California https://t.co/maIJa7bxgm",-0.0625,april19_april20
8,1.251723828285395e+18,#BillionShields Challenge is here! ?I challenge you to #SaveTheWorld:thanksdoc: from #Coronavirus! #TogetherAtHome ! https://t.co/MgBcaiQMfk,-0.0625,april19_april20
9,1.251724004550992e+18,❤❤ I challenge you to #SaveTheWorld from #Covid-19! Recycle empty soda bottles into face shields and become a hero!  https://t.co/b5luv683Ov #TogetherAtHome ! https://t.co/W6e8t2roEo,-0.15625,april19_april20
10,1.2517240931892306e+18,I challenge you to ❤#SaveTheWorld from #Coronavirus! Recycle empty soda bottles into face shields and become a hero!   #BillionShields  Russian https://t.co/lunyFgaptB #TogetherAtHome ! https://t.co/docprHeD2N,0.0,april19_april20
11,1.251724373100241e+18,I challenge you to ?#SaveTheWorld from #Coronavirus! Recycle empty soda bottles into face shields and become a hero!   #BillionShields  Russian https://t.co/lunyFgaptB #TogetherAtHome ! https://t.co/joA4DklaqK,0.25,april19_april20
12,1.2517246223215903e+18,#BillionShields Challenge is here! ?I challenge you to #SaveTheWorld:thanksdoc: from #Coronavirus! https://t.co/b5luv683Ov #TogetherAtHome ! https://t.co/NBWObw1l0D,-0.15625,april19_april20
13,1.2517253206941778e+18,I challenge you to #SaveTheWorld❤ from #Coronavirus! Recycle empty soda bottles into face shields and become a hero!   #BillionShields #Bottles2Shields  Spanish https://t.co/Dzh14jOsuB  #TogetherAtHome ! https://t.co/7QUgqPWv1V,0.0,april19_april20
14,1.2517256408538522e+18,❤❤ I challenge you to #SaveTheWorld from #Covid-19! Recycle empty soda bottles into face shields and become a hero!  https://t.co/b5luv683Ov #TogetherAtHome ! https://t.co/SZcCyEZQcg,0.021645021645021644,april19_april20
15,1.2517257433374188e+18,Thread https://t.co/tbm9rqFrd0,0.21904761904761905,april19_april20
16,1.25172622084642e+18,❤❤ I challenge you to #SaveTheWorld from #Covid-19! Recycle empty soda bottles into face shields and become a hero!  https://t.co/b5luv683Ov #TogetherAtHome ! https://t.co/ugRYVQ4dwC,-0.15625,april19_april20
17,1.251726397090992e+18,I challenge you to ❤#SaveTheWorld from #Coronavirus! Recycle empty soda bottles into face shields and become a hero!   #BillionShields  Russian https://t.co/lunyFgaptB #TogetherAtHome ! https://t.co/ohgBbNDgKN,-0.0625,april19_april20
18,1.2517264336275825e+18,❤ I challenge you to #SaveTheWorld from #Coronavirus! Recycle empty soda bottles into face shields and become a hero!  https://t.co/b5luv683Ov #BillionShieldsChallenge ! https://t.co/g6aUZFabiG,1.0,april19_april20
19,1.2517267496683807e+18,Which man get his nails done?   A or B?   #nails #nailsofinstagram #nails💅 #nailsonfleek #nailstyle #menshealth #mani #pedi #pedicure  #canyoutell #debate #corona #quarantine #questions #nail #nailtech #besafe… https://t.co/E5Sh6qc8UC,0.0,april19_april20
20,1.2517269263534408e+18,I challenge you to ❤#SaveTheWorld from #Coronavirus! Recycle empty soda bottles into face shields and become a hero!   #BillionShields  Russian https://t.co/lunyFgaptB #TogetherAtHome ! https://t.co/MZIi1VRawE,-0.0625,april19_april20
21,1.2517271028120453e+18,I challenge you to ❤#SaveTheWorld from #Coronavirus! Recycle empty soda bottles into face shields and become a hero!   #BillionShields  Russian https://t.co/lunyFgaptB #TogetherAtHome ! https://t.co/FDtc0x9wSL,0.0,april19_april20
22,1.2517272787211837e+18,We need the #vibrainium and the purple pod flower's to give us #superhuman #strength of the #BlackPanther to rid us of the #Coronavirus #Covid19 #pandemic Heck #TonyStark nor #Ironman can do it! @ Florida https://t.co/C5UcePMvIo,-0.15625,april19_april20
23,1.2517276823180206e+18,❤#SaveTheWorld from #Coronavirus!  Recycle empty soda bottles into face shields and become a hero!   #BillionShields  Arabic https://t.co/YrxltDqaph #TogetherAtHome ! https://t.co/tGGzx3FoYb,0.5,april19_april20
24,1.2517278131131924e+18,I challenge you to #SaveTheWorld❤ from #Coronavirus! Recycle empty soda bottles into face shields and become a hero!   #BillionShields #Bottles2Shields  Spanish https://t.co/Dzh14jOsuB  #TogetherAtHome ! https://t.co/uKkllpFlCD,0.625,april19_april20
25,1.2517281043111936e+18,I challenge you to ?#SaveTheWorld from #Coronavirus! Recycle empty soda bottles into face shields and become a hero!   #BillionShields  Russian https://t.co/lunyFgaptB #TogetherAtHome ! https://t.co/4aQcExF0ON,0.7,april19_april20
26,1.2517283615057797e+18,#BillionShields Challenge is here! ?I challenge you to #SaveTheWorld:thanksdoc: from #Coronavirus! https://t.co/b5luv683Ov #TogetherAtHome ! https://t.co/xnymEnn7CY,0.13636363636363635,april19_april20
27,1.2517291420197642e+18,❤ I challenge you to #SaveTheWorld from #Coronavirus! Recycle empty soda bottles into face shields and become a hero!  https://t.co/b5luv6pEG3 #BillionShieldsChallenge ! https://t.co/wDIh2NoN4o,-0.0625,april19_april20
28,1.2517292374820946e+18,I challenge you to #SaveTheWorld❤ from #Coronavirus! Recycle empty soda bottles into face shields and become a hero!   #BillionShields #Bottles2Shields  Spanish https://t.co/Dzh14jOsuB  #TogetherAtHome ! https://t.co/DMvUBYvmSH,0.0,april19_april20
29,1.251729406239871e+18,"Our Pride, Our Tricolor On Europe’s Iconic Matterhorn Mountain! Thankyou Switzerland For Showing Solidarity w/ India’s Fight Against Corona. 🇮🇳🇨🇭🙏🏻
.
.
.
.
#WorldAgainstCorona… https://t.co/215wBWSNvq",0.0,april19_april20
30,1.2517294272492052e+18,#BillionShields Challenge is here! ?I challenge you to #SaveTheWorld:thanksdoc: from #Coronavirus! #TogetherAtHome ! https://t.co/fQOETS4qKv,0.0,april19_april20
31,1.2517295451216732e+18,"Updated 8:22 p.m. ET President Trump on Friday said states are well equipped to adequately test for COVID-19, a position that has been contradicted by https://t.co/zXGMz4r0kv #atx #austin #all512",0.18787878787878787,april19_april20
32,1.251729583084376e+18,"Pharmacy demand surges amid coronavirus crisis in Upper West Side Manhattan.
.
.

#nyc #newyork #newyorkcity #newyork_ig #ny #nycphotographer #nycphotography #streetphotography #street #streetstyle #streetclassics… https://t.co/OVmfjrAbph",-0.0625,april19_april20
33,1.2517297592954143e+18,"Find a good fight and stay home let’s kill this virus coronavirus stay home please stay home Namaste @ Eugene, Oregon https://t.co/OwRVJSqCih",0.0,april19_april20
34,1.251729935246467e+18,❤#SaveTheWorld from #Coronavirus!  Recycle empty soda bottles into face shields and become a hero!   #BillionShields  Arabic https://t.co/YrxltDqaph #TogetherAtHome ! https://t.co/1Lm0YrM30C,-0.15625,april19_april20
35,1.2517300175010202e+18,❤❤ I challenge you to #SaveTheWorld from #Covid-19! Recycle empty soda bottles into face shields and become a hero!  https://t.co/b5luv683Ov #TogetherAtHome ! https://t.co/EV48wQrEQ7,0.06666666666666668,april19_april20
36,1.2517301005776118e+18,Longtime Passaic County public servant dies from COVID-19 https://t.co/fjeeT1F8dC https://t.co/Oq73vHkwDZ,0.0,april19_april20
37,1.251730233029464e+18,"#apple &amp; #google join force to create new #coronavirus #trackingapp #sony #ps5 #limited #production #iphone affordable $399 #iphonese similar to #iphone8 #technews #jperez https://t.co/ZFjJDffLku waveculture @ Silicon Valley,… https://t.co/H64GSy2QsX",0.28125,april19_april20
38,1.251730534436348e+18,"Not today, Covid! 😂 @ Stapleton, Denver https://t.co/SnvuNfFfRe",0.3008626302083333,april19_april20
39,1.251730880881668e+18,❤ I challenge you to #SaveTheWorld from #Coronavirus! Recycle empty soda bottles into face shields and become a hero!  https://t.co/b5luv683Ov #BillionShieldsChallenge ! https://t.co/VYXUyjN2sM,0.0,april19_april20
40,1.251730970534916e+18,#BillionShields Challenge is here! ?I challenge you to #SaveTheWorld:thanksdoc: from #Coronavirus! https://t.co/b5luv683Ov #TogetherAtHome ! https://t.co/baOTn95KJ4,0.2833333333333333,april19_april20
41,1.25173179806276e+18,❤❤ I challenge you to #SaveTheWorld from #Covid-19! Recycle empty soda bottles into face shields and become a hero!  https://t.co/b5luv683Ov #TogetherAtHome ! https://t.co/arEC25B4sr,-0.0625,april19_april20
42,1.2517319742822482e+18,#BillionShields Challenge is here! ?I challenge you to #SaveTheWorld:thanksdoc: from #Coronavirus! #TogetherAtHome ! https://t.co/HoiqUFHAXo,-0.15625,april19_april20
43,1.2517321401793905e+18,"If you’re looking to keep the creative juices flowing, don’t let #covid  stop you.
Reach out !
#producer #pianoteacher #beats 
#youtube #artist #singer @ New York, New York https://t.co/96jxsLOx56",0.0,april19_april20
44,1.2517324154306191e+18,"It was nice to see the shining sun today!

#actuallydetroit #mittenlove #puremichigan #detroitmichigan #covi̇d19 #coronavirus #emptystreets #woodwardavenue @ Brush Park https://t.co/otH5xL1Dub",0.0,april19_april20
45,1.251732591838929e+18,"Don’t believe the hype! Showing my support for @corona ! Salud! #coronafamiliar #fuckcovid19 @ Rancho Cucamonga, California https://t.co/PAtQwuKNpQ",-0.15625,april19_april20
46,1.2517326137500221e+18,"Lets pray together that everything will get fine🙏🙏 #arrascreations #corona #covid19 #letspray
 #letspraytogether  #letsfightcorona  #fightcorona  #letsfightcovid19together  #letsfightcoronatogether  #socialdistancing… https://t.co/7R69C2O7mU",0.5,april19_april20
47,1.2517326662878208e+18,Date night with my better half (Covid-at-home-style}: Double Crusted Rack of Lamb with Herbs de Provence with a side of  Gnocchi with Jarlsberg and Parmesan Cream Sauce. Patë to start and a great Syrah from… https://t.co/IXa49FZP0s,0.0,april19_april20
48,1.251733282473087e+18,❤ I challenge you to #SaveTheWorld from #Coronavirus! Recycle empty soda bottles into face shields and become a hero!  https://t.co/b5luv683Ov #BillionShieldsChallenge ! https://t.co/fYExeb5RHY,0.3125,april19_april20
49,1.251737901060305e+18,❤ I challenge you to #SaveTheWorld from #Coronavirus! Recycle empty soda bottles into face shields and become a hero!  https://t.co/b5luv683Ov #BillionShieldsChallenge ! https://t.co/SwmBwNxVMz,-0.15625,april19_april20
50,1.2517387538964972e+18,"COVID-19 update 
Home???
100-15 204th St, Queens ,NY 11423
HRA cityFHEPS voucher 311NYC housing connect home base I want my own apartment NOW or a hotel room with its own bathroom  and don't move people around every… https://t.co/UUVGEHebfH",0.0,april19_april20
51,1.2517388722093425e+18,"Today we gave it all away ..everything!  And then we went and restocked more.  

Make sure you send the word ""HI"" to the Mothers of Hope Facebook Messenger to take our COVID19 survey (11 questions)   

Then send a… https://t.co/ik6mseSfVI",0.0,april19_april20
52,1.2517388780437176e+18,"Lets pray together that everything will get fine🙏🙏 #arrascreations #corona #covid19 #letspray
 #letspraytogether  #letsfightcorona  #fightcorona  #letsfightcovid19together  #letsfightcoronatogether  #socialdistancing… https://t.co/pyqZeqY6p5",-0.0625,april19_april20
53,1.251738888198148e+18,We are living in difficult times due to the Coronavirus (COVID-19).  I’m pledging to stay home for good health and safety.  I’m watching a special program on one of the American Television networks that support the… https://t.co/FgjNRl406g,-0.625,april19_april20
54,1.2517392884479754e+18,I challenge you to #SaveTheWorld❤ from #Coronavirus! Recycle empty soda bottles into face shields and become a hero!   #BillionShields #Bottles2Shields  Spanish https://t.co/Dzh14jOsuB  #TogetherAtHome ! https://t.co/aHNseeGJxq,-0.25,april19_april20
55,1.2517393842877604e+18,"What You Need to Know About Remdesivir, the Potential Coronavirus Drug by @SmithDanaG
in elemental

https://t.co/8QE5JkwI96 @ Hammond, Indiana https://t.co/g0TIB3aabK",0.0,april19_april20
56,1.251739471483007e+18,"I agree  @Lesdoggg   !   #covid @ New York, New York https://t.co/G6JBniKvju",0.4,april19_april20
57,1.2517219498996654e+18,I challenge you to ❤#SaveTheWorld from #Coronavirus! Recycle empty soda bottles into face shields and become a hero!   #BillionShields  Russian https://t.co/lunyFgaptB #TogetherAtHome ! https://t.co/sFVclEFlRZ,0.16666666666666666,april19_april20
58,1.2517224367410831e+18,"Fundraising Rice and Lentil Bags for Poor Villagers in Srilanka during Curfew Covid19.

Bhante Aluthnuwara Anuruddha Nayaka Thero is leading donation efforts to share rice &amp; lentil bags around Kotte and Colombo.… https://t.co/79RrG6hmvS",0.0,april19_april20
59,1.2517237760284877e+18,"Saturday night fun with mar_isanchez. Thanks azlotusart. Song by @BishopLamont @scoopdeville and @therealryu @ Corona, California https://t.co/7F0rR6ShWL",0.2333333333333333,april19_april20
60,1.2517246223215903e+18,The BubbaBear had a glorious time at his DriveBy Bday party.  Big thanks to everyone who drove by!  He was overwhelmed with joy.  He said that maybe we can put the Corona in the green bin… https://t.co/sGrAhcyNaF,-0.15625,april19_april20
61,1.2517256408538522e+18,"Stay. At. Home. #coronavirus #covid19 #matterhorn @ Fountain, Colorado https://t.co/uuzGguHzU1",0.021645021645021644,april19_april20
62,1.2517264851756524e+18,"4.18.2020 

📸: every_milestone_photography 

#Corona #tucson #photography #tucsonphotography #model ? @ Catalina Foothills, Arizona https://t.co/Ovwiy7W91x",-0.0625,april19_april20
63,1.2517268893470966e+18,#BillionShields Challenge is here! ?I challenge you to #SaveTheWorld:thanksdoc: from #Coronavirus! #TogetherAtHome ! https://t.co/xtk2z0qPeu,1.0,april19_april20
64,1.2517269263534408e+18,"Empty streets ...
Many cities around the world are fighting #Coronavirus #epidemic, as per the Medical advices https://t.co/lKxruZBMOn.organization_, obtain hygienic lifestyle(washing hands frequently), stay away from the… https://t.co/M5dBwa902E",-0.0625,april19_april20
65,1.2517269732751237e+18,"When #covid is your #filter. @ Woodside, Sacramento https://t.co/1vxWVD3F9H",0.29924242424242425,april19_april20
66,1.2517271066873815e+18,"#transition from #geekgirl👩‍💻 to #badass 👸
💃🏻Bazigar me #bazigar 
.
.
.
#tiktoker #mishkatarkar #youtuber #trending #gharbaithoindia #india #corona #potraitphotography #ownthecurve #dancewithme #sexygirl #bollywood… https://t.co/W7h6fA1bUS",-0.07142857142857142,april19_april20
67,1.2517277393982587e+18,I challenge you to #SaveTheWorld❤ from #Coronavirus! Recycle empty soda bottles into face shields and become a hero!   #BillionShields #Bottles2Shields  Spanish https://t.co/Dzh14jOsuB  #TogetherAtHome ! https://t.co/9eX63JARxc,0.0,april19_april20
68,1.2517278131131924e+18,"To avoid hostile takeovers amid COVID-19, India mandates approvals on all Chinese investments...

https://t.co/ns8W331gRe",0.625,april19_april20
69,1.2517281043111936e+18,"Corona Beer!  Corona Virus?  Duh!?  Different?  Or, Same?  Dunno!
  
Night of Saturday, April 18, 2020.
Virginia Beach, Virginia.
Lawrence Albert Connor.
  
Alone Together.
Stay Healthy.
Stay Home.
Stay Safe.
Stay… https://t.co/gIxgkwkuJW",0.7,april19_april20
70,1.251728877052887e+18,"Protesting is reckless and will be endangering lives.  If you don't stay Six Feet apart, you can be Six Feet Under.

#COVID19 #Coronavirus #stayhome #stayhomestaysafe #stayhomestayhealthy #InThisTogether @ Seattle,… https://t.co/5lrOoJHUMl",-0.15625,april19_april20
71,1.2517290536456684e+18,"Night's in Vegas before the rona virus📸

#raesremmurd #swaelee #slimjxmmi
#draisnightclub #sremmlife #ciroc #hiphop #humannature #blackbeatles
#lasvegas #lasvegasstrip #corona @ Drai's Nightclub https://t.co/ReKKz3UJSo",-0.0625,april19_april20
72,1.2517292374820946e+18,"YES We Are OPEN Sunglass Image, “ATTENTION”
In an effort to provide the safest environment for our customers and staff, we are following the CDC’s recommendations and all precautions ￼(COVID-19)  If you are unable to… https://t.co/yDMkfJeLmA",0.0,april19_april20
73,1.2517294272492052e+18,"#TyeDye #CoronaVirus #Masks are #Ready &amp; Already going fast! 

Soon it will be a requirement! Keep 1 in your car! #FlattenTheCurve! 💪🏼😷

$7 For 1
$5 Each = For 2, or more.
Ask me about shipping!

Small (Kids)… https://t.co/NRiGHuDOMs",0.0,april19_april20
74,1.2517297592954143e+18,Memories!!..... Happy Birthday Andrew. We Miss OUR ANGELINO CROSSFIT FAMILY!! It’s a good day to pray for the END of Covid-19. Hope to see you all again SOON. We love you guys. #angelinocrossfitfamily #memories… https://t.co/HzMwIO9GK9,0.0,april19_april20
75,1.251729935246467e+18,"Episode No. 86 COVID 19 + Your Finances—Savings, Debt Repayment, Unemployment + Everything In Between With Ericka Young  https://t.co/RSiWLyJtDU",-0.15625,april19_april20
76,1.2517300175010202e+18,#BillionShields Challenge is here! ?I challenge you to #SaveTheWorld:thanksdoc: from #Coronavirus! https://t.co/b5luv683Ov #TogetherAtHome ! https://t.co/Qwr7p5XYaX,0.06666666666666668,april19_april20
77,1.251730233029464e+18,❤#SaveTheWorld from #Coronavirus!  Recycle empty soda bottles into face shields and become a hero!   #BillionShields  Arabic https://t.co/YrxltDqaph #TogetherAtHome ! https://t.co/XXZsvvbHBX,0.28125,april19_april20
78,1.251730534436348e+18,"#Nashville, an empty, eerily quiet Broadway on a Saturday afternoon in the time of #COVID19 @ Downtown Nashville https://t.co/mkPzAWMuTH",0.3008626302083333,april19_april20
79,1.2517308246361088e+18,"I am in a New York State of mind. This is looking directly up at the 14th St., Union Square subway station. I was thinking about the 1000 nurses that have traveled from all over the country to help with COVID-19… https://t.co/q5Phepggov",0.13636363636363635,april19_april20
80,1.251730880881668e+18,I challenge you to ?#SaveTheWorld from #Coronavirus! Recycle empty soda bottles into face shields and become a hero!   #BillionShields  Russian https://t.co/lunyFgaptB #TogetherAtHome ! https://t.co/eGWVK6Es0s,0.0,april19_april20
81,1.2517316284574884e+18,Big thanks to @teodrossavery for generously donating to the #coronavirus #covi̇d19 #livestreaming #pool. We’ve performed together many times and he’s a wonderful professor in #california currently. He also just… https://t.co/tucURigSHt,0.7,april19_april20
82,1.2517317100075622e+18,"Day1609
010/Not quite art...art: Antinous in the time of Covid.
Collab with mittensgalore and JLR pryorjohnsonrarebooks .
.
Marble portrait Head from a statue of Antinous wearing a wreath of ivy. 130-149 (circa)… https://t.co/GfvtzdBTO8",-0.0625,april19_april20
83,1.25173179806276e+18,"Corona Beer!  Corona Virus?  Duh!?  Different?  Or, Same?  Dunno!
  
Night of Saturday, April 18, 2020.
Virginia Beach, Virginia.
Lawrence Albert Connor.
  
Alone Together.
Stay Healthy.
Stay Home.
Stay Safe.
Stay… https://t.co/XTGussfMz6",-0.0625,april19_april20
84,1.2517388780437176e+18,"Coming out of #quarantine like....
#killbill
#coronavirus #Beatrixkiddo #PaulaSchultz @ Aylesford Place - Woodland Park, Lexington, Kentucky https://t.co/4dlPio8Fvd",-0.0625,april19_april20
85,1.2517393842877604e+18,❤❤ I challenge you to #SaveTheWorld from #Covid-19! Recycle empty soda bottles into face shields and become a hero!  https://t.co/b5luv683Ov #TogetherAtHome ! https://t.co/DKas65dKQy,0.0,april19_april20
86,1.25172355920819e+18,"NEVER GIVE UP!!!

#WOHFITNESS ""WHERE FITNESS BECOMES A LIFESTYLE "".
.
STAY FIT, HEALTHY AND POSITIVE!
.
https://t.co/GvuAhouHWm

😷 #Quarantine #ncov2019 #fightvirus #coronavirus #CoronavirusOutbreak #toptags… https://t.co/MKU7O0GYw4",-0.15625,april19_april20
87,1.251723828285395e+18,"Cuomo issues order allowing New Yorkers to obtain marriage licenses over Zoom The order also allows clerks to conduct ceremonies over video!

https://t.co/1YmKpWoz1N #Tech #VideoConferencing #VideoStreaming #Coronavirus #Coronapocalypse #TheNewNormal #Society #Culture",-0.0625,april19_april20
88,1.251723831242154e+18,Today we were going to have about 600 or so guests in #walthallpark today for #DowntownCrawfishJam BUT this #Covid19 got in the way. These folks came out for a bit! It was great to see everyone! We were social… https://t.co/8n9CYzuQ7I,0.3333333333333333,april19_april20
89,1.2517240931892306e+18,Go here to to check on your payment status for your #covid19 Economic Impact Payment Economic Injury Disaster Loan Assistance as well as the NYS Shield Act requirements for protecting your #business #data @ Staten… https://t.co/Dc7lDtKHOU,0.0,april19_april20
90,1.2517253206941778e+18,Covid-19 made me miss my #Dumplings. I miss #MyDumplings so bad 😫 #chinese #china #food #chinesefood #chinesenewyear #foodie #mandarin #asian #learnchinese #foodporn #love #chinesedrama #learnmandarin #like… https://t.co/KjrLh3t6sC,0.0,april19_april20
91,1.2517256408538522e+18,"El Cheapo League &lt;— Bowling Week #2 At Skore Lanes In Taylor, Michigan 3/11/2020 League Was Put On Hold Do To COVID-19 IDk If Were Gotta Finish After State At Home Is Lifted Or Not! @… https://t.co/mukCabcJRz",0.021645021645021644,april19_april20
92,1.2517266612147773e+18,Wow! What a great turnout at Walmart yesterday! Because of the generous local support we will be able to donate $1000 towards the Covid-19 Response Fund @ochbuffalo !!! Thank you to everyone that came out and… https://t.co/UmREbktLiH,-0.15625,april19_april20
93,1.2517300175010202e+18,"Arsonists who stupidly believe #5G caused #Coronavirus (THAT DOESN'T EVEN MAKE SENSE) have attacked 53 network towers across the UK, proving their rednecks are dumber than our rednecks.

https://t.co/V4rYimBZFH #Tech #Telecom #Mobile #COVID19",0.06666666666666668,april19_april20
94,1.2517321401793905e+18,"🌀
covid-19 pandemic quarantine
these are
the people
of
Granville, Ohio | April 2020
.
the Manno family
Greenwood Loop
.
.
View all the photographs on the blog (link in… https://t.co/f92q1Q9w9i",0.0,april19_april20
95,1.251732175336194e+18,"TODAY!!!

HIGHEST LEVEL EXPERTS DISCUSS THE COVID-19 PANDEMIC IN THIS LIVE WORLDWIDE BROADCAST!!!
Please RSVP + Invite Your Friends!
Interview Schedule Is Posted Here In The Event… https://t.co/ygFASUVSqx",0.0,april19_april20
96,1.2517322383010038e+18,Soon as this corona shyt ova we back on da road🏃🏿‍♂️💨 #DHE worldwide🌎 #icatching #roadtrip #flow #dope #concert #y #askmehow #playlist #global #rap #hiphop #nextlevel #godawgs #nice #word #z #thatsme #godsplan… https://t.co/JLORkiizRC,-0.0625,april19_april20
97,1.2517381670419046e+18,northendneighborhoodboise is a valued member of @TVCanopy &amp; our community. They’ve adapted their platform to help w/ #COVID-19 response. Check out their website for more resources. #flattenthecurve  #supportlocal @… https://t.co/4GAz1L1Sw3,0.0,april19_april20
98,1.2517388722093425e+18,"Day??? #StayAtHomeSaveLives #AloneTogether #COVID19
#NausetLighthouse #nausetbeach #CapeCod
This is my favorite lighthouse &amp; this photo was captured after light  moved in from the eroding coastline.
Photo May 22,… https://t.co/yiOcb46e2P",0.0,april19_april20
99,1.2517392884479754e+18,Soon as this corona shyt ova we back on da road🏃🏿‍♂️💨 #DHE worldwide🌎 #icatching #roadtrip #flow #dope #concert #y #askmehow #playlist #global #rap #hiphop #nextlevel #godawgs #nice #word #z #thatsme #godsplan #music… https://t.co/6vj23PD0v9,-0.25,april19_april20
100,1.251722077905789e+18,"As we have been here for you before, we are here for you during #Covid19 😌Face to Face wants to offer your support. Call to schedule a phone or video medical visit at 651-772-5555.
(No walk-in appointments at this… https://t.co/vE7VbDwCAj",0.15416666666666667,april19_april20
101,1.251722534158033e+18,"Homemade blueberry muffins...it’s what is for breakfast!! 💙💙

#Yummy #Blueberries #Quarantine #Covid19 #BettyCrocker #ImperialSugar @ Sugar Land, Texas https://t.co/3M1v9Vm1iJ",0.08642857142857142,april19_april20
102,1.2517225512875704e+18,"The NYC church installed a lighting show spectrum during Covid-19 mess by BK Bazhe, from Travel, or BK Amazon Art &amp; Books: https://t.co/Ukk5O1ncVC
BK Bazhe Website: https://t.co/D10wbGUisO
BK… https://t.co/cPTfEu0kNB",0.26666666666666666,april19_april20
103,1.2517230899871089e+18,Looking for Prevention from #Covid-19?  The CDC recommends a two-step preventive measure: “cleaning of visibly dirty surfaces followed by disinfection.” We can help with our deep cleaning - Contact us Now! Get your… https://t.co/K4FbZa1ddQ,0.1333333333333333,april19_april20
104,1.2517231369298698e+18,"Meredith Newman,

Delaware health officials have confirmed 2,323 of the coronavirus, according to the state's website. 

The rise of 248 cases in one day — after a few days of declining numbers — follows a Thursday… https://t.co/vLpoF1Hs1e",0.5111111111111111,april19_april20
105,1.251723743782531e+18,Second Sunday of Easter on #Zoom #Easter2 #DoubtingThomas #TLCworcester #TrinityWorc #ELCA #Lutheran #Covid19 #CoronaVirus @ Trinity Lutheran Church Worcester MA https://t.co/QJf7RcjOLz,0.0,april19_april20
106,1.251723828285395e+18,Somethings are worth leaving the house for morning exercises the days of the coronavirus #manhattanbeach #manhattanbreadandbagel #lifechanging #chocolatecroissant #mykindajam #regular #morningbreakfast #thefrenchway… https://t.co/zRfHHo8c1F,-0.0625,april19_april20
107,1.2517240931892306e+18,"Your death is now is real possibility thanks to the #COVID19 #Coronavirus #Pandemic &amp; Donald Trump… Social/religious norms aside, how would you like your death to be mourned/celebrated?

You better figure that out what you want us to #Livestream on Zoom

https://t.co/pWZ52FYJL6",0.0,april19_april20
108,1.2517243627613512e+18,"Hello INmates from duh Department Of Corona. @ Brooklyn, New York https://t.co/Zk7uzdhyTz",0.15925925925925924,april19_april20
109,1.251724373100241e+18,A couple of Singleton-coached athletes and riders for nine13sportscyclingteam showing their appreciation for our sponsor and the good work they are doing. Margot &amp; Sam took a little of their Corona-cation time to do… https://t.co/buH3fQO4RM,0.25,april19_april20
110,1.2517253206941778e+18,"Hey, if the #millennials and #GenerationAlpha want to go play outside with #Rona #covid19 #coronavirus and her cousin, #5G, let em. Hard heads make sick and dead behinds. But hey, we just may be scared. Scared and… https://t.co/MOKsjoULE8",0.0,april19_april20
111,1.2517267496683807e+18,"Xerxes Wilson,

The combination of COVID-19 and an underlying lung disease killed an inmate housed at Delaware's largest prison, officials said Friday. 

Joseph Russo, 73, died Thursday. He is the first inmate to die… https://t.co/R5yYiujIXD",0.0,april19_april20
112,1.2517271028120453e+18,"I am focused on seeing the wonders of the world,not being trapped by COVID-19 https://t.co/Jrcnow8I4d",0.0,april19_april20
113,1.2517272787211837e+18,Looking for Prevention from #Covid-19?  The CDC recommends a two-step preventive measure: “cleaning of visibly dirty surfaces followed by disinfection.” We can help with our deep cleaning - Contact us Now! Get your… https://t.co/x3s9Bb613e,-0.15625,april19_april20
114,1.2517276823180206e+18,"Simple is always best Teddy, SIMPLE!

#WhoTaughtUDat
#ShawnyTaughtU
#TheeMixxKween
#FemaleDJ #DJ  #quarantine #COVID19 @ Atlanta, Georgia https://t.co/13lnhKfKVE",0.5,april19_april20
115,1.2517282445687194e+18,Covid-19  https://t.co/sKCJS9LqMr,0.0,april19_april20
116,1.2517290536456684e+18,"Going Live with my brother thestokeyproject at 4pm today .. please join us for this important conversation about the impacts of the coronavirus on those incarcerated and their families . 

#DC #Baltimore… https://t.co/vmlAhsM9nz",-0.0625,april19_april20
117,1.251729265718104e+18,Corona NY Sun Apr 19th AM Forecast: TODAY Mostly Cloudy Hi 45 TONIGHT Partly Cloudy Lo 31,0.0,april19_april20
118,1.2517293182099005e+18,Subway escalator pre-Corona NYC. #newyork #nyc #newyorkcity  #ny #love #manhattan #usa #city #photography #travel #instagood #manhatten #instagram #like #follow #longisland #america #Cityscape #streetphotography @… https://t.co/yREvZyPgGu,-0.15625,april19_april20
119,1.2517300175010202e+18,Looking for Prevention from #Covid-19?  The CDC recommends a two-step preventive measure: “cleaning of visibly dirty surfaces followed by disinfection.” We can help with our deep cleaning - Contact us Now! Get your… https://t.co/xGTOzpIdjh,0.06666666666666668,april19_april20
120,1.251730233029464e+18,STAY SAFE #covid19 #lakewoodohio @ Serpentini Arena-Winterhurst operated by Iceland USA https://t.co/phAWCglonq,0.28125,april19_april20
121,1.25173127442901e+18,"I wrote this when I was a teenager.
I was seriously pissed.
I wrote the track / melody years later.
There is one more I was just as serious as Covid-19 on that to. @ Paso Robles, California https://t.co/8K4LIr8GN1",0.0,april19_april20
122,1.2517315339431444e+18,Good morning ☀️ world 🌍 in coronavirus time always with a good attitude and the best positive I wish all of you in all parts of this world the best and always with positivism do not forget it the attitude with good… https://t.co/fGUeyf58WW,-0.15625,april19_april20
123,1.2517326137500221e+18,Please share what you have learned from your experiences as a #business leader or owner during this past month. Take this #confidential 5 minute #survey: https://t.co/LDIUCSa98O #DSMUSA #DSMStrong #JohnstonStrong #COVID19,0.5,april19_april20
124,1.2517326662878208e+18,"source bbcnews 
#coronavirus
#officialcuttytv @ Cutty Events Planning &amp; Management LLC https://t.co/VX1R3qkXBJ",0.0,april19_april20
125,1.2517380466319032e+18,"‘Ellen’ Crew Furious Over Mysteriously Non-Existant #CoronavirusShutdown Pay: The crew of one Hollywood's richest celebs says communication died since studio production shutdown &amp; @TheEllenShow has hired new non-union gig workers for her at-home show!

https://t.co/oUILAk9FGJ",0.31999999999999995,april19_april20
126,1.2517387538964972e+18,"DUE TO THE RECENT COVID-19 CONCERNS Hudsonpsychic  IS CURRENTLY ACCEPTING READINGS BY PHONE. TO SCHEDULE A READING BY PHONE PLEASE GIVE Hudson Psychic  A CALL AT (857) 294-6407
 Offering Accurate Readings
Get advice… https://t.co/sZ0witRAon",0.0,april19_april20
127,1.2517388722093425e+18,"DUE TO THE RECENT COVID-19 CONCERNS Hudsonpsychic  IS CURRENTLY ACCEPTING READINGS BY PHONE. TO SCHEDULE A READING BY PHONE PLEASE GIVE Hudson Psychic  A CALL AT (857) 294-6407
 Offering Accurate Readings
Get advice… https://t.co/FN3qYjgDlN",0.0,april19_april20
128,1.251738888198148e+18,Checking in… https://t.co/corEvFhvIE https://t.co/fROBcdkcxM,-0.625,april19_april20
129,1.2517220778513244e+18,"This magazine cover I illustrated several years ago seems very fitting for today. #mentalhealth #mentalhealthmatters #lifeinterrupted #covid #corona .
#Easter 

 #spring  #illustratorforhire… https://t.co/aCuj62uNJc",0.3054545454545455,april19_april20
130,1.251722077905789e+18,"Day 20 Without Tanning: Talking to myself in the mirror like
.
.
.
#sunstudiotanningsalon #sunstudio #tanningsalon #quaratine #covid19 #coronavirus #manhester #tennessee https://t.co/iSPqncOJUI",0.15416666666666667,april19_april20
131,1.251722190795481e+18,"COVID-19 update @ New York, New York https://t.co/HeTOXreMdC",0.2833333333333333,april19_april20
132,1.2517224367410831e+18,"I had to add some security to my fridge for #coronavirus #coronapocalypse @ Oxford, Mississippi https://t.co/7PRIhevcLG",0.0,april19_april20
133,1.251722534158033e+18,"Tuesday April 20, 2020
Live Interview
Charles Wright
Senior Clinical Scientists 
Coronavirus updates
And answers 
2pm Tune into 
@Strongarmlive
https://t.co/YHJ3QEZyHu
#AskMathis 
Reggie… https://t.co/ikc7XDJfOl",0.08642857142857142,april19_april20
134,1.2517230989127066e+18,"SKIN MANIFESTATIONS IN COVID19 

Ryan N. Cole, MD Anatomic/clinical/dermatopatholgist BOISE, ID

Knowing that up to 50% of patients are asymptomatic carriers, here are a few more manifestations to look for, that may… https://t.co/8GTKL8tKi1",0.0,april19_april20
135,1.2517231369298698e+18,"Tuesday April 2020
Live Interview
 Bobby &amp; Esha Williams
#TheWilliamsGroup
Financial Leadership and Development
Economic Coronavirus updates
And answers 
2pm Tune into… https://t.co/Qqmt1KMof0",0.5111111111111111,april19_april20
136,1.2517237399952957e+18,"Join us Tuesday at 6:00 p.m. on Facebook Live for Museums &amp; COVID-19 with Katie Keck. Katie will answer questions and give advice on what you can do to support your local museums during this time. 

https://t.co/3lyygjmJcR

#nickelplatearts #theartgoeson #artnotgerms https://t.co/KzIrNlnWK4",-0.0625,april19_april20
137,1.2517237760284877e+18,"19APR2020: “Social Distancing” is helping us to defeat COVID19, as well as “shelter in Place”/“stay home, stay safe” directives, and I agree. I also agree that we must take care of ourselves mentally &amp; physically. In… https://t.co/3UI8LQGtsn",0.2333333333333333,april19_april20
138,1.251723828285395e+18,"😷😷 Happy customers at Boost Mobile of Melbourne today! Upgrade with Boost and get $70 of the LG Stylo 5x! 😍😍
.
.
.
#westmelbournefl #melbourneflorida #melbournefl #palmbayfl🌴 #palmbay #coronavirus #palmbayfl… https://t.co/2ucxFnQStH",-0.0625,april19_april20
139,1.2517239560772608e+18,Corona CA Sun Apr 19th AM Forecast: TODAY Patchy Fog Hi 68 TONIGHT Chance Of Showers Lo 49,0.0,april19_april20
140,1.251724004550992e+18,"Ready to wash away this experience with covid and finally be outside.

Muse: pretty.exotic_

#shower #showerthoughts #pool #poolside #poolsideshoot #wet #melanin #melaninmagic #model @ Miami, Florida https://t.co/YaCC8LcV3U",-0.15625,april19_april20
141,1.2517240931892306e+18,"Sunday in isolation.
#coronavirus #corona #coronacation #coronacation2020 #bicyclemum #veiwfrommykitchenwindow #quaxing #candles #isolation #stayhomestaysafe #homesafe #sandiegogram @ San Diego, California https://t.co/lg6mtHiIDm",0.0,april19_april20
142,1.2517243627613512e+18,"50 days of social distancing 🦠 😷 Joined tiktok for baby gal mayrah_sayrak 
.
.
First attempt- no make up - stay tuned more to come 😂 🤦🏽‍♀️ 
.
.
Shit - I am still young and hip 😘😝😅 👸🏽 
.
.
#corona #coronachronicles… https://t.co/HEbR3MFVjs",0.15925925925925924,april19_april20
143,1.2517244466766807e+18,"Check us out tonight at 6:00 on @news12ct &amp; @nbcnewyork ! Thanks so much for coming out to to talk to us today. 
#supportsmallbusiness #supportfrontlineworkers #quarantine #socialdistancing #coronavirus… https://t.co/DEBSKYQ4kM",0.0,april19_april20
144,1.2517246223215903e+18,"From pratt.itl
・・・
Pratt COVID-19 production response 001
.
.
.
.
.
For the past four weeks, the ITL (Interdisciplinary Technology Lab) has been working with the @pratt_sod &amp; @pratt_soa to activate our production… https://t.co/pexcXW4UCc",-0.15625,april19_april20
145,1.2517256408538522e+18,"Stop leaning on your own understanding.
#mask #youth #stayathome #coronavirus @ Stockbridge, Georgia https://t.co/Ylb3v1wH3Y",0.021645021645021644,april19_april20
146,1.2517257433374188e+18,"2020 so far...started of well for just 1 minute after January 1st...We will not count this year 😂 #2020 #meme #notfunny #coronavirus @ North Valley Stream, New York https://t.co/aI6xx4N9Ff",0.21904761904761905,april19_april20
147,1.25172622084642e+18,"Galo’s hiphop class always feeling 100%!!🤩🤩 And you know what they say, look good feel good!!🤣🤯🤯 #hiphop #dance #class #100 #lookgood #feelgood #stayhome #staysafe #stayhealthy #corona #virus #covid19 #explorepage… https://t.co/6CjoSsm2gI",-0.15625,april19_april20
148,1.2517262231532667e+18,"✨S/O to all my day ones! We gonna need a WHOLE squad trip after this! 💙 Miss y’all!!!✨ #covid #quarantine #besties #juicesquad #losangeles #california #blasianpersuasion @ Los Angeles, California https://t.co/f7yNSAoGtW",0.3333333333333333,april19_april20
149,1.251726397090992e+18,"— There are no essences;  sun in moderation will block the corona glare. 
.
#musicofphilosophy #naomisyng #museumoftheintellect #MoI #Contempletely #ThinkingAllowed @ New York, New York https://t.co/ul0rtIlZZm",-0.0625,april19_april20
150,1.2517264336275825e+18,Beautiful day out ☀️ 😎 photos taken with #djimavicmini new #drone 📡 glad #beaches are open in #daytonabeach 🌊 all these restrictions with #coronavirus 🦠 def teaching me to be happy day to day instead of always… https://t.co/YGyzbFYyMu,1.0,april19_april20
151,1.2517264851756524e+18,"#truck is filled with #food for #twoweeks 🚛 #quarantine #traderjoes #publix #keepingmymomsafe 😍 #lysolismybestfriendblessed #covid19 🦠🧫😷 #stayhome @ Winter Park, Florida https://t.co/HN2txK6SPJ",-0.0625,april19_april20
152,1.2517266612147773e+18,"Village Beer Wine Liquors is open for carryout &amp; delivery at 18th St &amp; Philadelphia...
#oceancitycool #loveoc #ocmd #COVID-19Essential @ Village Beer, Wine, and Liquor https://t.co/0GkpbesLqe",-0.15625,april19_april20
153,1.2517268393090499e+18,"#Repost @aplusk download.ins
---
Mila and I are launching quarantine wine! 100% of profits got to covid-19 relief! #quarantineWine #socialdistancing @ Tallulah's on Gregg https://t.co/eiw63rBjhK",0.75,april19_april20
154,1.2517268893470966e+18,"Complaining when things go wrong is useless.
.
.
.
#facemask #facemasks #washingtonsquarepark #greenwichvillage #westvillage #coronavirus #corona #virus #isolation #COVID19 #emptystreets #emptynyc #nycshutdown… https://t.co/cqGROIk8GP",1.0,april19_april20
155,1.2517269263534408e+18,"#coronaready #covid19 #coronavirus #community #standwithhealthworkers @ Yonkers, New York https://t.co/pNRkwbQ0tG",-0.0625,april19_april20
156,1.2517271066873815e+18,"Habeerday wali!!!! Ready the Corona #punintended WAHAHA!!!! Seriously tho, happy birthday, wals! Enjoy it however way you wannu but stay indoors!!! Hehe. Cheers! 🥃🍸🍻💕🙏🏼 @ Los Angeles, California https://t.co/opUo9IOxvi",-0.07142857142857142,april19_april20
157,1.2517282445687194e+18,In the middle of Mercer. #soho #empty #fanellicafe #princestreet #mercer #cobblestones #notraffic #empty #emptystreets #quiet #covid #coronavirus #lockdown #manhattan #nyc @ Mercer Street https://t.co/J7fhLbYPQ5,0.0,april19_april20
158,1.251728877052887e+18,"“The church in a COVID19 world should look like what the church should have always looked like.” Pastor Scott Gleason, Tabernacle Baptist Church, New Bern @ Grifton, North Carolina https://t.co/jcF2MCJfsa",-0.15625,april19_april20
159,1.2517290536456684e+18,"No PJs We're all gown,masked and gloved up here. #colbertlateshow  #quarentineandchil #repost #coronavirus @ Chicago, Illinois https://t.co/apB84G2jnm",-0.0625,april19_april20
160,1.2517291420197642e+18,"Patrick's Pub and Grille is open 11-9:30pm this Sunday 
We are offering delivery from 11-9pm 

Sunday is WING DAY!!
Every Sunday Buy 8 wings for $8.49 and get the 2nd 8 for HALF OFF! 
Because of the corona virus this… https://t.co/WviEvByZvJ",-0.0625,april19_april20
161,1.2517292374820946e+18,We think nygovcuomo is right! #coronabarbershopplus #wherehairmeetsstyle #thelineupinc #thelineupnyc #covid19 #coronavirus #quarantine #pause #nyc #nycbarber #lockdown @ Corona Barbershop Plus https://t.co/CcgGhf8Mlb,0.0,april19_april20
162,1.251729406239871e+18,"Monday April 20, 2020
Live Interview
 Brandon &amp; Esha Williams
#TheWilliamsGroup
Financial Leadership and Development
Economic Coronavirus updates
And answers 
2pm Tune into… https://t.co/b5BP7ScMTV",0.0,april19_april20
163,1.2517297592954143e+18,"#Repost @Sonyareneepoet
•  •  •  •  •
We will not go back to normal. Normal never was. Our pre-corona existence was never normal other than we normalized greed, inequity, exhaustion,… https://t.co/6FMhdjNgwQ",0.0,april19_april20
164,1.251730233029464e+18,"Easter morning at the Brasher's ranch a week ago with an Hoyo de Monterey Double Corona Gran Reserva. Not only celebrating the resurrection, but also a little thankful for tractors after the previous late night's… https://t.co/ze9zaSVy1O",0.28125,april19_april20
165,1.251730534436348e+18,"Just taking a trip down memory lane, I just canceled the final school career days ,class visitations and speaking engagements still left on my calendar due to Covid 19 .Over the years I'm sure I've visited hundreds… https://t.co/7Ju2VkTykI",0.3008626302083333,april19_april20
166,1.2517308246361088e+18,"My Tik Tok bill might also be past due 🙇🏽‍♂️ •
Follow me on Tik Tok ➡️ @theofficialray415
•
•
•
#tiktok #funny #viral #comedy #funny #coronavirus #quarantine @ San Francisco, California https://t.co/x0WVoGHjjl",0.13636363636363635,april19_april20
167,1.251730880881668e+18,"I think cabin fever will soon be a documented illness! ➰
.
Do you agree? ➰
.
.
.
#CabinFever
#Quarantine
#QuarantineLife
#COVID19
# @ Boynton Beach, Florida https://t.co/VEhjXmT4iw",0.0,april19_april20
168,1.2517317100075622e+18,"Watch what I can do 😏 🦿💪🏿
..................
Make sure you go follow my tiktok kingkage216  !!!
.
.
. #madeyoulook #feet #foot #health #funny #athomebored #athome #stayhome #corona #tiktok @ Cleveland, Ohio https://t.co/7fWwgvO0U4",-0.0625,april19_april20
169,1.2517320623583396e+18,"GETTING IT, 
WORK OUT CORONA 🚲 RIDE TODAY! at 12pm PM me if you want to ride ,love my friends, big thanks to all the people I look up to and admire that make want to change my way of life, now teaching online lessons… https://t.co/4TPxoDLLi1",0.0,april19_april20
170,1.251732175336194e+18,"A Sunday morning laugh. Keep your arrest safe 🙏 
We appreciate all that you do.
STC Training didn't train you for #corona19 #Covid19 
.
.
We will do whatever we can to help make your day a little better.
.
.
Please… https://t.co/xGhnSO9zTd",0.0,april19_april20
171,1.2517322383010038e+18,"T’rente Fine Jewelry would like to express its gratitude to our frontliners, from the health and media sector to our service workers, for their tireless work amid the #COVID19 #coronavirus pandemic.

Thank you all… https://t.co/zSNhXxFlP5",-0.0625,april19_april20
172,1.2517324154306191e+18,"Thanks to plumcreekchurch pcthegathering generosity at the last ministry event before COVID-19 shut us all down...my wife prepped and planted these succulents she adopted from the tables. Now, they bring life and… https://t.co/MQ7wcENZWT",0.0,april19_april20
173,1.251733282473087e+18,"Check out my coronavirus door handle hook, anybody want one?  I don’t often print with carbon fiber but when I do I really like the finish and the look of it. @ Westminster, California https://t.co/cTPTdzAXk9",0.3125,april19_april20
174,1.2517380466319032e+18,"This weekend would have been the #ExxxoticaExpo here in Chi-town. Of course, life is unpredictable as the COVID-19 pandemic had taken it's toll all around the world. Therefore canceling all long gatherings for the… https://t.co/7oeNu4aI45",0.31999999999999995,april19_april20
175,1.2517387937340334e+18,"COVID-19 El Paso Update- 
As of yesterday afternoon, our city reported 505 total cases and another unfortunate death related to COVID-19.
I urge El Pasoans to abide by the #StayHomeOrder and proactively report… https://t.co/t8xHRgA9CU",-0.0625,april19_april20
176,1.2517388780437176e+18,"Crowdsourced Data Mapping Tool Reveals Elevated Flu-Like Symptoms Across US Geographies, Public Participation Can Help Track The Spread Of COVID-19  https://t.co/9DgJ8OdbvM",-0.0625,april19_april20
177,1.2517392884479754e+18,Watch: Pelosi Slammed for Shamelessly Begging for Campaign Donations During the Coronavirus Crisis https://t.co/zCksgfqLnU https://t.co/RtfBNYMcZI,-0.25,april19_april20
178,1.2517393842877604e+18,"The new norm just to leave the for work. #corona station with essential items for my own protection. ##OrthoDoc on call #n95facemask #gloves #handsanitizer @ Navajo Nation, New Mexico https://t.co/e9dhMDyyjQ",0.0,april19_april20
179,1.251739471483007e+18,"Tuesday April 2020
Live Interview
 Charles Wright Sr. 
Clinical Scientist 
Coronavirus updates
And answers 
2pm Tune into 
@Strongarmlive
https://t.co/YHJ3QEZyHu
#AskMathis 
Reggie… https://t.co/hqnssQ43bj",0.4,april19_april20
180,1.2517219498996654e+18,"Doing my part and staying home. Keeping the plumbing #covid clean with Corona straight out is the can. #oldschool #staysafe #stayhome @corona @ Highlands Ranch, Colorado https://t.co/eDCcD3Uv8z",0.16666666666666666,april19_april20
181,1.2517220778513244e+18,"The Coronavirus Doesn’t Care When Sports Come Back

 https://t.co/feKodb4Alv @ Hammond, Indiana https://t.co/36uvQViBTj",0.3054545454545455,april19_april20
182,1.251722077905789e+18,This morning’s grocery run: Maria Corona’s Produce. mariacoronaproduce #mariacoronaproduce #freshproduce @ Redlands Miami-Dade County https://t.co/axnro5nxfE,0.15416666666666667,april19_april20
183,1.2517224367410831e+18,They have just been circling the block doing this https://t.co/YgfPStJkGK,0.0,april19_april20
184,1.251722534158033e+18,"COVID-19 Birthdays call for Lobster Rolls, macaroons and cake! Happy Birthday #26 to @sarahavojnovich ! @ Cary, North Carolina https://t.co/GezLPzq2TF",0.08642857142857142,april19_april20
185,1.2517225512875704e+18,"CoronaVirus Breakfast of Champions.

#+Jameson’s✅ @ Atwater Village, Los Angeles https://t.co/XC8wJRjX5G",0.26666666666666666,april19_april20
186,1.2517230989127066e+18,"Giveaway Promo:
 
It’s Mother’s Day Giveaway time!
 
Here’s how it works. 1) Tag a deserving woman in your life who is an ""Essential Worker"" during the COVID-19 Pandemic. Tell us why you think she deserves a (you… https://t.co/YRzi8GCB0j",0.0,april19_april20
187,1.2517231369298698e+18,"Who's ready for this view again? 
Stay home, stay safe, #flattenthecurve. 📷: pilotlively via @dallaslovefield #WereInThisTogether ✈️ #PerfectPublicity

#Covid19 #Coronavirus #Quarantine #InThisTogether #ThankYouHeros… https://t.co/iSu6h69B0O",0.5111111111111111,april19_april20
188,1.2517237399952957e+18,"#LearningwithLucy family edition, teaching Mr. Mays how to make lasagna. One pan for us and one pan to share with my parents. #InThisTogetherOhio #COVID19 @ Casstown, Ohio https://t.co/Ujq8aCnrPR",-0.0625,april19_april20
189,1.251723743782531e+18,Fun with facial hair! Covid beard is no more. There was applause from @sweetmexnaranja 👏🏼 @ Gillette Stadium https://t.co/iyGDPYDOei,0.0,april19_april20
190,1.251723894978986e+18,"what we allow ignore tolerate for others always circles ... after all we are all #connected 

#atl #covid #homelessnessawareness 

https://t.co/Xd6ufHv0x4 @ Atlanta,… https://t.co/eU7QeJhB1K",0.0,april19_april20
191,1.2517239560772608e+18,Living my BEST LIFE in spite of COVID-19  https://t.co/xs86x6rjWf,0.0,april19_april20
192,1.251724004550992e+18,"I saw this beautiful driveway chalk art on my run this morning. So cheerful and loving! Surely it's meant for covid response, but I also loved noticing it on the anniversary of the bombing. Our medical care… https://t.co/n6SWzpebca",-0.15625,april19_april20
193,1.2517240931892306e+18,"Hillsong California Church online... Welcome Home!

#WelcomeHomeCA #guitarwiz2k #thecsarproject #worship #worshiponline #coronavirus #unstoppablegod #jesus #holyspirit #heisrisen #salvationisfree @ Glendale, California https://t.co/r1MuqBQaUa",0.0,april19_april20
194,1.2517243627613512e+18,"Rode my bike to @starbucks because corona @ Kent, Ohio https://t.co/Z3HM9Bbnvr",0.15925925925925924,april19_april20
195,1.251724373100241e+18,"Sunday Funday Flowers 💐
#SundayFunday #SimpleJoy #alstroemeria #lilies
#weekend #COVID19 @ Mesa, Arizona https://t.co/WkSMkOLE7H",0.25,april19_april20
196,1.2517256408538522e+18,"There are 2 kinds of ppl u can show your work to... if/then or as-is. Which are you?
•
•
#turtlewuzhere #nyphotographer #nyc #photography #potd #bw #35mm #filmphotography #pics #covid19 #quarantine #series #harlem… https://t.co/DWjec3Ntdp",0.021645021645021644,april19_april20
197,1.25172622084642e+18,"I’m convinced that Covid was developed by a brain trust of Represenatives of rehab clinics and 12 step programs. #quarantinelife #sundayfunday @ Tremont, Illinois https://t.co/NoaJvFPJPz",-0.15625,april19_april20
198,1.2517262231532667e+18,"Thanks @kellyslater for the fun insta live chat yesterday. Keeps us going while we try to #quarentineandchill. #coronamemes #coronavirus ♥️👍💪1🌍🌴🥥🌊🏄‍♀️🏄 @ Chicago, Illinois https://t.co/3PDKXRMt2g",0.3333333333333333,april19_april20
199,1.2517264851756524e+18,"How’s your COVID-19 going? Hopefully this is over soon. #stayhomefornevada #lovinhomecookedmeals #familyfirst #coolture @ Summerlin South, Nevada https://t.co/VuvHCUmEUT",-0.0625,april19_april20
200,1.2517267496683807e+18,"Introducing my new guitar (I found a deal too good to pass up) and some #sundayjams 
.
.
.
#sundayafternoon #sunday #sundayvibes #quarantinelife #coronavirus #rocknroll #guitaristofinstagram #guitarcollection… https://t.co/SzEad0sKEC",0.0,april19_april20
201,1.2517268393090499e+18,"#sundayvibes Idk what happened w Teddy Riley and Babyface, but I’m grateful 2 have Otis Redding give us some body positivity this morning 4 our #covid19 urges and splurges. 🥟🍲🧁🥴🤷🏽‍♀️💪🏽 #sunday #sundayfunday… https://t.co/UTERcoEuoC",0.75,april19_april20
202,1.2517268893470966e+18,"APRIL 19, 2020 COVID-19 TIMES @ Grand Prairie, Texas https://t.co/rkktKkcTMn",1.0,april19_april20
203,1.2517269732751237e+18,"We take staying safe seriously at the nursing home.😷♥️👍💪1🌍 #quarentineandchill #coronamemes #coronavirus #repost @ Midlothian, Illinois https://t.co/fs6qOengsq",0.29924242424242425,april19_april20
204,1.2517271028120453e+18,Sunday crank word 2 @DTLR @wpgc therealjyb @radionationdjs #GOGO #DontMuteDC #FollowTheLeader #crank #stayhome #corona #dance #stayconnected @ Washington D.C. https://t.co/ip2CPqC1uL,0.0,april19_april20
205,1.2517272056857764e+18,"Coronavirus self quarantine day 34: Slow Sundays. THAT IS REAL SOUTHERN LIVING. I am reminded of the 'good ole days' before internet, before cable TV, back when your closest neighbor was a few miles away and traffic… https://t.co/6r1Sro3HS5",0.13636363636363635,april19_april20
206,1.2517281043111936e+18,"Link kitty has a broken leg. My Moira has a broken heart. comoparkanimalhospital  was amazing last night, even with all this Covid madness. He’s got a safe little spot set up, Moira made herself a little bed next to… https://t.co/85kgIXTUhu",0.7,april19_april20
207,1.2517282445687194e+18,"went on a little corona-free adventure with apollo yesterday in PA + slightly upstate NY and it was sooo beautiful ❤️✨
also, more importantly, announcement coming tomorrow! 🐛✨ @ Upper Delaware Scenic Byway https://t.co/AwPjyrqXbl",0.0,april19_april20
208,1.2517283615057797e+18,I hope that my presence here brings hope to the people of New York. I hope that I can help save lives. I hope that I can take the knowledge I gain here back to Atlanta as an expert covid fighter. I hope that I can… https://t.co/7z1g97AUjL,0.13636363636363635,april19_april20
209,1.2517291420197642e+18,"#covid19 
#blantonsbourbon 
#mask @ OPA Grill  and Tavern https://t.co/Bhq6B6MfCp",-0.0625,april19_april20
210,1.2517293182099005e+18,"Join us for worship tonight at 6:30 PM | https://t.co/0Wdv3cBA8R. @GeoffTGleason is preaching from Exodus 12:43-51 » ""A Covenant Meal."" #churchtime #coronavirus https://t.co/EYQbUHePi8",-0.15625,april19_april20
211,1.2517294272492052e+18,"This was too much fun ! Pass the brush challenge !!! 

#tiktok #makeupartist #coachella #couchella #covid19 #mua #anastasiabeverlyhills #maccosmetics #morphebrushes @ San Diego, California https://t.co/7avrnXu7xZ",0.0,april19_april20
212,1.2517295312299663e+18,"""I'm the Dude, so that’s what you call me. That, or, uh His Dudeness, or uh Duder, or El Duderino, if you’re not into the whole brevity thing.”
.
.
.
.
.
#California #coronavirus #covid_19 #covid19 #socialdistancing… https://t.co/2oLo3JEcCd",-0.125,april19_april20
213,1.2517295451216732e+18,"Scott Realty Professionals would like to thank the Nurses, Doctors, Respiratory Therapists, CNAs, techs and everyone else that's on the front lines trying to keep us alive on the Covid-19 and ICU Medserg Floor at… https://t.co/WVFYSnNeAc",0.18787878787878787,april19_april20
214,1.2517297592954143e+18,Been “home-churching” for a month or so ? Hang in there!  #covıd19 #corona #churchstreeteast #downtownmobile #mobilealabama #downtownmobileal #ukulele #ukulelecover #ukulelecovers #banjolele #banjolelecover… https://t.co/CgfkFp1W8z,0.0,april19_april20
215,1.2517301005776118e+18,"Finally found a margarita To Go during #covid19 down at the beach @matteosloco Tres-Arita 2 yr tres.generaciones tequila, anejo, fresh lime’s &amp; lemons, agave, purified water, Gran Marnier, Patron citronge floaters… https://t.co/aqZkptffFS",0.0,april19_april20
216,1.251730233029464e+18,Please support us and support our frontline workers that everyday spend countless long hours saving lives and fighting against the  ferocious virus we know as COVID-19. #healthcareheroes. Today COVID-19 has taken… https://t.co/lFnEgHxs4O,0.28125,april19_april20
217,1.251730534436348e+18,"Man. The algorithm is getting good. #truefans #billsbillsbills #billsmafia #buffalobills #covi̇d19 #coronavirus @ Playa Del Rey, California https://t.co/eak8ymlKky",0.3008626302083333,april19_april20
218,1.2517308246361088e+18,"Corona, 2020, 24x24in. original digital painting, created by pushing, pulling, and stretching pixels within a magnetic algorithm, LE1/1, HD Aluminum, frameless, ready to hang, UV, water, and scratch resistant… https://t.co/2OuF6xC7vV",0.13636363636363635,april19_april20
219,1.251730880881668e+18,#covid #carolebaskin #husbands #bigcats #recipes @ Jimmy's Funhouse https://t.co/K1VSSLqBNA,0.0,april19_april20
220,1.25173127442901e+18,Corona beach day! This is how you do it Florida! #floridamorons @ Derby Waterfront District https://t.co/m6IDdWIOHr,0.0,april19_april20
221,1.2517315339431444e+18,"Veggies. This morning’s grocery run: Maria Corona’s Produce. mariacoronaproduce #mariacoronaproduce #freshproduce #canonfanphoto #canonm6markii @ Miami, Florida https://t.co/yPiL4c3yL2",-0.15625,april19_april20
222,1.2517316284574884e+18,"Making sure my neighbors here in my apartment complex timbercreekdtc are protected. Left a #maskbox by the mailbox for them and a way they can donate or order.  

#covid 
#Covidmaskmaker 
#Maskmaker… https://t.co/eRhq2UIQGF",0.7,april19_april20
223,1.2517319742822482e+18,"Senator Charles Sumner has seen worse times than this, including slavery and the Civil War. I can hope this, now that the COVID19 numbers in New York look better. à Public Garden https://t.co/csBUZtXcZ4",-0.15625,april19_april20
224,1.2517320623583396e+18,"So medical dogs may be able to sniff out people with COVID-19?  When can we get these dogs into action in California,  @GavinNewsom? 

https://t.co/EDJCFpMUQz https://t.co/ehk6BnVnXf",0.0,april19_april20
225,1.251732175336194e+18,"The Show Time must go on. #covid19 #quarantine #nycsubway #shotoniphone @ New York, New York https://t.co/PKRsJ82Hrz",0.0,april19_april20
226,1.251732591838929e+18,"Feeling Gucci 🤎 Just wondering how I’m going to drink my margarita 🙃 
- 
#gucci #designermasks #gemandelli #maskup #coronavirus #stayhome #weekendvives #vuecharlotte #charlotte #clt #putyourmoneywhereyourmouthis @… https://t.co/1iDwZWJFjU",-0.15625,april19_april20
227,1.2517326137500221e+18,.@DukeMBB Coach Mike Krzyzewski wants all #Durham residents to #MaskUpStaySafe to help stop the spread of #COVID19. https://t.co/3c3UdPLHeb,0.5,april19_april20
228,1.2517326662878208e+18,"Are we half way over?
With this one whole Corona Virus ordeal?
.
What happens next?
.
For us all?
.
For home owners?
.
For those that want to buy homes?
.
Join us every Tuesday at 10am CST for our LIVE MMG show to… https://t.co/6URmPcXSl5",0.0,april19_april20
229,1.251733282473087e+18,"My sister @MZTASHA81 needs some assistance with her facility please read message below. #essentialworker #covid19 #chicago #mentalhealth @ Chicago, Illinois https://t.co/8PxKGXtHXH",0.3125,april19_april20
230,1.251737901060305e+18,"Check out 
@PermaChef permachef_usa permachef_espana permachef_deutschland 
.
They have some quality products and of course there making face masks to help with the covid-19 situation and stay safe everyone.… https://t.co/XPb4nU7GR8",-0.15625,april19_april20
231,1.2517380466319032e+18,"The incredible shrinking president — As the country staggers through the apocalyptic #Coronavirus #Pandemic, Trump appears increasingly Impotant, pathetic, and uselessly irrelevant.

https://t.co/fPx4mh6SVo",0.31999999999999995,april19_april20
232,1.2517388722093425e+18,"sunny day , sunday - Day 33 of Covid Homage  🙏

 how many of you have heard about the #restingbitchfacesyndrome ? 
look, masks can help you with that problem, so wear em! @ Mount Bonnell https://t.co/DAYRzhmeOB",0.0,april19_april20
233,1.2517388780437176e+18,"""I'm the Dude, so that’s what you call me. That, or, uh His Dudeness, or uh Duder, or El Duderino, if you’re not into the whole brevity thing.”
.
.
.
.
.
#California #coronavirus #covid_19 #covid19 #socialdistancing… https://t.co/bq6jyOExBz",-0.0625,april19_april20
234,1.2517393842877604e+18,#coronavirus #masks #covid_19 #snapchat @ Albion College https://t.co/po1oayP1DZ,0.0,april19_april20
235,1.251739471483007e+18,Fruit. This morning’s grocery run: Maria Corona’s Produce. mariacoronaproduce #mariacoronaproduce #freshproduce #canonfanphoto #canonm6markii @ Redlands Miami-Dade County https://t.co/riIWqc3Xpe,0.4,april19_april20
236,1.2517219403410473e+18,"WOW! STUNNING! Celebrity Hair Stylist parisvolsch cristophebeverlyhills Looks amazing in our @polatteu Designer COVID-19 Mask! 
https://t.co/wXWAwwCoEl

Posted withregram • parisvolsch The obligatory #covid #facemask… https://t.co/Q5CLCUgE6O",-0.15625,april19_april20
237,1.251722190795481e+18,"Thanks to DoorDash you can still #EatLocal and your first month is delivery fee free!
#DoorDash #Covid #Sushi #FoodPorn @ Evansville, Indiana https://t.co/SqrlyUSkYi",0.2833333333333333,april19_april20
238,1.2517224367410831e+18,"Jan Schopfer plays Soprano Recorder and Melodica while Ken Hall plays piano.  #recorder #recorderplayer #recordersolo #melodica #piano #pianoplayer #socialdistancing #covid @ Cherry Hill, New Jersey https://t.co/8mXcTZccx1",0.0,april19_april20
239,1.2517226364150743e+18,"Proof of life. Smile. ☑ I'm forcing mine LOL 🤷🏽‍♀️
✍🏽✌❤🙏🏽😷🧤
#Writer #WriterFacts #OBS #Quarantine #Covid #SpreadLoveNotGerms #covi̇d_19 #Pandemic @ St. Louis, Missouri https://t.co/xLaDu1bmpZ",0.4166666666666667,april19_april20
240,1.2517226692145316e+18,@abc3340 corona bro’s dont like this 🤣 awesome. It’s past time.,0.4166666666666667,april19_april20
241,1.2517230899871089e+18,"I don’t know about you, but what began as  opportunity to work on creative projects and lay low has slowly turned into my being in a bit of a Covid funk. While I am eternally grateful to have gotten on the other… https://t.co/Z1BFhoLf2n",0.1333333333333333,april19_april20
242,1.25172355920819e+18,"Inside a Toronto ICU: What it takes to care for COVID-19's most critically ill

https://t.co/XiFIBHhX8R @ Hammond, Indiana https://t.co/LkmNgY8ldJ",-0.15625,april19_april20
243,1.251723743782531e+18,"We were supposed to be in Hawaii right now but CoronaVirus so 🤷🏻‍♂️⁣

#coronavirus #quarantine #covi̇d19 #hawaii #hawaiistagram #Cincinnati #nky #fortthomas #fortthomasmatters #maitai #sundaymotivation #cincymusic… https://t.co/NCFbV7uNio",0.0,april19_april20
244,1.2517237760284877e+18,"Quarantine Walk... Charles River! 🌺🌼🌸 Feels so good to get out the house! 😷🙏🏻 Happy Sunday

#SocialDistancing #COVID19 #FlattenTheCurve #quarantineLife #charlesriver #Boston #WBOP #spring2020 @ Charles River Esplanade https://t.co/DHOVTB8irA",0.2333333333333333,april19_april20
245,1.251723831242154e+18,"What's Happening in the CARIBBEAN with COVID19? Join us and hear from Ambassadors and medical experts. #caribbean #american #massachusetts @ Boston, Massachusetts https://t.co/wF2YYsC3Dc",0.3333333333333333,april19_april20
246,1.251723894978986e+18,"Somewhere Over the Rainbow Jan Schopfer plays Soprano Recorder and Melodica while Ken Hall plays piano.  #recorder #recorderplayer #recordersolo #melodica #piano #pianoplayer #socialdistancing #covid @ Cherry Hill,… https://t.co/24pj9QbldO",0.0,april19_april20
247,1.2517239560772608e+18,"Here is a shorter version of just the locking skate to a different funky song.
04/18/20
.
.
.
#mooncricket #covid_19 #corona #coronavirus #stayhome #stayhomesavelives #stayhomechallenge @bumpboxx #bumpboxx… https://t.co/OEakGPvI1x",0.0,april19_april20
248,1.2517240931892306e+18,"COVID 19 testing
Nasal swab for SARS-CoV-2
East Flatbush
Brooklyn NY 2020.04.19

#covid19 #covidnyc #covidtesting #epidemic #pandemic #coronavirus
#publichealth #ppe #paramedic #nyc #nasalswab #swab #nationalguard @… https://t.co/EpuHADu57y",0.0,april19_april20
249,1.2517243627613512e+18,"The best kind of distance today 🏄🏼‍♀️
.
.
.
#socialdistancing #isolation #covid #sundayfunday #sup #denver #colorado #paddleboarding #happyplace #quarantine #greatoutdoors #socialdistancing2020 #springbreak2020… https://t.co/6oGKE5rIfW",0.15925925925925924,april19_april20
250,1.251724373100241e+18,Since the #coronavirus #epidemic in China ... Africans are being blamed and violated at a high rate  ... and the police aren’t doing anything ..... this shid is dead ass wrong ... we can’t keep letting other races… https://t.co/DV9C1bfMTT,0.25,april19_april20
251,1.2517246223215903e+18,"I got my Covid haircut today and now I’m ready for my Zoom meetings.🤣😎🙏 @ Henderson, Nevada https://t.co/tDHnTHmfQx",-0.15625,april19_april20
252,1.2517262231532667e+18,"It like Christmas during Covid! 💯

#TheLastDance
🐐 #MJ4Life @ Las Vegas, Nevada https://t.co/4jUYNGmeqP",0.3333333333333333,april19_april20
253,1.2517264336275825e+18,"#SundayInspiration 
Saints gird your loins, bear down and #pray ... by now I'm sure this #Coronavirus has personally touched us all in some way. 
#COVID19 is strong, but our God is stronger. 🙏🏾 
Pray for grieving… https://t.co/QFb4pQ1p7v",1.0,april19_april20
254,1.2517264851756524e+18,"ABC News

abc

While acknowledging the importance of testing, Dr. Deborah Birx, the White House coronavirus response coordinator, said that it is only part of the solution to reopen the United States amid the… https://t.co/hIYItFQqPx",-0.0625,april19_april20
255,1.2517266612147773e+18,"Three other problem with being (apparently) persona non grata--with no notification or clarification of transgression, mind--in your own place is that you have NO place of refuge.

Fuck it: come get me, #COVID19.… https://t.co/HS1BfYYLm1",-0.15625,april19_april20
256,1.2517267496683807e+18,"Quarantine Walk... Charles River! 🌺🌼🌸 Feels so good to get out the house! 😷🙏🏻 Happy Sunday

#SocialDistancing #COVID19 #FlattenTheCurve #quarantineLife #arthurfiedler #charlesriver @ Charles River Esplanade https://t.co/a7l2hGzJsb",0.0,april19_april20
257,1.2517268393090499e+18,Hopefully this isn’t the work of “The Trump Death Cult” #coronavirus #covi̇d19 #quarantine #lockdown2020 #socialdistancing #socialdistancing2020 #dumptrump #dumptrump2020 #biden2020… https://t.co/USF2ZximZt,0.75,april19_april20
258,1.2517268893470966e+18,"Boyle County Health Department | Brent Blevins: As of 4pm today we have no new confirmed cases for a total of 14. Enjoy your day!

Danville COVID-19 Information &amp; Resources: https://t.co/pyFqvlusLx

#DanvilleKY #DanvilleKentucky #TeamKentucky #TogetherKY #Patriot #klccitystrong https://t.co/GtFGRO1n2I",1.0,april19_april20
259,1.2517269263534408e+18,"Capturing our NEW normal...A Corona Photo Series...masks, lines and heightened security. This is a necessary evil. With 4k new people affected each day in NJ and over 25k nationally we currently live in this… https://t.co/TNe8oJlbQ6",-0.0625,april19_april20
260,1.2517269732751237e+18,"Quarantine Walk... Charles River! 🌺🌼🌸 Feels so good to get out the house! 😷🙏🏻 Happy Sunday

#SocialDistancing #COVID19 #FlattenTheCurve #quarantineLife #charlesriver #Boston #WBOP #spring2020 @ Charles River Esplanade https://t.co/1E3YzPMaOn",0.29924242424242425,april19_april20
261,1.2517272787211837e+18,"Georgina Hamilton of Wilbraham, a custom drapery maker and interior designer, made face masks at her home and donated to hospitals and nursing homes to fight the COVID-19 pandemic.

#FaceMask #Donation #Colorful… https://t.co/DMCEGug9bA",-0.15625,april19_april20
262,1.2517276823180206e+18,"“Ran” a 5K 😳  Florida Panthers Foundation’s Territory Trot for COVID-19 relief. (Half walked, half ran)
#territorytrot #notarunner @ Fort Wayne, Indiana https://t.co/GnFrlG43ly",0.5,april19_april20
263,1.2517277393982587e+18,"The good ol days😂#pandemic #covid #covid19 #StayHomeSaveLives @ Sacramento, California https://t.co/CDMCJuPFsh",0.0,april19_april20
264,1.2517281043111936e+18,"Peek-a-boo.
#stayathome #covid_19 #coronavirus #pandemic #my200poundlife #mikeinspiresme #lifestylemedicine  #inspiration #motivation #hiking #hikewithmike #hikect #nature #exercise #weightloss #health #fitness… https://t.co/3c0BwdPPgm",0.7,april19_april20
265,1.2517290536456684e+18,"IS 💈 CLOSED until further notice !!! To all essential workers may God grant you protection from the coronavirus ,AMEEN 
While in quarantine making the best of this horrible situation the World is facing. REAL… https://t.co/NhxV647jXc",-0.0625,april19_april20
266,1.2517292374820946e+18,"This GOD truly a loving GOD?
I mean so much shit is going on in these days. 
A lot people said that the bible prophesied this covid19 pandemic &amp; yet there were plenty of pandemics before this one. 
Y2k, 9/11, &amp; the… https://t.co/xjW0DsCbcm",0.0,april19_april20
267,1.251729265718104e+18,"@CristieJoJohn co-authored https://t.co/AXkBlHRok6 - a fascinating book that tells how to find strength in life’s challenges apropos to Covid 19 available now amazon @ Houston, Texas https://t.co/oHnuM2voMQ",0.0,april19_april20
268,1.2517295312299663e+18,"Sorry to disappoint but I didn’t quite make the 30 days of skiing...had to spend days 24 &amp; 25 just looking at the lake! It wasn’t a sore back, lack of motivation or a case of Covid-19...it was a murphy bed frame… https://t.co/ZMyQ3fNi27",-0.125,april19_april20
269,1.251729583084376e+18,"National Kidney Foundation

@nkf

#Dialysis patients are at a high risk for serious complications from #COVID19. These precautions should be… https://t.co/wUyzye4T7P",-0.0625,april19_april20
270,1.2517300175010202e+18,5 ways to protect yourself from coronavirus #DrYani212 #dryani #biologicaldentistry #holisticdentistry #emergencydentist #emergencydentistry #coronaviruspandemic #coronaviruspandemic2020 #flattenthecurve… https://t.co/M0rVqHlY0Y,0.06666666666666668,april19_april20
271,1.2517301005776118e+18,Schools and activities have been cancelled because of COVID 19... but that doesn’t mean that we cannot celebrate our children’s great accomplishments...#yardsigns #captoppers #gradfans #graduationseason #classof2020… https://t.co/19Mac1FOgC,0.0,april19_april20
272,1.251730233029464e+18,"SOME GOOD NEWS ABOUT COVID-19⁉️
.
Exactly 1 week ago, last sunday i worked in the ED. It was one of the most chaotic days... Super crowded ED, patients everywhere, in all the hallways, litterally EVERYWHERE...… https://t.co/IId4tMsqcr",0.28125,april19_april20
273,1.2517304503111516e+18,#sunday #cats #whitecatproblems #louisiana #covid What today feels like.... #urgg @ PM Star Promotions https://t.co/BeV5OCwe0w,0.13636363636363635,april19_april20
274,1.2517308246361088e+18,Everybody is our Bike 🚲 Riding No Mask 😷 it’s 2 Freaking Hot 🥵 For Any Virus 🦠 2 Live Come on World 🌎 Social Distancing The Gig is Up LIES PROPAGANDA PROMOTING FEAR DEATH 💀 #covi̇d19 #coronavirus #spamdemic #pandemic… https://t.co/FcJ8S4uNiL,0.13636363636363635,april19_april20
275,1.2517316284574884e+18,"Covid Relief.  Thanks northendtavern !!!
#adultcaprisun #margaritainabag #supportsmallbusiness #supportlocalrestaurants #net #northendtavern #eggplantnapoleon @ New Rochelle, New York https://t.co/enUVIPR1S9",0.7,april19_april20
276,1.251732175336194e+18,"DAM RIGHT 🙏☝️🇺🇸!!! @kingofthecage !! #GITRIGHT #GODSSOLDIERS #PSALM23 #BLESSED #quarantine #stayhome #coronavirus #covi̇d19 
.
.
.
.
.
#gym #workout #fitness #fitnessmotivation #fitnessgirl #fitnessmodel #exercise… https://t.co/3inPkZPZLb",0.0,april19_april20
277,1.2517322383010038e+18,"Running an errand in the outside world. #socialdistancing and wearing protective gear. 
..
#mask4mask by sstricksapparel 
(Highly recommend)
..
#covid19 #covid #quarantine #mask #disinfect #coronavirus #outdoors… https://t.co/mFOHGIGPo4",-0.0625,april19_april20
278,1.2517324154306191e+18,"Satan has a grand scheme plan to destroy you and he is advancing it under the guise of Covid-19.

#charityapostolicchurch @ San Diego, California https://t.co/6hGPUFBRhK",0.0,april19_april20
279,1.251732591838929e+18,"New Counter Shields, be ready when we reopen.  Let your customers and staff know you care about their health and safety
 https://t.co/vrgzzNUpjr… https://t.co/JtaIMWiCIF",-0.15625,april19_april20
280,1.2517326137500221e+18,"Just posted a video @ Corona, California https://t.co/8ZTE9QPWJW",0.5,april19_april20
281,1.2517326662878208e+18,"💢Just bought more Coronavirus Repellent 💢 
.
.
#jackdaniels #jackandcoke #crownroyal #whiskeyweather #whiskeygirl #whiskeyagogo #whiskey #rainbowbarandgrill #cheers #vampire #hollywoodvampire #metalgirl #metalmusic… https://t.co/xpht2RrH0q",0.0,april19_april20
282,1.251737901060305e+18,"Quarantine Walk... Charles River! 🌺🌼🌸 Feels so good to get out the house! 😷🙏🏻 Happy Sunday

#SocialDistancing #COVID19 #FlattenTheCurve #quarantineLife #charlesriver #Boston @ Charles River Esplanade https://t.co/4034P1O7Fa",-0.15625,april19_april20
283,1.2517380466319032e+18,Today we also received a generous donation of face coverings from Ying Hua International School in Kingston.  We are fortunate to have such an amazing and supportive #community. #family #washyourhands #covid… https://t.co/0enlW92efA,0.31999999999999995,april19_april20
284,1.2517387538964972e+18,"P.S. ""I Just Smoke A lot"" S/O to pipeplug for coming with the COVID-19 Teeez. @idabb710 drex710 Łink in my Bio #pipeplug #longbeach #huntingtonbeach @ East Side Long Beach https://t.co/Wc7kOpsgSA",0.0,april19_april20
285,1.2517388722093425e+18,"Our little celebrity, @Radical_Matt talking to @news12ct today! Check it out all night to see what he had to say!
#supportsmallbusiness #supportfrontlineworkers #quarantine #socialdistancing #coronavirus… https://t.co/ECBOMSjte7",0.0,april19_april20
286,1.2517388780437176e+18,"Here's your 4/19/20 daily COVID-19 update from the County of Ventura.
6 new cases 
207 recovered cases
30 hospitalized
9 currently in the ICU
13 deaths
7,302 tested

View the following link for a list of Frequently… https://t.co/E3bPY8yP5j",-0.0625,april19_april20
287,1.251738888198148e+18,"Thanksgiving in the time of Corona. Cornbread dressing, taters and roasted Turkey. Salad for dessert. @ Dirtona, Graham Compound https://t.co/GtS5fmFBuu",-0.625,april19_april20
288,1.2517219403410473e+18,"More like COVID-Nahteen amirite? @biglohiphop @ Albany, New York https://t.co/x06028viwA",-0.15625,april19_april20
289,1.2517219498996654e+18,"Today’s mask #covid19 #mask @ Cooper-Young, Memphis https://t.co/FfyQcbNW99",0.16666666666666666,april19_april20
290,1.2517220778513244e+18,"Wings, beer and board games outside! #sunday #familyday #bbq #traegergrills #wings #covid19 #quarantine #quarantinelife #outbreakbrewery @ Davis Manor https://t.co/08TPB9PEot",0.3054545454545455,april19_april20
291,1.2517224367410831e+18,Hospital officials cite risk of kidney failure in some COVID-19 patients on ventilators https://t.co/Hepg2D8RdB https://t.co/Nl7iMrOLcJ,0.0,april19_april20
292,1.2517226364150743e+18,"Let’s talk COVID careers with Dr. Elizabeth Heintzkill Monday, April 20 at 1:30pm EST. We’ll discuss how to find employment during this time and overall how to advance your career. Bring a notepad and register with… https://t.co/I93UDtxNuv",0.4166666666666667,april19_april20
293,1.25172355920819e+18,@kevinpurcell  A St Helena supplies flight. Not sure if they have any cases there. https://t.co/TI2oe5cPlR,-0.15625,april19_april20
294,1.251723828285395e+18,"You guys look lovely. #pasta #covid19 @ West Hartford, Connecticut https://t.co/FWwjNjZNi0",-0.0625,april19_april20
295,1.251723831242154e+18,"Some pretty awesome people who are so very thankful to essential workers. #covid #coronavid19 #thankful @ Walkersville, Maryland https://t.co/XtbGGkKDSJ",0.3333333333333333,april19_april20
296,1.2517239560772608e+18,"Think This Pandemic Is Bad? We Have Another Crisis Coming.
https://t.co/hQhkfU5tuI",0.0,april19_april20
297,1.251724004550992e+18,"You won’t want to miss tomorrow’s “INTERACTIVE ZOOM VIDEO BROADCAST” at 12:00PM PDT! 

Tune-In as Justin Nimergood and Bruce Cameron continue their series on “The Business Strategies To Deal with the COVID-19… https://t.co/Lah3fNG9BP",-0.15625,april19_april20
298,1.2517240931892306e+18,"🇺🇸 US

#Covid19: Fast spreading but improving rapidly, epidemic. Est. 1.42% of pop. infected. Lot worse to come. Proj. death toll 156,909 in ~149 days.

🕓 20/04

1/4",0.0,april19_april20
299,1.251724373100241e+18,"Monday 4/20, Wednesday 4/22 and Saturday 4/25 live sales start at noon!  Join us live or play the replay. Either way join in the fun!!! #shopsmall #supportlocal #socialdistancing #corona #stayhome @ Artware https://t.co/xeEXfXprwd",0.25,april19_april20
300,1.2517244466766807e+18,"This was to be the weekend that Drake's 'Painted Street' got its annual renewal by university students. But, alas, the event was canceled (along with a related paint fight) because of the coronavirus. Perhaps in the… https://t.co/ZeIjj3D6Fo",0.0,april19_april20
301,1.2517257433374188e+18,Hang out with people who make you forget to look at your phone! ❤️ 🎈 #nyc #tribeca #balloonsaloon #memories #coronapocalypse #coronavirus #flattenthecurve #socialdistancing #washyourhands #stayhome #bestemployees… https://t.co/0Jv5gmPgBt,0.21904761904761905,april19_april20
302,1.2517262231532667e+18,COVID-19 can’t keep us apart. #togetherapart #socialdistancing #besmartsavelives #whateverittakes #virtualhappyhour @ Summerhouse On Everett Bay https://t.co/ZLn4uTHn9p,0.3333333333333333,april19_april20
303,1.251726397090992e+18,"After our family walk in #Albany's glorious #WashingtonPark today, Sierra and I made donuts for the 1st time ever,  because #COVID. @ Albany, New York https://t.co/SP2OYI10Uv",-0.0625,april19_april20
304,1.2517264336275825e+18,"Working on building my immunity while observing social distancing #socialdistancing #corona🍺 #quarantine @ Port Charlotte, Florida https://t.co/IhnPoc39iP",1.0,april19_april20
305,1.2517264851756524e+18,Tbt again Five yrs ago!🤩 lasvegas We should all have been back this weekend for another magic n exciting#feiworldcupfinals but so came #covid 🦹🏼‍♀️ #haideontour #horse #showjumping #steveguerdat #bertramallen… https://t.co/hXinKpoIJy,-0.0625,april19_april20
306,1.2517267496683807e+18,Gorgeous afternoon for a ride. #biking #beach #pacificocean #sanfrancisco #sf #california #coast #home #covid #exercise #iphonexs #lightroom #hella #chill @ Ocean Beach SF https://t.co/HASzgGFooC,0.0,april19_april20
307,1.2517269263534408e+18,"Chef Mickey Character Dining @ Disney’s Contemporary Resort - 07/01/19
•
COVID-19 lock down has given me time to finally finish going through our vacation photos from Disney… https://t.co/KOaGBtszm0",-0.0625,april19_april20
308,1.2517269732751237e+18,Had to get some Fresh air. It’s been a whole month of “stay at home” my biggest battle so far is not catching Corona but “Cabin Fever”. New shit dropping tomorrow. LIKE SHARE and Comment how you’ve been staying sane… https://t.co/e6t0KsAOJ4,0.29924242424242425,april19_april20
309,1.2517271028120453e+18,"@droeloemusic another one off CoronaVirus playlist. definitely inspired by the coronavirus ‘stay indoors’ mandates.  https://t.co/0zDjiyF7mT @ Seattle, Washington https://t.co/QjGX6FGUHf",0.0,april19_april20
310,1.2517276823180206e+18,"Musical Medley. Jan Schopfer plays Soprano Recorder and Melodica while Ken Hall plays piano.  #recorder #recorderplayer #recordersolo #melodica #piano #pianoplayer #socialdistancing #covid @ Cherry Hill, New Jersey https://t.co/WPdOwkBOzQ",0.5,april19_april20
311,1.2517283615057797e+18,Creativity is used to keep the GPGA rolling during the Covid-19 Pandemic.  Cathy Tong and her mother putting the final touches on the set up of The NetReturn at The Cambridge Hill private tennis court.  The season… https://t.co/Lf5WlM8ysb,0.13636363636363635,april19_april20
312,1.2517290536456684e+18,"As you can imagine, JMK Photography and Kalispell Headshots has taken a very hard hit due to Covid-19 and the various government restrictions. As a result I’m working to realign business strategies and that includes… https://t.co/abJXCqidwI",-0.0625,april19_april20
313,1.2517291420197642e+18,"Walking in LA. Nobody walks in LA..
.
.
#staysafe #coronavirus #lockdown
.
#appreciate #meditate
#mydarkenedeyes #blackeverything #darker #motolife #RideOrDie #triumph #StreetTripleR #wanderlust #zeitgeist #dainese… https://t.co/nMFVbWyrxJ",-0.0625,april19_april20
314,1.2517293182099005e+18,"Ain jumped sharp in a lil min  👔💈🙌🏿
• 
#illustriouscuts #celebritybarber #chicago  #HydeParkBarber #Barber #Haircut #Booksy  #barbergame #fades #nikechicago #BarberLife #barberworld #Covid19 #chicagobarbers… https://t.co/5lS3Eapwug",-0.15625,april19_april20
315,1.251729406239871e+18,*CORONA VIRUS FREE* 😷🚫*OUT NOW* *NEW SONG* @BapeJedi “R.I.P KOBE” prod. by vape80prod &amp; remixed by @KazzFlo 🙏🏾🏀at https://t.co/4HnYoEne8M  from the 2020 *NEW EP* GALAXY B “WORLD WAR B” ✨🐝 ART BY @BapeJedi… https://t.co/2DyDht8HAv,0.0,april19_april20
316,1.2517297592954143e+18,"Free, same-day tests now available for all LA County residents with #COVID19 symptoms  (fever, cough, difficulty breathing) starting tomorrow! The following do not affect eligibility: •Immigration status
•Insurance… https://t.co/OIHcN1rUyZ",0.0,april19_april20
317,1.2517304503111516e+18,"For love of country...

#Repost @cakemusic with @get_repost
・・・
With COVID-19, there’s a lot to worry about right now. But you shouldn’t have to worry about how you’re going to vote safely in November or an upcoming… https://t.co/O1UxKUhGJC",0.13636363636363635,april19_april20
318,1.251730534436348e+18,"PN1 finally complete!!!! #bebetter #quarantinecollege #CORONAVIRUS #precisionnutrition #coach #selfdevelopment #rkc #fms #dotfit #cfsc @ El Barrio, East Harlem, New York https://t.co/XMQTBb2ew2",0.3008626302083333,april19_april20
319,1.251730880881668e+18,"*Let your soul glow*

The #coronavirus isn't going to stop me from modeling.
#quarantinelife @ Las Vegas, Nevada https://t.co/dlGJoF85N5",0.0,april19_april20
320,1.251730970534916e+18,"It’s #spring.
Corona Bandit or not, that means the annual #DorchesterHeights climb.

☑️ Yes, I did the back hill too.
☑️ Yes, I got side eyes from #turkeys.
☑️ Yes, I am a wheezing fattycakes mess, which is the… https://t.co/juOXJOQHv1",0.2833333333333333,april19_april20
321,1.2517311217311785e+18,"2020 Coronavirus House Arrest Day 35 - finished watching blu-ray bonus features and read! With the bar officially open until we are free to roam, tonight's elixir is this simple #cocktail filled with some… https://t.co/540jovCEMB",0.2857142857142857,april19_april20
322,1.25173127442901e+18,"🌀
covid-19 pandemic quarantine
these are
the people
of
Granville, Ohio | April 2020
.
the Korth family
James Road
.
.
View all the photographs on the blog (link in… https://t.co/gxnGpvtPr1",0.0,april19_april20
323,1.2517316284574884e+18,"#clapbecausewecare #clapbecausewecarenyc #essentialworkers #healthcareworkers #queens #newyorkcity #newyork #covid_19 #coronavirus @ Queens, New York https://t.co/axksANFVcc",0.7,april19_april20
324,1.2517317100075622e+18,#corona  #covid19 shopping nowadays @ The Fresh Market https://t.co/EZgzxqVX1F,-0.0625,april19_april20
325,1.2517319742822482e+18,"In a world where a virus has taken hold everyone is in the house and the president is an idiot.

________________________________________________________

#Coronavirus #StayHome #Trump #NoSports #DumpTrump #NBA #NFL… https://t.co/nmvbELfnUZ",-0.15625,april19_april20
326,1.2517320623583396e+18,MAYBE just maybe the coronavirus is teaching us to slow down. I mean we’ve got to a point where the world is moving so fast that if we aren’t careful we can easily mistake busyness for making the best use of the time.,0.0,april19_april20
327,1.2517321401793905e+18,"Second  round of the Covid-19 tour complete. Sponsored by Lysol and Charmin. #golfdallas @ Richardson, Texas https://t.co/LnALHV52kI",0.0,april19_april20
328,1.251732175336194e+18,"This is usually one of the most congested streets of New York City.
.
.
.
#timessquare #new_york #bestpicture #Picoftheday #cityscape #coronavirus #corona #virus #isolation #COVID19 #emptystreets #emptynyc… https://t.co/oO8PU8u5rJ",0.0,april19_april20
329,1.2517322383010038e+18,"Nightshift sunsets .
.
.
#landscape #iphone8 #shotoniphone #doctor #medicine #covid @ Boston Medical Center https://t.co/FPlZBbvD9p",-0.0625,april19_april20
330,1.2517324154306191e+18,"🇺🇸 US

10 day forecast of 65,982 dead. This wave may last ~159 days and see 11,207,792 cases and 156,909 deaths. Cases double every 6.0 days.

📈: https://t.co/7II8TOvToR

🕓 20/04 #CovidUS

3/4",0.0,april19_april20
331,1.251732591838929e+18,"Chef Mickey @ Disney’s Contemporary Resort - 07/01/19
•
COVID-19 lock down has given me time to finally finish going through our vacation photos from Disney 2019
.
.
.
.
.
.
.
.
.
.
#disneyscontemporaryresort… https://t.co/gH3J07qgEK",-0.15625,april19_april20
332,1.2517326137500221e+18,"‘Storefronts in the time of Covid..’ Visuals amidst the covid virus epidemic, as residents move in ways to ensure a normalcy for everyday life in the Prospect Lefferts Garden/Flatbush section of Brooklyn, New York… https://t.co/qGgjudddep",0.5,april19_april20
333,1.251733282473087e+18,Had some fun in the sun today with my boys!!! Happy Birthday to the best Hubby &amp; Daddy! We’ll do something epic next year for our birthdays since this year is ruined by COVID-19! 😷😭 We love you so much! 😘❤️😍… https://t.co/ikHrFgoBcE,0.3125,april19_april20
334,1.2517380466319032e+18,"Gotta look cute when you fightin’ Miss ‘Rona. Stay safe everyone. #quarantine #sunday #essentialshoppingtrip #sunday #sundayfunday #itstheendoftheworldasweknowit @ El Cerrito Hills, Corona, California https://t.co/SwPowLECiP",0.31999999999999995,april19_april20
335,1.2517381670419046e+18,"For the #owtlaws the bros of #iotaphitheta @f1rstcreations 
https://t.co/sE2rg60ONU
.
.
.
#iota #iotas #centaurs #blackmen #black #mensfashion #blacklove #nphc #1963 #quarantinelife #corona #coronavirus #masks @ Downtown… https://t.co/V2YQu53UHk",0.0,april19_april20
336,1.2517388722093425e+18,Sunday Night Live 933wmmr w a #FillInTheBlockHouseParty Weekend continuing until midnight. 215-263-WMMR Or TEXT: 39333  #StayHomeAndRock #COVID19 #COVIDPandemic #LiveRadio #SundayNight #WMMRRocks #MMRRocks #933WMMR… https://t.co/kqNDM8SiCq,0.0,april19_april20
337,1.2517219403410473e+18,"Who else would go to events like this? 
&amp; If you had an extra suit who would you take? 
👨🏿‍🚀......👨🏻‍🚀......👩🏽‍🚀
.
.
.
.
#FestieBestie  #JustEDMme #FestivalSeason #Cancelled #Lol #covid @ Las Vegas Motor Speedway https://t.co/ZiUydewfXk",-0.15625,april19_april20
338,1.2517220778513244e+18,"D&amp;D shenanigans COVID-19 style #pandemic #dnd #rpg #unprecedented @ Reed City, Michigan https://t.co/ZyBTzUxLH6",0.3054545454545455,april19_april20
339,1.2517225512875704e+18,"COVID Sunday! 😎🤩
Getting my vitamin D! 🌞💫
.
#rechargeyoursoul #gorgeousday #thankful #blessed #peacefull @ Boca Raton, Florida https://t.co/cvK27FAz7Q",0.26666666666666666,april19_april20
340,1.2517226364150743e+18,"The Coronavirus has made me want to have the house smell good at least! So far we've gone through @theyankeecandle White Gardenia, bathandbodyworks Frosted Coconut Snowball, Vanilla Bean Noel, Mahogany Teakwood High… https://t.co/yzjsSc2O8M",0.4166666666666667,april19_april20
341,1.2517226692145316e+18,Artificially Intelligent Podcast: Covid-19 Location Data and More  https://t.co/VoXsnPvTcm,0.4166666666666667,april19_april20
342,1.2517231369298698e+18,Fabricated the seat base and mounts ahead of upholstery; plugged visible holes.  Now for ... Oh a hundred hours of sanding and urethane.  Looks like there's still a covid of weekend coming up so...project right on… https://t.co/nFXOr78GoD,0.5111111111111111,april19_april20
343,1.25172355920819e+18,Are you feeling isolated or overwhelmed during COVID-19 pandemic? We are a local mental health &amp; addiction recovery counseling center. NO ONE will be turned away for services. We have Local Licensed Therapists with… https://t.co/pVWS37qsGw,-0.15625,april19_april20
344,1.2517237399952957e+18,"So Liquor, Tobacco, and Marijuana Businesses Are Essential, But Places of Worship Are Not? 

#covid #prayer #corona #losangeles #lacrescenta #lacanadaflintridge #losfeliz #glendale #tujunga #sunland #shadowhills… https://t.co/c0o5KH2eEA",-0.0625,april19_april20
345,1.251723743782531e+18,"Tomorrow! Monday, 4/20 at 5PM PST/8PM EST please join me LIVE for JACKIE BEAT’S GREATEST TITS, my #DigitalDragFest show for @pegmgmt on @stageit! ALL LIVE SINGING! NO CORONAVIRUS! A 100% COVID-FREE ZONE! Almost SOLD… https://t.co/nhjFo4JaKn",0.0,april19_april20
346,1.2517237760284877e+18,"#hanstaekwondo Kickin Corona #bakersfield princessgian @ Han's Taekwondo Academy of Bakersfield, California https://t.co/T5sSRlhFxU",0.2333333333333333,april19_april20
347,1.251723831242154e+18,Austin Public Health says it’s investigating nine clusters of COVID-19 in the Austin-Travis County area. One was recognized last week at The Salvation Army https://t.co/bSFyE5qjDD #atx #austin #all512,0.3333333333333333,april19_april20
348,1.251724004550992e+18,Our new normal for the foreseeable future.  Lashes not included with mask ✨ #mask #maskup #doublelayermask #fashiondesigner #judyarce #newyork #longisland #meneksheboutique #weareallinthistogether #coronavirus #covid… https://t.co/ygKEIjphKW,-0.15625,april19_april20
349,1.2517243627613512e+18,"Street Signs, Corona Queens and Flushing Meadows-Corona Park #streetsigns #coronaqueensnyc #coronaqueens #corona #queens #flushingmeadowscoronapark #nofilter #unedited #canon77d #canonphotography #canonphotographer… https://t.co/5EhpeKmDUo",0.15925925925925924,april19_april20
350,1.2517244466766807e+18,"Support small businesses, if you can!
.
.
.
#shopping #supportsmallbusiness #supportlocal #coronavirus #covid19 #pdx #travelportland #pdxshopping #portland #portlandoregon #madeinpdx @ Alberta District https://t.co/Cd0Qi5L9rs",0.0,april19_april20
351,1.2517246223215903e+18,"I wonder if #COVIDー19 were shown to be disproportionately affecting white women would these protests be raging to “liberate” Michigan, Minnesota and Virginia? 🤔 Photo by: alysonleemclaren @ Riverside Drive https://t.co/QVxLRRd0KP",-0.15625,april19_april20
352,1.2517256408538522e+18,"YHB would like to say thank you to everyone who continues to come out and support us during COVID. Thank you for the online orders, the referrals and the orders shipped to friends and family. Without you we would… https://t.co/nr4os7kva3",0.021645021645021644,april19_april20
353,1.251726397090992e+18,"Spring Covid 19 @ Riverside Park, Upper West Side, Manhattan https://t.co/mSYpBTxmSh",-0.0625,april19_april20
354,1.2517264336275825e+18,"To my love .... My wife my friend my everything
Happy birthday 🎉🎈🎈🎈🎈🎈🎈🎈

Wish you new happy year ❤️❤️❤️🌹

20 April 2020 #corona #love @ Edgewater (Miami) https://t.co/utwiXAZmN8",1.0,april19_april20
355,1.2517264851756524e+18,"COVID-19 update @ New York, New York https://t.co/IGpY9SZgtL",-0.0625,april19_april20
356,1.2517266612147773e+18,I love salmon for two reasons.  1) I can hard sear it like a motherfucker and 2) because I love eating the raw scraps that I have leftover post fabrication.  #LearnToCook #chef #cheflife #quarantine #covid19 #cook… https://t.co/kEKlRw0FAV,-0.15625,april19_april20
357,1.2517267496683807e+18,"Remember to workout, friends! 🏋️‍♀️ #COVID19 #QuarantineLife #WeGotThisSeattle #KeepItUpWA 📸 ellepaviya @ Golden Gardens Park https://t.co/C7mQPqTVu9",0.0,april19_april20
358,1.2517271066873815e+18,"Online Classes for all ages, the most important thing you can do this Spring.  #covid #sucks #fightOn #fightBack ussdsfdojo@gmail.com @ United Studios of Self Defense https://t.co/pZP4GuEHGJ",-0.07142857142857142,april19_april20
359,1.2517272056857764e+18,"Rust, Flushing Meadows-Corona Park #rust #flushingmeadowscoronapark #queensnyc #queens #nofilter #unedited #canonphotography #canonphotographer #canon77d #24mm70mmf4 flushingmeadowscoronapark coronapark @ Flushing… https://t.co/G7NhtjrIve",0.13636363636363635,april19_april20
360,1.2517272787211837e+18,Far more COVID-19 cases in Silicon Valley than official figure: study: Far more COVID-19 cases in Silicon Valley than official figure: study. This would make the real mortality rate of the disease less than 0.2 percent. https://t.co/0eS3RGvhBd,-0.15625,april19_april20
361,1.2517277393982587e+18,"#BETNEWS: #Covid19 Black America’s Fight: Tune in this Wednesday April 22, 7pm EST. @ New York, New York https://t.co/XlbygIhPbR",0.0,april19_april20
362,1.2517278131131924e+18,"#Quarantine #ShelterInPlace #KlayThompson @klaythompson #Selfie #MirrorSelfie #HappySunday #SundayFunDay y’all I’m bored as HELL! #Covid19 can drink bleach! @ Willow Glen, San Jose, California https://t.co/GliEludN7h",0.625,april19_april20
363,1.2517283615057797e+18,"And I finally found the sewing machine!! Masks for work done ... if you need one, let me know! 
#COVID19 is a biatch but we are stronger!! @ Aptos, California https://t.co/TygxvtJuVU",0.13636363636363635,april19_april20
364,1.251728877052887e+18,Sending love to all the first responders out there - thank you 🙏 #allinthistogether #flattenthecurve #covid #loveyourself #loveoneanother #lovelife #citylife #citygirl #nyc #trustandbelieve #reflect #love… https://t.co/TfCRRYyQza,-0.15625,april19_april20
365,1.2517290536456684e+18,"We breathed the fresh in the great outdoors today. #coronavirus @ San Francisco, California https://t.co/dEQ7HctphU",-0.0625,april19_april20
366,1.2517291420197642e+18,"Trees, Flushing Meadows-Corona Park #trees #flushingmeadowscoronapark #nofilter #unedited #canon77d #canonphotography #canonphotographer #24mm70mmf4 flushingmeadowscoronapark coronapark @ Flushing Meadows - Corona Park https://t.co/KGeQe9N83Q",-0.0625,april19_april20
367,1.2517293182099005e+18,"Nice to be out a bit today- lovely weather #sfviews #covid19 #shelterinplace #thankgodicangoforawalk @ Hillsborough, California https://t.co/XP83Xj6WO8",-0.15625,april19_april20
368,1.251729406239871e+18,"I mind as well shoukd just build a pool inside my apartment 🤣 #coronavirus #government #trump @ Pawtucket, Rhode Island https://t.co/rSbygJkLrs",0.0,april19_april20
369,1.2517294272492052e+18,"Video of @the_honky_kong &amp; its_sc00ter running to Texas De Brazil after the quarantine... If ya ain't first you're last
#footrace #leeetsgooo #meatsweats #cantwait #quarantine #covid19 #lol @ The Saucey Podcast https://t.co/DMQBUqSTyd",0.0,april19_april20
370,1.2517295312299663e+18,"Quarantine Sunday: Chocolate Chip Cookies and littlefireshulu 🔥🔥
.
.
.
#SocialDistancing #Quarantine #QuarantineLife #DoingMyPartCO #WeGotThis #WeGotThisDenver #COVID19 #CoronaVirus #Denver #Colorado #Home #Homemade… https://t.co/c2EQoOQYeX",-0.125,april19_april20
371,1.251729583084376e+18,"Random pics from covid isolation. @ Troutville, Virginia https://t.co/NlObtGJbb4",-0.0625,april19_april20
372,1.2517297592954143e+18,RJ Barrett’s bizarre coronavirus world involves big donations https://t.co/JbrIoOBQwj https://t.co/gPCVhrTLgk,0.0,april19_april20
373,1.2517300175010202e+18,Weekend has come to an end.... well basically all the days are the same currently. Lol. #rubberducky #bathtime #bathingbaby #bathtub #stayhome #covid #covid19 #happybaby #babiesofinstagram #splishsplash #daddysgirl… https://t.co/8TlxgYZzJL,0.06666666666666668,april19_april20
374,1.2517301005776118e+18,"Family 📽 night #COVID19 style

#movieonthelawn #socialdistancing #sixfeetapart @ Land o' Lakes, Florida https://t.co/7aH0267pEV",0.0,april19_april20
375,1.25173127442901e+18,"COVID-19 update 
For all employees and you're taking public transportation MTA BUS Subway NJ transit PATH LIRR MetroNorth  Face mask required @ Gristedes Supermarkets #059 https://t.co/xfr42DVqIN",0.0,april19_april20
376,1.2517317100075622e+18,"How has the scope of your job changed since the COVID-19 outbreak? 

All of our followers should understand the challenges that our grads face each day on the front lines.

Share your pic in PPE using #NATHeroes… https://t.co/RSrDknZLJq",-0.0625,april19_april20
377,1.2517319742822482e+18,"Growing up during a time of invisible monsters...
#homelife #covid #shelterinplace #stayhome #socialdistancing @ Pacifica, California https://t.co/q7bYfgm2xW",-0.15625,april19_april20
378,1.2517320623583396e+18,"It’s grilling for dinner tonight. @ Corona, California https://t.co/lxDmfjvH5Y",0.0,april19_april20
