,id,tweet,sentiment,date
0,1.3474020315945738e+18,Now do heart disease and cancer. https://t.co/xgWwGiTRgk,0.26666666666666666,january8_january9
1,1.3474068096618988e+18,"I wore my favorite medical shirt to go get my 2nd vaccine today. Now I'm ready to go! Feeling good so far. Thank you, science.

#COVIDcansuckit #science #vaccine #COVID19 #humerus #hilarious https://t.co/v8CD94AbMU",-0.2,january8_january9
2,1.3474117226890732e+18,"Feel great while working. 🙂  

#ergonomics #goodposture #ergonomicsitting #wfh #workfromhome #backpain #backpainrelief #ergorx #fitness #ankorite #fitfam @ Metropolitan Headache and Spine Center https://t.co/sukVASRVZG",0.0,january8_january9
3,1.347411724316549e+18,Pandemic 😷 out now @ Sodmg https://t.co/jM15F57E9s,0.1340909090909091,january8_january9
4,1.3474127776322273e+18,Livingston's PFL growing amid pandemic; plans to add employees in first half of 2021 https://t.co/7DGdIjEXGA,0.0,january8_january9
5,1.3474162083967222e+18,Just a normal drive home from work. #LA #ThursdaysAmIRight @ I-5 / 14 Fwy Interchange https://t.co/MiTZxPNPVD,0.6000000000000001,january8_january9
6,1.3474170300608717e+18,NASHVILLE // TOMORROW (FRI) // @404barandgrill w/ @chelciegette @jayrinmusic 🤍🤍🤍 set aside all the stress and hang w/ us. good food / drinks / vibes / live music 🤘🏻 7:30 - 10:30p (no cover. wear a mask as always!) https://t.co/tE5yNUq2fu,0.275,january8_january9
7,1.34741953466436e+18,Back in 2010 when I fainted in my mom bathroom off that Covid 10. I been the OG of this Covid game. My nickname Co-G. 😤 @ My Moms Bathroom https://t.co/Ajx9XVXeq6,0.0,january8_january9
8,1.3474240558303478e+18,"I always hop on the trend train little late. As they say, better late than never. Had Dal(gona) Rice for lunch. #dalgona #workfromhome @ Sunnyvale, California https://t.co/vsdcpbR1hS",0.0,january8_january9
9,1.3474275522232607e+18,"#FlashbackFriday #workfromhome 
Yesterday was #nationaltempuraday  #tempura #bentobox #lunchspecial from
#LIeats #LongIsland #Japanesefood #japanesecuisine @ Sushi Republic https://t.co/JZYsF2lD7k",0.2,january8_january9
10,1.3474316015006556e+18,"Great #quarantine couples activity 🍷 &amp; @the_skindeep #couplesedition #longterm #intimacy @ Oakland, California https://t.co/nJaZpl0u0N",-0.05,january8_january9
11,1.3474382185354568e+18,"#gametime🏋🏿‍♂️🏀 #Outside #coronavirus @ Greenville, North Carolina https://t.co/qGJf6qOtE9",0.0,january8_january9
12,1.347438440405758e+18,I really miss being able to perform. You best believe I'll be booking shows like crazy once this Era of Covid is over. @ Scratch Spokane https://t.co/kV9lCCyQLn,0.07118055555555558,january8_january9
13,1.3474411696307773e+18,🎧 How Can Runners Deal with Post-Covid Respiratory Complications 🏃‍♀️   https://t.co/WeaEaVlc9R,0.05333333333333334,january8_january9
14,1.3474434425536635e+18,"Can you recommend anyone for this job in #SantaClarita, CA? https://t.co/82iz3IsJFR #StayHome",0.9,january8_january9
15,1.347452690339672e+18,"Day 7 of #75hard  week one down....we enrolled the “Baby Beast” he’s a great workout partner...💪🏾...Let’s Get It! CheeeHooo! #joy @ Corona, California https://t.co/z0QzfO92v0",0.0,january8_january9
16,1.3474634637576315e+18,"Safety first! 😷😷😷
Real mean wear real masks.

#blersian #tehran #iranian #black #covid19 #funny #laugh #jokes #corona @ Beverly Hills, California https://t.co/TRh5phNKs8",0.0,january8_january9
17,1.3474642473207357e+18,We could have had the vote counted in my neighborhood without #Covid-19 @ Inwood-Northwest https://t.co/lGP0ZU0ioI,0.35,january8_january9
18,1.3474655747884605e+18,Just posted a video @ Café Quarantine https://t.co/47ZY6XBhk2,0.0,january8_january9
19,1.347468655794258e+18,"We are #socialdistancing 🤣🤣🤣 @ Los Angeles, California https://t.co/ZoMEvceB2q",0.2,january8_january9
20,1.347470125990097e+18,Since Santa gifted me #covid for Xmas and @jason_tip a #lumpofcoal - we had to celebrate my bday a few weeks late post #recovery and #quarantine. Food never tasted sooooo good! #felizcumpleaños #capricorn https://t.co/IQllaaWPSp,-0.07777777777777779,january8_january9
21,1.3474016598996337e+18,We had not been out for Sushi since this whole pandemic thing. It was a nice experience and very tasty. Highly recommend. @ Tony's Grill and Sushi Bar https://t.co/0aeyIVMOTU,-0.071875,january8_january9
22,1.3474088959548498e+18,Sunrise! #lockdown #virtualart #quarantineart#sunrise #art #landscape #ocean #penobscotbay @ Beech Hill Preserve https://t.co/ioYtqDf0po,0.0,january8_january9
23,1.3474137344366592e+18,"Subway - Marietta, Georgia - I got home from work with my food which was a foot long flatbread with oven roasted chicken and pepperoni like usual and was all fine and dandy. I took a nap and si... Food Poisoning https://t.co/Bqo1Ov7ib7",-0.009595959595959616,january8_january9
24,1.3474170300608717e+18,#CoronaVirus @dr.faust18 @ 61st and King Drive https://t.co/wK8s8NwPkS,0.275,january8_january9
25,1.3474248528991928e+18,"COVID-19 update @ Westchester County, New York https://t.co/20BbpzwycV",0.0,january8_january9
26,1.3474294207227576e+18,"Covid survivor Gryffin (my grandson) @ Fayetteville, North Carolina https://t.co/WwxhdNrXaP",0.3333333333333333,january8_january9
27,1.3474325856816579e+18,Gallatin County health officials raise questions about new state vaccine plan https://t.co/OTe8z05hud,0.0,january8_january9
28,1.3474392280163574e+18,"Staying home and working on everything from the blog to the knitting (@ Hancock St. &amp; Indiana Ave. in Philadelphia, PA) https://t.co/uOCI54zvd5",0.0625,january8_january9
29,1.3474658283760804e+18,Some good news overnight 👇 https://t.co/wnCrYzq7IS,0.375,january8_january9
30,1.3474680884265574e+18,"At work???COVID-19 testing today 
#support81worldwide #support81longisland #support81newyorkcity #support81suffolkcounty #support81newark #wellsfargobank @ Tri-Technologies https://t.co/Y3L33nM7X1",0.0,january8_january9
31,1.3474016598996337e+18,Just got my second dose of Pfizer just now...  #pfizer #vaccine #biotech #usa #nurse #blm #medical #proud #instadaily #picoftheday #instago #instablogger #journey #photo #snapchat👻 #facebook #instagramers #healthcare https://t.co/HammQJrJy8,-0.071875,january8_january9
32,1.3474020315945738e+18,COVID-19 vaccine - check #covidvacccine @ University of Michigan Stadium https://t.co/IquxPRlAZE,0.26666666666666666,january8_january9
33,1.3474117215063286e+18,"When visiting any of our locations please wear your mask and practice social distancing.  Thank you. #staysafe #covid_19 #socialdistancing #fauquiercounty @ Fauquier County, Virginia https://t.co/OpHbXZ7oT1",1.0,january8_january9
34,1.3474127776322273e+18,Good afternoon Mounties ! head over to our site and check out @ronald.wang3 ‘s newest feature story “Coronavirus affects the environment on multiple ways” !! stay safe and healthy #shs @ Stroudsburg High School https://t.co/UeFzzsk8zF,0.0,january8_january9
35,1.3474137344366592e+18,2021: In the shadow of Covid: Tech is still booming in Silicon Valley — though not much else is — and the pandemic continues to unearth deeper problems in the local economy. https://t.co/K51ZD8fuM4,-0.009595959595959616,january8_january9
36,1.3474143021191004e+18,"Celebrating This Caribbean Beauty Today. Wishing you a super awesome Bday.  Here's To You! Give Thanks for another year...Were gonna have a pandemic bday party at home. Happy Birthday Babe! @ Baltimore, Maryland https://t.co/wkFnWjASvP",-0.175,january8_january9
37,1.347415872307032e+18,An Employer’s Reference Guide to Managing COVID-19 Regulations + Q&amp;amp;A  https://t.co/5oqYthaCU9,0.0,january8_january9
38,1.3474170300608717e+18,"Wear a mask and keep 6 feet of distance to help stop the spread.
Wearing a mask is a simple way to show others you care. Wear a mask and slow the spread. @ Sacramento, California https://t.co/SntqIu0ID7",0.275,january8_january9
39,1.3474205226618348e+18,So happy to have gotten my second dose! #igotmine #covidvacccine #wearamask @ Advocate Lutheran General Hospital https://t.co/qaMCmbocOC,0.0,january8_january9
40,1.3474222893362995e+18,"I got this #Necktie of #raijin &amp; #fuujin in #asakusa A few years ago.   I do miss traveling to #japan   I hope to make it back there once the vaccine is out! #japanese #staysafe #maskup @ Columbia, Missouri https://t.co/pcKlA2szw4",-0.3,january8_january9
41,1.3474225723638415e+18,"It’s #casual #friday #casualfriday  right?!? 😂😂 @thecomfy @elchuyoficial  #staywarm #staycomfy #stayhome @ El Tivoli Place, Dallas https://t.co/4SrWIBOa3e",0.0,january8_january9
42,1.3474240534605496e+18,"A new year offers a welcomed turn of the calendar and a fresh start. However, it’s difficult to put 2020 completely behind us just yet because COVID-19 still presents a significant threat. https://t.co/bIZg0FJFaV",0.0,january8_january9
43,1.347425995553448e+18,Good Things | A Short Lockdown Script   https://t.co/L2ufO3L4PR,-0.025,january8_january9
44,1.347427788102525e+18,Tony Blair should be Vaccine boss! Cops get new powers.  https://t.co/toHyaX6ZJK,0.21875,january8_january9
45,1.3474316015006556e+18,"Suns out ... Corona Virus vaccine in my deltoid ... out.  In my opinion the science is very good on this and the benefits far outweigh any risks. 5/5 would recommend @ Lebanon, Tennessee https://t.co/XQKxqSROOj",-0.05,january8_january9
46,1.3474338252703785e+18,"Here is today’s schedule. Make sure to fill out the Covid form!!  If you can’t make a session, message me and I’ll find you a spot! @ Hunterdon Central Regional High School https://t.co/lXwCPHo2mR",0.0,january8_january9
47,1.3474382185354568e+18,"Fuck Covid 19! Just die. @ Holy Family Hospital, Methuen and Haverhill https://t.co/Yn17cqKa1S",0.0,january8_january9
48,1.347438393215447e+18,"Have a great weekend! I’ll be here... at home... not in these streets 🤓. 
#harrypotter #stayathome #quarantinelife #losangeles @ Downtown Los Angeles https://t.co/QJaPD9SPMA",0.04166666666666667,january8_january9
49,1.3474383995446436e+18,Covid+ Reminders! Wear your masks Cougars! Don’t forget to bring in your MD notes to the ATs! #cougarPride @ Tomball High School Athletic Training https://t.co/KEMwkqmJlM,0.175,january8_january9
50,1.3474411696307773e+18,"A lockdown note from our co-founder, Luke  https://t.co/DNFQU6kAa5",0.05333333333333334,january8_january9
51,1.3474420478802862e+18,"@Seawardco Updating on this colossal error here:

What Went Wrong with Moderna Vaccine Distribution for New Rochelle Teachers, Staff?
https://t.co/4TGaIb17eK

We will add information as we get it.",0.0,january8_january9
52,1.347449062132482e+18,"New COVID-19 testing hours announced at the Robertson County Health Department

Beginning Monday, Jan. 11, the Robertson County Health Department will be testing in the back parking lot of the Health Department from 8:30-10:30AM. 

Learn more 👉 https://t.co/13uzsz9VGc",0.11666666666666667,january8_january9
53,1.3474497741659136e+18,"COVID Vaccinated. Dose 2: ✅

Trust the process, 📖👨🏻‍⚕️📟! Hoping that we never have to deal w/ a pandemic again! @ Rutgers New Jersey Medical School https://t.co/vMYhACbzuT",0.0,january8_january9
54,1.3474502243572408e+18,"When it's not a man making you feel complete. 
2/2, bb'ssss. ✅ 💃 

P.S.  Send me yo shots!
▪︎
#vaccineporn #covidvacccine #willconttomonitor #covid19 #shotsshotsshots #vaccine #science #nursesofinstagram #tgif https://t.co/GQNynDC739",0.0,january8_january9
55,1.3474516024923013e+18,"#CoverYourNose #covid_19 

I just don't understand. Your nose is just as much of an inlet to your lungs as your mouth is. 

Don't be that guy.
#CoverYourNoseANDMouth @ Tucson, Arizona https://t.co/BYIqcntiQi",0.0,january8_january9
56,1.347452921508733e+18,Got the second dose! Feeling good so far. #covidvacccine #thisistheway #covid_19 @ UI Health https://t.co/u2CVIw6wvq,0.8,january8_january9
57,1.3474529501600154e+18,"Second dose ✅ I am COVID-19 vaccinated! 
.
.
.
.
#pfizervaccinated #UTHealth @ UTRGV School of Medicine https://t.co/QjyXZojsdy",0.05833333333333335,january8_january9
58,1.3474534985650954e+18,"WFH Day 185: It Is What It Is by @thundercatmusic 

#workingfromhome @ Perry Hall, Maryland https://t.co/z5c90uT8sN",-0.1,january8_january9
59,1.3474557693487677e+18,Heroes are what martyrs are called before they die.  https://t.co/V5zaCxtnGH,0.1,january8_january9
60,1.3474564782113137e+18,"Here is #Elvis getting his polio vaccine! Happy birthday! 1/8/35 @ Pensacola, Florida https://t.co/OgQprznj0U",0.0,january8_january9
61,1.3474611223964508e+18,Benefits to working from home and having your wife as your health coach for diet and timing to eat.  Lost nearly 10lbs of my holiday weight this week! #healthyeating #mywifecanhelpyou https://t.co/oFNN9A8jxR,0.0,january8_january9
62,1.347462324794245e+18,She got a COVID Vaccine and Shares Her Story  https://t.co/YT2i0jqHz8,0.0,january8_january9
63,1.3474634637576315e+18,"Pandemic Braid, 2021 @ Columbia Heights https://t.co/f8f9Z0MP4O",0.0,january8_january9
64,1.3474685957316977e+18,#twistedyoga #socialdistancing #sanitizeeverything #happynewyear2021 #happyhour #cerifiedinstructor #getfitstayfit #newyearresolution2021 #wecantwaittoseeyou @ Barmacy Bar &amp; Grill https://t.co/wIolmdhy9D,0.0,january8_january9
65,1.3474020315945738e+18,"COVID Vaccine shot #2
#igotmy2ndshot #igotmyshot #covidvacccine #vaxupmaskup #vaxup #thisisourshot #supportnurses #frontlines #nurse #covid_19 @ VA Portland Health Care System https://t.co/1KHZvM4LBp",0.26666666666666666,january8_january9
66,1.3474068096618988e+18,"50K+ #Google searches 4 Irwin Rivera 4h old https://t.co/vuMl5NRd6W https://t.co/QrNIv1Pfv1 
#Florida 🌅 7:20 🌆 17:48 CST
#Covid19
#Florida 01/07/2021
New CS 19817 14DCSΔ +13.8%
New D 164 14DDΔ +5.6% https://t.co/91GVhtm02x",-0.2,january8_january9
67,1.3474117215063286e+18,Vaccine number 2 (lost my first card...) #pfizer @ University of Colorado Hospital https://t.co/sGf1WdkqUd,1.0,january8_january9
68,1.3474162083967222e+18,Our country needs to do the vaccination for Covid on a much larger scale moving forward to protect us.  #covid_19 #covidvacccine #pandemic @ Dr. Robert Whitfield MD https://t.co/5OO6xhGrGP,0.6000000000000001,january8_january9
69,1.3474173120229745e+18,Christ https://t.co/jJdY4pj55x,0.0,january8_january9
70,1.3474184818143355e+18,"The Importance of the Black Community getting the Covid 19 Vaccine #covid_19 @ Dallas, Texas https://t.co/dgyVBTeFcQ",0.35000000000000003,january8_january9
71,1.3474185070220534e+18,"@DWAZ73 @AP_NFL Lol what a joke for Marlo, I guess 8 FF and a straight lockdown corner means notta",0.2928571428571428,january8_january9
72,1.3474205226618348e+18,I walk with God n Hand sanitizer! @ Tier Nightclub https://t.co/bCnC7jCRxe,0.0,january8_january9
73,1.3474210133409464e+18,@wellbeingtwu @txwomans is directing an organized rollout of the COVID vaccine. I’m a proud @twumusic faculty member who received #1 today. Thank you TWU! @ Texas Woman's University https://t.co/e7sZBezEU5,0.09,january8_january9
74,1.347422108540924e+18,Just posted a photo @ Quarantine Nola 2020 https://t.co/tbZ666RfUu,0.0,january8_january9
75,1.3474240558303478e+18,Got my first microchip!! 🤣🤣 #covid #healthcareworker #nurse @ Austin Regional Clinic: ARC https://t.co/IMeEmPS4st,0.0,january8_january9
76,1.347425995553448e+18,"Beautiful day for the girls 2 play.  as I’m walking in the park i get 2 free dog bowls +little baggie for their poop and hand sanitizer (@ Madison Square Dog Park in San Antonio, TX) https://t.co/aPt9UbqySG https://t.co/cbte3m1syo",-0.025,january8_january9
77,1.347427788102525e+18,"Yay for Covid, waiting at the dentist in the car with my boys. 
#theygrowupsofast #lovethemsomuch #boymomlife #boymom @ Children and Teen Dental - Lakeland, FL https://t.co/utsIdVknYt",0.21875,january8_january9
78,1.3474382185354568e+18,Just posted a photo @ Quarantine Nola 2020 https://t.co/j65kVAJSOH,0.0,january8_january9
79,1.347438393215447e+18,"I picked up a new hobby during the quarantine and I’m having a blast! Patience is definitely the hardest part. #fermentation #brew #homemadewine #fermentedfood @ Boulder, Colorado https://t.co/Ct5sMzStE4",0.04166666666666667,january8_january9
80,1.3474383995446436e+18,"20K+ #Google searches 4 Rosanne Boyland 9h old https://t.co/bMBidoVav5 https://t.co/pgfaKA93ZM 
#Atlanta 🌅 7:42 🌆 17:45 EST
#Covid19
#FultonCounty 01/06/2021
New CS 0 14DCSΔ +12.1%
New D 0 14DDΔ +3.0% https://t.co/iDMWAULPkb",0.175,january8_january9
81,1.347438440405758e+18,RAPID Covid test now available with dr dave.   Make your appt by text.   Email.   Or MSG me.   Results in 4 hours or less.   :) @ Dr. David Ores https://t.co/iMfCbienEz,0.07118055555555558,january8_january9
82,1.347438994204881e+18,#BoysBasketball #GirlsBasketball #boysbasketball #COVID19 Which states are playing high school basketball? https://t.co/xzmVWnM2SI https://t.co/IV3SBBSLwL,0.0,january8_january9
83,1.3474397168079299e+18,"Special #COVID_19 Delivery 🔔 🎁🧁from the Moms 
💪🏾 🧖🏾‍♂️ 🫁💋😷🥰👩‍👩‍👦‍👦 @ Oakdale https://t.co/R2rM3Iw6pd",0.0625,january8_january9
84,1.3474404112881172e+18,"🏥😷🦠 2nd Dose of COVID-19 Vaccination 
completed ✅

#SFGH 
#Pfizer 
#BioNTech 
#Science
#Covid19 
#Pandemic2020
#Pandemic2021
#MakingHistory 
#SavingLives @ Zuckerberg San Francisco General https://t.co/QBSLob1Wwa",0.0,january8_january9
85,1.3474434425536635e+18,HAPPY NEW YEAR (สวัสดีบีใหม่่... SAWADEE PEE MAI in Thai)!!! My first day back at @unlincoln in 2021 for work. #UNL #socialdistancing #covid_19 #wearamask @ University of Nebraska-Lincoln https://t.co/PaRzvsGR6w,0.9,january8_january9
86,1.3474455690110812e+18,"Remodeling/home improvements has become very popular during the pandemic.  Here are are few remodeling projects to maximize your ROI.  If you have questions about an upcoming home improvement, let me know.  I can help you with what projects bring the most value to your home. https://t.co/6kYJNIlM0E",0.16666666666666666,january8_january9
87,1.347449062132482e+18,Vaccine #2 !! 💪🏼🦠💉Thank you Kiki❤️❤️❤️ #wearamask 😷 @ University of Virginia Medical https://t.co/POQrU0WFGk,0.11666666666666667,january8_january9
88,1.3474497741659136e+18,"February 27th, I will be 30. 
^
Awesomely grateful to prepare this for you all. P.S. I haven't forgotten about any of the merch I owe select individuals. Life and COVID season were insane so I'm working on it. https://t.co/py3l0p8rMB",0.0,january8_january9
89,1.347452690339672e+18,The #gaSupremeCourt extend #covid #judicialOrder https://t.co/fybcqobj63 @ T4 Law Group LLC https://t.co/ljcb9yIKXq,0.0,january8_january9
90,1.3474530605876716e+18,Guess we’re having a competition @stroughtonsmith https://t.co/6tfgwsGxGM,0.5,january8_january9
91,1.3474534985650954e+18,"If jobs with titles like ""Work from home Financial CSR"" sound appealing to you, follow us to hear about these types of opportunities in Monett, MO. #KellyJobs #KellyServices",-0.1,january8_january9
92,1.3474564782113137e+18,"The cutest stuff assistant today. She hinders work more than helps, but damnit if she isn’t the cutest! #momlife #workfromhome #teleworking @ Salem, Oregon https://t.co/hWAiOD45ri",0.0,january8_january9
93,1.347460223980753e+18,"The NY State - Hall of Fame induction ceremony was cancelled due to COVID in 2020 but they sent us a Christmas Package!!! @ Ballston Spa, New York https://t.co/PZWF84BqYn",0.0,january8_january9
94,1.347462324794245e+18,"Current Mood: WEAR A FUCKING MASK!

That’s it...that’s the post. @ Houston, Texas https://t.co/yYyG5i1qrb",0.0,january8_january9
95,1.3474634637576315e+18,"Covid #2 vaccine leading by example - Trust the science . Doing this for my family, my friends, my patience and everyone else !!!! @ Forbes Hospital https://t.co/asdWPZPT16",0.0,january8_january9
96,1.3474655747884605e+18,Vaccines Scheduled to Arrive Next Week. #vaccines #covid19 #STCN #SouthTexasCommunityNews Vaccine Drive Thru at Richard Borchard Regional Fairgrounds  https://t.co/mpBzJbQUFv,0.0,january8_january9
97,1.3474658283760804e+18,Happy early Founders Day to my frat @ Quarantine Nola 2020 https://t.co/Klby8DLOSC,0.375,january8_january9
98,1.3474680884265574e+18,Happy Friday 😄 #dadhat #denimjacket #turtleneck #bw #wearamask #staysafe @ The Trolley Barn https://t.co/cAoqfhe1b3,0.0,january8_january9
99,1.3474689018950574e+18,Thanks Bonnie! Got my vaccine today. Grateful for my colleagues at UPMC St. Margaret - the best team in the world. #vaccine #upmc #healthcareheroes #proud @ UPMC St. Margaret https://t.co/1laP42WpLl,0.0,january8_january9
100,1.347469846401921e+18,"Just posted a photo @ Corona, California https://t.co/Hi9F5JDl6l",-0.04999999999999999,january8_january9
101,1.3474706070723912e+18,"Be Safe. Be Smart. Do your part. 

We’re like to remind everyone to please follow guidelines to help mitigate COVID-19 at our communities. 
#besafebesmartdoyourpart @ University Courtyard Apartments https://t.co/opbTkPXNZN",0.0,january8_january9
102,1.347470610289496e+18,"#TeacherDiary Will the vaccine get to me in time? @ Salem, Oregon https://t.co/8TJRvBNCd6",-0.16666666666666666,january8_january9
103,1.3474020315945738e+18,Receiving our first round of the COVID vaccination today! It is special to see our country taking steps towards overcoming this pandemic. Keep moving forward! @ Mercedes-Benz Stadium https://t.co/pCq0tmnoud,0.26666666666666666,january8_january9
104,1.3474088959548498e+18,Feeling all the feels along with @Laurie_Garrett...  https://t.co/2sgdNUIYVe,0.0,january8_january9
105,1.347410208180609e+18,"first covid test of 2021, done. 🙌 (at @ToyotaStadiumTx in Frisco, TX) https://t.co/Zlf10khCUa https://t.co/MWSsWjnGe2",0.4352272727272727,january8_january9
106,1.347411724316549e+18,"Comin from the EASTSIDE,  GOIN TO THE WESTSIDE!

#WearAMASK

#SANTACRUZ
#TheGENERALPHLINTshow @ Westside https://t.co/08zVomJcGZ",0.1340909090909091,january8_january9
107,1.3474162083967222e+18,"or he could just do, y'know, all of it. https://t.co/LaVk4U39xn",0.6000000000000001,january8_january9
108,1.3474170300608717e+18,"The employees at MusicMasters want to remind our friends and customers the importance of wearing masks in 2021! New year, same pandemic. Stay safe friends!!! #covid #heroeswearmasks #beahero #wearamask @ MusicMasters https://t.co/qIjKuDTd4S",0.275,january8_january9
109,1.3474184818143355e+18,"Can anyone else relate to this??
I sure do miss going on! 

#antrealtor #antsellsflorida #antsellsbabcock #fortmyers #puntagorda #capecoral #quarantine #imreadytogetoutofthehouse #goodvibes #nocovidhere https://t.co/iaOhND8NLW",0.35000000000000003,january8_january9
110,1.34741953466436e+18,@EWErickson Brave enough to shield the chambers from rioters and brave enough not to wear a mask!? His bravery knows no bounds!,0.0,january8_january9
111,1.3474199476942397e+18,"More team vaccines to start off the weekend! 🙌

#elevatept #covid19 #publichealth #vaccine #keepingyousafe #ct #tgif @ Stamford, Connecticut https://t.co/5wZ72tnbEW",0.32222222222222224,january8_january9
112,1.3474210133409464e+18,"Make sure u download my new #Covid-19 Drum &amp; Loop kit !! Link in my bio!🎛🎹 #covid19 #covid #drumkit #drum #loops #percs #producer #atlanta #damnsuave #suavetheproducer @ Atlanta, Georgia https://t.co/UAqz6deewx",0.09,january8_january9
113,1.3474222893362995e+18,Covid walk today @ Ramseyville https://t.co/DCSxne1RwW,-0.3,january8_january9
114,1.3474225723638415e+18,"From California Governor Gavin Newson

CA’s budget proposal addresses the urgent needs of those that have been hit hardest by #COVID19 and our historic wildfire season.

Source: @gavinnewsom 

Hashtags: #dtsa #santaana https://t.co/mOfeYLW360",0.0,january8_january9
115,1.3474240534605496e+18,"Safety First! 😷😷😷
Real men wear real masks! 😁😂
Bane was a real man and ahead of his time. 😁😂

#covid19 #covid_19 #coronavirus #doctors #hospital #frontlineworkers #blersian #persian #black #iran #funny #laugh #comedy https://t.co/HTf7Ehtdhl",0.0,january8_january9
116,1.3474240558303478e+18,"ITS SO TURN UP!! CLICK THE LINK IN MY BIO TO CONNECT TO THE STATION 24/7 REQUEST SHOUTOUTS OR BUSINESS CALL OR TEXT= 786.262.2476 BE SAFE AND WEAR A MASK 😷 @ Miami Beach, Florida https://t.co/YPUAUQGnL1",0.0,january8_january9
117,1.3474240626208563e+18,@tldtoday At this point he wants the Corona to end it all for him,0.125,january8_january9
118,1.347425995553448e+18,"Link in the Bio for Full Eps.: 
https://t.co/113UTT7PSI
SUBSCRIBE, LIKE, SHARE, COMMENT 
#podcast
#zmbsqd 
#zombieapocalypse
@glennericnelson
@deadonpictures
#comics 
#quarantine 
#nvrdun
#isolation 
#corona https://t.co/GKw2iE9qQf",-0.025,january8_january9
119,1.347426440208208e+18,"COVID shot part 1. @ Cape Coral, Florida https://t.co/LBJedHy5Iq",0.0,january8_january9
120,1.3474267216713605e+18,"Day 9 of my quarantine. Feeling a little stir crazy today.  #Hipstamatic #Lowy #Blanko #CherryShine #iphonography #digitalphotography @ Phoenix, Arizona https://t.co/nY1nw5J8GL",0.0,january8_january9
121,1.3474275522232607e+18,"This Pharmacist job might be a great fit for you. Click the link in our bio to see it and more. Pharmacist - COVID 19 Vaccine Support at CVS Health #Washington, DC",0.2,january8_january9
122,1.347427788102525e+18,"Picking up masks to distribute for #MaskOnMoveOn. #wearAmask (at @KPS3 Marketing, Advertising, Public Relations in Reno, NV) https://t.co/n62suOALar https://t.co/lyHvLKtqXL",0.21875,january8_january9
123,1.3474294207227576e+18,Wonderful to participate in Law Enforcement show of support to our pandemic stressed frontline health care workers @dignityhealthstjohns. Working miracles every day. @ St. John's Regional Medical Center https://t.co/zTmHIYcQWT,0.3333333333333333,january8_january9
124,1.3474316015006556e+18,"Just posted a video @ Corona, California https://t.co/hzhNPDDDK4",-0.05,january8_january9
125,1.3474332531043492e+18,"Now more than ever, you depend on UAMS to care for not only you and your family, but your friends, your coworkers and more during this unprecedented time in history. UAMS is looking for RN Covid-19 Unit to join our team! https://t.co/EVqbsxW3hm #Nursing #LittleRock, AR",0.0,january8_january9
126,1.3474338252703785e+18,"Winter wandering (this is for a project that takes place pre pandemic, hence no mask)
.
.
.
.
#draweveryday #drawing #comics #wip #illustration #winter @ Los Angeles, California https://t.co/EvpGeUBNbu",0.0,january8_january9
127,1.3474338700193628e+18,Just posted a photo @ Quarantine Nola 2020 https://t.co/cBlojTPKqi,0.0,january8_january9
128,1.347438393215447e+18,"Don’t let this past week define your whole year! You got this ❤️

#blm #drinks #bartenderforhire #mobilebartender #catering #wedding #events #party #friday #senate #friyay #otrmb #covid #ga #atl #corporateevents  #stayhome #motivation #valentines  #bar #weddings #privateevents https://t.co/uexzzXSnTz",0.04166666666666667,january8_january9
129,1.347438396671578e+18,"When you Get The Covid-19 @ Paterson, New Jersey https://t.co/kluBhi7TjJ",0.025,january8_january9
130,1.3474397168079299e+18,"Treat YOSELF during #COVID. 💋💁🏻‍♀️🙋🏻‍♀️💍 @fendi, @hermes, @louisvuitton @ Downtown Los Angeles https://t.co/U4O1vWbvJc",0.0625,january8_january9
131,1.3474404112881172e+18,"District-Wide Information COVID-19 Weekly Update at https://t.co/u67zbpDTVc @ Heard County, Georgia https://t.co/qFteMD2ils",0.0,january8_january9
132,1.3474420478802862e+18,From @magiccityatlanta #covid #regulations #entertainment #atl #atlanta #magic @ Magic City ATL: Premier Gentleman's Club https://t.co/Uz724ENDjx,0.0,january8_january9
133,1.347449062132482e+18,"Wear a mask! @ Salem, Massachusetts https://t.co/Sxo2xX3q0S",0.11666666666666667,january8_january9
134,1.3474497741659136e+18,"Mob Ties🤞🏽 How many of you grew up listening to stories of the Mob on TV or from relatives? So interesting!
✨
✨
✨
#2021 #Experience #Museum #Art #Covid19 #LasVegas #OldVegas #History #InstaDaily https://t.co/V2ofCywHsh",0.0,january8_january9
135,1.3474502243572408e+18,Day 7 So COVID problems have slowed me down but great progress this week in Telluride #epicpass @ Telluride Ski Resort https://t.co/ECBTEtfQsY,0.0,january8_january9
136,1.3474507514973553e+18,"The Takeover Is Activated 👑 
 #crownjewelcollection #takeover #mensfashion #cjc #losangeles #fashion #sweaterweather #joggers @ Corona, California https://t.co/NVlmOYCu5M",0.0,january8_january9
137,1.347452921508733e+18,Thanks for the vaccine opportunity Klein ISD! #dose1done @ Klein ISD Multipurpose Center https://t.co/8p5uiVlU4T,0.8,january8_january9
138,1.3474530605876716e+18,"HIS + HERS lunch at home. #lunch #workfromhome #pizza #beansandgreens @ Mill Valley, California https://t.co/GvTR0yUgkv",0.5,january8_january9
139,1.3474534985650954e+18,"Some shots from the next #PNANDFRIENDS coming up end of month #comedy #sitcom #diy #covid #nyc #brooklyn #2021 #pnisawesome @ New York, New York https://t.co/zslNKiCEFP",-0.1,january8_january9
140,1.3474557693487677e+18,"My Aunt has passed away from covid 💔Any donations would be appreciated and would go a long way for a wonderful woman. Thank you in advance. Just go to https://t.co/Se3CNA7AGE and type: Eva Rivera @ Fresno, California https://t.co/aSHFAw3QKy",0.1,january8_january9
141,1.3474564782113137e+18,"Happy Friday!! 
#wfh #thesituation #workhumor #workfromhome 
#Repost @jobtreks
• • • • • •
Happy Friday! @ United States https://t.co/qJbevWuVNg",0.0,january8_january9
142,1.3474597100317e+18,"Bloomfield Pulse Condolences to all the families 

Essex County Coronavirus Cases
Updated: Friday, January 8, 2021

#07003covidupdate #bloomfieldnj @ Bloomfield, New Jersey https://t.co/VLgPAFGg3I",0.5208333333333334,january8_january9
143,1.3474634637576315e+18,I am feeling thankful and grateful to everyone who made this moment possible! #covid_19 #covidvaccine #spearptnyc #trustscience #healthcareworkers @ Mount Sinai Beth Israel https://t.co/iXnHPimFEV,0.0,january8_january9
144,1.3474642473207357e+18,"Got my covid test...in Covidland.... @ Bryan, Texas https://t.co/8PXaXymscy",0.35,january8_january9
145,1.3474648207909888e+18,Americans Are Losing Confidence in the Housing Market as COVID-19 Pandemic Rages On https://t.co/hB1rx8rhBJ,-0.5,january8_january9
146,1.3474655747884605e+18,"I may die of a lot of things, but I won’t be a Covid-19 statistic.  I tested negative today @ My Home And Place Of Privacy Away From The World https://t.co/6N5NF6q6EK",0.0,january8_january9
147,1.3474658283760804e+18,"Link in the Bio for Full Eps.: 
https://t.co/113UTTprhi
SUBSCRIBE, LIKE, SHARE, COMMENT 
#podcast
#zmbsqd 
#zombieapocalypse
@glennericnelson
@deadonpictures
#comics 
#quarantine 
#nvrdun
#isolation 
#corona https://t.co/u4rgrrix0a",0.375,january8_january9
148,1.347466162075013e+18,"year number 3, ring number 2, pandemic number 1, love infinity @ Boston, Massachusetts https://t.co/8vvlLQOYuc",0.0,january8_january9
149,1.3474685957316977e+18,#vaccine @ Fairgrounds https://t.co/9QzC14HIK0,0.0,january8_january9
150,1.347469846401921e+18,"DJ booking season.  COVID-19 protections still in place through 2021!! Visit www.shomodjs.con for booking and to take advantage of our discounts!! Happy New Year!! 🎆 @ Columbia, Missouri https://t.co/QImC2qZoRm",-0.04999999999999999,january8_january9
151,1.347470610289496e+18,"The end is near!! ❤️ 😷🤞😃
#covid
#Moderna @ Nashville, Tennessee https://t.co/HhTkWPCQU5",-0.16666666666666666,january8_january9
152,1.347470612457902e+18,that's one hell of an assumption you're making there https://t.co/kF3ewoJdJu,-0.046875,january8_january9
153,1.3474706909502546e+18,"Thank you to @cocoshanellspam and @cjhitla 
Man, I have some GREAT SUPPORTERS.... for helping deliver clothing, toys, PPE, &amp; etc to Ahoskie, NC @ Ahoskie, North Carolina https://t.co/X8aZmp9WEy",0.0,january8_january9
154,1.3474710319471862e+18,"50K+ #Google searches 4 Rosanne Boyland 12h old https://t.co/bMBidoVav5 https://t.co/pgfaKA93ZM 
#Atlanta 🌅 7:42 🌆 17:45 EST
#Covid19
#FultonCounty 01/06/2021
New CS 0 14DCSΔ +12.1%
New D 0 14DDΔ +3.0% https://t.co/wfIwSY2dlJ",0.4166666666666667,january8_january9
155,1.3474068096618988e+18,"Cold night calls for Beef Tips Guisada to warm the soul. Sautéed beef tips, eggplant, red bell peppers and potatoes in a tangy chili ancho sauce over brown rice with avocado and Corona cheese. So delicious https://t.co/7rvsP0Amw0",-0.2,january8_january9
156,1.3474088959548498e+18,"COVID-19 update @ Manhattan, New York https://t.co/vQwlKSdt5X",0.0,january8_january9
157,1.347410208180609e+18,"Harry Potter! Harry Potter! Harry Potter!! 🖤

 #mask #scrunchies #maskson #matching #shopglittergirlzhbz #makemasksfashionable #masks4all #allinthistogether #dmtoorder📩 @ Glitter Girlz Headbandz https://t.co/EOYqJXuPJ0",0.4352272727272727,january8_january9
158,1.3474117215063286e+18,"Our Stan is a tiny bit mad that I took these.  He may have gained a wee bit of lbs during lockdown.  I tried to reassure him how handsome he looks. I love him so much❤️
he’s like a person. #StanTheMan 🐈 🐱 https://t.co/W17wSukrtP",1.0,january8_january9
159,1.3474117226890732e+18,"Ready !!!!
#science #covid_19 #covidvacccine @umiamihealth @ University of Miami Health System https://t.co/6jwXjLY07e",0.0,january8_january9
160,1.3474127776322273e+18,"#normanthegreattherescuecat and #babyruththerescuecat being cute cuddle cats. 🐈🐈 #rescuecatsofinstagram #catsofinstagram #cats #adoptdontshop #quarantinelife #quarantine #wearamask @ Houston, Texas https://t.co/C4YijrBnds",0.0,january8_january9
161,1.3474137344366592e+18,"20K+ #Google searches 4 @stassi 2h old https://t.co/TwQ62yTkQl https://t.co/9TB0OhvjoQ 
#LosAngeles 🌅 6:59 🌆 17:00 PST
#Covid19
#LosAngelesCounty 01/06/2021
New CS 10761 14DCSΔ +26.4%
New D 221 14DDΔ +21.0% https://t.co/78Szwb1fgV",-0.009595959595959616,january8_january9
162,1.3474143021191004e+18,🌀Lockdown Party Madness = @electricmilefun 🔆 en Santa Anita Park https://t.co/b4tEt4bs2X,-0.175,january8_january9
163,1.347415872307032e+18,@newenglandbrewing “Have you seen junior’s grades?”  11.5% goodness.  Thanks @tessio830. #cheers #stoutseason #craftbeer #happyhour #beertography 🍻🍺 @ 6 Quarantine Court https://t.co/qj8UcLvjbv,0.0,january8_january9
164,1.3474162083967222e+18,TONIGHT! We tribute to the Greats in #ORLANDO ‼️@aura_loungefl ❕I’m back outside! [but Still practicing #socialdistancing tho 😷] Let’s Vibe 🥃🥂🍾 @ Aura Lounge https://t.co/q3IHrcemKD,0.6000000000000001,january8_january9
165,1.3474173120229745e+18,Cheers to 2021.. Hoping to make 2020  and January's events history.. Looking forward for the coming fun times and great summer... #columbusohio #ohio #quarantine #quarantinelife @ J. Alexander's https://t.co/r0gzAcku3M,0.0,january8_january9
166,1.347420936119726e+18,"Deep inside a 5,500 plus page pill is additional relief due to the ongoing pandemic. Here is what you need to know.
Watch Here: https://t.co/3cfXbCxoK7
#irs #covid19 #taxes #quarantine #change #insurance #benefits #retirement",0.0,january8_january9
167,1.3474210133409464e+18,🤡 Got my Covid relief check! 💰 thanks @realdonaldtrump Who wants to go to @magiccityatlanta - I got to swing by the liquor sto first &amp; cash 💰my check first. 😷❤️🇨🇳🦠#maga  🇺🇸 #coviddiaries @ The White House https://t.co/yGF6z9DG2A,0.09,january8_january9
168,1.347422108540924e+18,"#Repost @readyinglewood
• • • • • •
Please remember that gatherings with people not from your household are not permitted and put everyone at risk of COVID-19. #readyinglewood  #COVID19 @ Inglewood, California https://t.co/Y6W7pEaGaY",0.0,january8_january9
169,1.3474222893362995e+18,"Well its #HappyHour on  #MyFablyfeFriday #PizzaNaan &amp; mixed greens paired with #carmenère by @vinedosmarchigue I found at @traderjoes_wine 

#foodneedslove #HappyHours2021 #foodandwine #stayhome @ New York, New York https://t.co/q3upYs9Z2X",-0.3,january8_january9
170,1.3474225723638415e+18,COVID-19 update @ Gristedes Supermarkets #059 https://t.co/dNrsD5Wmsc,0.0,january8_january9
171,1.3474228307454484e+18,"I'm fully protected from COVID, but I'm not fully protected from attacks from women with needles #covidvaccinated #mywifelikesneedles #amytrippedandstabbedmetwice #imfilingacomplaint @ Wheat Ridge, Colorado https://t.co/YysLC5e5tz",0.0,january8_january9
172,1.3474240558303478e+18,"#maskup in your favorite Cinema Shock gear! Available now at Cinema https://t.co/NS0dDmc1eK!
...
#movie #film #podcast #portraitmode #COVID #corona @ Taylors, South Carolina https://t.co/IDRF8HKdFi",0.0,january8_january9
173,1.3474240626208563e+18,"Off to go train with my amazing #coach Mika 💪🔥. I haven't been to the gym since last March bc of COVID! I can't believe it's been a year! (@ MTA Subway - 96th St (1/2/3) - @nyctsubway in New York, NY) https://t.co/UuPdtidb3k",0.125,january8_january9
174,1.3474248528991928e+18,"Covid-19 Booster vaccination 💉 done today ✅.   Thanks to frontline responders everywhere in including our nation’s capitol 🇺🇸.  Prayers for peace and healing in our nation 🙏❤️

#electmorewomen #electmoremoms https://t.co/hWQ3i6CBls",0.0,january8_january9
175,1.347426440208208e+18,"#COVID19 #modernavaccineforcovid19 
#1 done. @ Providence Holy Cross Medical Center https://t.co/Tq3kQnSpnX",0.0,january8_january9
176,1.3474264413868114e+18,"COVID-19 update @ New York County, New York https://t.co/NleNsTMzH8",0.125,january8_january9
177,1.3474264430394368e+18,"3800 people died today for Covid-19 in 1 day @ Palm Springs, California https://t.co/QRYUBLSuhH",0.1787878787878788,january8_january9
178,1.3474275522232607e+18,Gotta finish rendering the footage before we can move on. #editing #workfromhome #finally @ Fema Region 5 https://t.co/BQI2L8ED3w,0.2,january8_january9
179,1.347427788102525e+18,"Side effects of Vaccines vs Covid; I know which one I prefer, do you?
#covidvaccine #vᴀᴄᴜɴᴀcᴏᴠɪᴅ19 #docsofinstagram #pulmonary @ Houston, Texas https://t.co/YtjMkizKLk",0.21875,january8_january9
180,1.3474316015006556e+18,"See our latest Santa Clarita, CA job and click to apply: EOPS Adjunct Counselor Instructor Eligibility Pool - https://t.co/pb6TgErXDq #Education #StayHome",-0.05,january8_january9
181,1.347431603841114e+18,When they catch you at them house party’s in the hills ! #weoutside some where In the #hollywoodhills #covid_19 @ Hollywood Hills https://t.co/w4fLAgudpX,-0.3888888888888889,january8_january9
182,1.3474332531043492e+18,"Adoption Update on Trix:

""Hello!!! We are doing great with Trixie. She has grown so much and such a personality. Trixie is my work from home coworker. She sleeps on the job and is a horrible typer. :) She has truly been a ray of sunshine in our current unknown world. "" https://t.co/G1gK300xg4",0.0,january8_january9
183,1.3474338252703785e+18,"I just received the Moderna coronavirus vaccine!

#moderna #covid_19 #covidvacccine #covid #coronaviruspandemic #coronavirus #uva #universityofvirginia #selfie @ University of Virginia Health System https://t.co/wkkB5EG99b",0.0,january8_january9
184,1.3474338700193628e+18,"It’s a beautiful day to make history💉 #covid19 #NOvid19 @ Las Vegas, Nevada https://t.co/EWo4gVJvZD",0.0,january8_january9
185,1.3474383943186145e+18,"Today was a big day! COVID-19 vaccinations began for our campus. We are proudly wearing our stickers today as a badge of honor. 

Stay informed about the Pfizer vaccine: https://t.co/VZWGhZOLbq
#LifeAtEHC https://t.co/Fceiat67ig",0.0,january8_january9
186,1.347438396671578e+18,Cheers to Friday and a vaccine. - Drinking a Commotion™ by @GreatRaftBeer at @goodfriendbg  — https://t.co/KitxbZ2oHJ,0.025,january8_january9
187,1.347438397841834e+18,Turns out clear coating bats is great covid protection @ JAW BATS LLC https://t.co/tAa6ycvUte,-0.05555555555555555,january8_january9
188,1.3474397168079299e+18,My SARS COV-2 Christmas ornament came too late... @ Shangri-La https://t.co/BBkADPhVre,0.0625,january8_january9
189,1.3474404112881172e+18,"I cried when I heard the news today about Phase 1B vaccinations starting Monday! We deserve it! #teachers #teachersofinstagram #teachersofnewyork #learning #covid19 @ Park Slope, Brooklyn https://t.co/WZXlvrCReh",0.0,january8_january9
190,1.3474411696307773e+18,Virtual - Drinking a Winter Warmer by @brewkettle @ Pandemic Virtual Beer Share  — https://t.co/1rtgEZR5At,0.05333333333333334,january8_january9
191,1.3474420478802862e+18,"Feeling  grateful to have this warm,  vibrant fire on this cold January covid night #thankful @ Ocean Rd Beach, Bridgehampton https://t.co/M7BwqixjOA",0.0,january8_january9
192,1.3474434425536635e+18,"Today was the day, Vaccine day
🙏💪👍👌❤ @ Woodhaven https://t.co/hOSDdg35JZ",0.9,january8_january9
193,1.3474455690110812e+18,"If Covid kept you in for NYE and you’re looking for something to do tonight, @twitter is having a “BLOCK” party. @ Atlanta, Georgia https://t.co/q4bV8YGmEx",0.16666666666666666,january8_january9
194,1.347449062132482e+18,"Finally got a arm for my monitors.   Before and After. So much better 👩🏼‍💻
.
..
...
#workfromhome #boise #worklife #hp #update #technology #informationtechnology @ Boise, Idaho https://t.co/ayThncmt8v",0.11666666666666667,january8_january9
195,1.3474497741659136e+18,"COVID-19 update @ New York, New York https://t.co/XClRx3feMw",0.0,january8_january9
196,1.3474507514973553e+18,"#covid #gourmet #hotdog @ Brooklyn, New York https://t.co/LQnpX8QwYi",0.0,january8_january9
197,1.3474523316092518e+18,"Thank heavens!!  #25thamendment #wearamask @ Montecito, California https://t.co/LaSTFlrY5s",0.0,january8_january9
198,1.347452690339672e+18,"Covid &amp; operation ""warp speed"" should be 99.9% of our politicians' focus. It is clearly not, and 11 months later.... 😷 with no return to normality in sight. Infuriating! https://t.co/xDVCz3W8cf",0.0,january8_january9
199,1.3474529501600154e+18,🙌🏽 it’s finally Friday fam🍺 Happy Hour till 7pm! Open till 10pm! 🙌🏽 Come grab a Cold one &amp; some food by @senaethai 🥡😋❤️  #cobratucson #cobraarcadebar #tucson #weback #wearamask #FRIDAY #food #drinks #tucsonaz https://t.co/W67r5wVu5q,0.05833333333333335,january8_january9
200,1.3474530605876716e+18,"COVID-19 got the PMAC feelin off, but it’s still Opening Night for @lsugym, and it’s loud!!! #Unprecedented #GeauxTigers!!! @ Pete Maravich Assembly Center https://t.co/XZAgBPvNYM",0.5,january8_january9
201,1.3474534985650954e+18,"When the vaccine hits! 💉 ✅ 👀 #covid19vaccine @ Santa Monica, California https://t.co/CRu8N4EDdq",-0.1,january8_january9
202,1.347455714684498e+18,"When you have to teach in person during a global pandemic, but Fridays are still Spirt Days. #bulldogsofinstagram #bulldognation #godawgs @ Boyer Valley Middle/High School https://t.co/ZSP4HRQCSY",-0.2,january8_january9
203,1.3474557693487677e+18,Drinking a Pandemic Ale by Fenton Winery &amp; Brewery at @drinkfwb — https://t.co/1FP8TBm4L5,0.1,january8_january9
204,1.3474564782113137e+18,"#2 done by one of my favorite nurses, Sandy!   #pfizervacine #seconddose #covid_19 #covidvacccine @ St. Vincent Mercy Medical Center https://t.co/8BSln408xM",0.0,january8_january9
205,1.3474597100317e+18,"Still pushing through.  .  . headache still, but otherwise I couldn't be better💗
#covidblues #covid #precious #lovely #selfcare #dreamy @ Brighton, New York https://t.co/jpmXVSDKPJ",0.5208333333333334,january8_january9
206,1.347462324794245e+18,"Lenoir, Greene, and Jones County COVID-19 vaccine information  https://t.co/3D6l6lafbS",0.0,january8_january9
207,1.3474634637576315e+18,You masked for it / @manteo_athletics @ManteoVBall vs #Edenton #gallery uploading @ https://t.co/JGiIEk3G6b #canon #volleyball #sportsphotography #GetLeft &amp; #wearamask @ Manteo High School https://t.co/eBUzF7kyUJ,0.0,january8_january9
208,1.3474642473207357e+18,Drinking a Winter Welcome Ale 2020-2021 by @samsmithsbeer @ Pandemic Virtual Beer Share — https://t.co/hvrfemJJzX,0.35,january8_january9
209,1.3474655747884605e+18,Got my first ruck in of 2021 and since getting / beating covid. Great to be back out there! #GORUCK https://t.co/pn7TfsBr6f,0.0,january8_january9
210,1.3474685957316977e+18,Cool. 🤦🏻‍♀️ https://t.co/NppuHFPaJh,0.0,january8_january9
211,1.3474689018950574e+18,"Miles got his Covid vaccine today, he said he feels fine just a little tired. He isn’t craving “brains” so there’s that.
#airforcemom#covidvacccine#notazombie 
😍😷🇺🇸 @ Carmel, Indiana https://t.co/OBlFrNp5Sq",0.0,january8_january9
212,1.347469846401921e+18,"This pandemic sucks. Buying a Peloton was the best thing I could have possibly done for my mental, physical, and emotional health. @ Capitol Hill https://t.co/mZEfW9hJmD",-0.04999999999999999,january8_january9
213,1.347470125990097e+18,Digonometry / @ManteoVBall @manteo_athletics #volleyball #gallery  vs #Edenton uploading now @ https://t.co/JGiIEk3G6b #canon #sportsphotography #GetLeft &amp; #wearamask @ Manteo High School https://t.co/jyn7bva3Hh,-0.07777777777777779,january8_january9
214,1.3474706909502546e+18,"@Drink_Mixxer @MunchkinFunk if this is so, what is it exactly that causes the change? What is encapsulated in that experience that causes you to see the world differently? Is it the work? The being away from home influences and seeing a broader world?",0.0,january8_january9
215,1.3474016598996337e+18,"Got the vaccine today, next dose in 30 days. Feeling good, and glad we did it. @ Fort Lauderdale, Florida https://t.co/9NPDyfjQhA",-0.071875,january8_january9
216,1.3474020315945738e+18,"Social distancing mountain bikers 
-
-
#mountainbike #mtbr #socialdistancing #singletrack #hutchsbicyclegarage #like #vegashutch #pedaldamnit #beyondvegas @ Red Rock Canyon Las Vegas https://t.co/B76IQjeUXe",0.26666666666666666,january8_january9
217,1.347410208180609e+18,Evening Biking 🚴‍♀️ new goals 🤍🤍 Staying fit in pandemic... @ Hollywood https://t.co/lby2UvTBe1,0.4352272727272727,january8_january9
218,1.3474117215063286e+18,"“It is always the darkest before the dawn” -someone who lived through a pandemic, okay, no not really I made that up. BUT  SERIOUSLY, YOU CAN PRY MY HOPE FROM MY DEAD COLD HAND #Suckit2021 https://t.co/4cPYGj1xrd",1.0,january8_january9
219,1.3474137344366592e+18,Pandemic is putting a crunch on the ranch @ Carl's Jr. https://t.co/vewwmkhwKm,-0.009595959595959616,january8_january9
220,1.3474162083967222e+18,"Live with Naz show every weeknight @8:30 PM PST Live on Facebook. You will be the comedian. Link in bio. #hardware #homedepot #Lowes #Comedian #funnynames #Show #Host #Clean #Fun #LOL @ Corona, California https://t.co/uTvzUUTRny",0.6000000000000001,january8_january9
221,1.3474185070220534e+18,"https://t.co/ZobJVMMsA0 

Super excited to be part of this @ Undersea Oxygen Clinic https://t.co/svpte3WYqL",0.2928571428571428,january8_january9
222,1.34741953466436e+18,"Yay! 🙌 Our family's ""aha box"" was delivered today by #CornerstoneUnitedMethodistChurch! 🎉 Thank you, Christi! Yet another way to #connectwithCornerstone even in the midst of a pandemic. 😷
#ARUMC #KidsMatterHere https://t.co/viHAB9hEa1",0.0,january8_january9
223,1.3474199476942397e+18,"Finally Got Approved to get my COVID VACCINE!!!

#covidinvestigation 
#covid_19 
#vaccinatedagainstcovid19 
#healthcareworkers 
#healthcareprofessional @ Bankers Hill, San Diego https://t.co/u8A5zX3wPS",0.32222222222222224,january8_january9
224,1.3474205226618348e+18,Oh no. All Starbucks closed. #covid_19 @ University Village https://t.co/aI61seWJKU,0.0,january8_january9
225,1.347420936119726e+18,Drinking a Bierwolf by @GLBC_Cleveland @ Pandemic Virtual Beer Share — https://t.co/JXUKWHzXWe,0.0,january8_january9
226,1.3474228307454484e+18,"The @revjjackson #covid #vaccine #america #covid19 @ Marietta, Georgia https://t.co/RNOx9vzWKb",0.0,january8_january9
227,1.3474240534605496e+18,Just finished reading Molokai. A terrific story. It is my 83rd book during COVID. #Molokai #HansensDisease #Leprosy #Novel @ Riley's Red Wagon Book Swap https://t.co/giyB8P7GjV,0.0,january8_january9
228,1.347425995553448e+18,"Good advice #america #executiveOrder #maga #covid @ Marietta, Georgia https://t.co/EgqSRv2ZXt",-0.025,january8_january9
229,1.3474264413868114e+18,Kicking Covid to the curb! #GetVaccinated #CovidVaccine @ UCSF Mission Bay https://t.co/Uynjeo81no,0.125,january8_january9
230,1.3474275522232607e+18,"10,000 new COVID cases in Georgia....my God today. 🤦🏽‍♀️",0.2,january8_january9
231,1.3474325856816579e+18,"This Sunday @wesleymuhammad speaks from The Headquarters of The Nation of Islam on this most timely and urgent topic! #COVID19 https://t.co/Us8mXgDIC7 #NOISundays https://t.co/MwZKMV8wj0 @ Winter Haven, Florida https://t.co/gpoEqTUzh6",0.0,january8_january9
