,id,tweet,sentiment,date
0,1.2460044204138086e+18,"Corona Virus 19 Gear that work issued us every time we enter the prison!!! How do I look hahaha 🦠🦠🦠🦠 Safety First! @ Martell, Nebraska https://t.co/XyyQSKgjIJ",0.0,april3_april4
1,1.2460047255915438e+18,"I guess when I wrote this I was a little bit ahead of myself, cuz oh baby, not kidding on that one. #corona #scarytimes #psychic #pamelabarsky #anxious @ East Village, Manhattan https://t.co/ljqvzL6Nvf",0.0,april3_april4
2,1.2460073026094408e+18,Blu is keeping his distance #friday #twitter #catsofinstagram #catsoftwitter #corona #besafe #distance is very #important #fridaymotivation #catsrule #smilemore #happypeople #passiton @ Housing The Homeless - Helps https://t.co/fWTqlGricA,0.0,april3_april4
3,1.246007333144146e+18,"Wanna look at me or the #flowers? Thought so. .
.
Here’s Cafe au Lait dahlias in April (wtf, and you thought Corona was weird) with ceonothus, basil, grape, sweet peas, Jupiter’s beard, columbine and artichoke. Mmmm… https://t.co/LGCrwuzIFm",0.29375,april3_april4
4,1.2460120494125588e+18,"At the gig looking like i'm about to do a hit an run up the bag with my Corona mask!! Fresh cut couldn't take it had to get it cut.... @ Gahanna, Ohio https://t.co/gwlu9wxCru",0.4,april3_april4
5,1.246017020962861e+18,"Trynna keep staff smiling in these times. II AM THE NURSE TO MAKE YOU SMILE!
.
.
.
.
.
.
.#corona #covid19 #meetingtheowenss #roadto4k #owenstribe #nurselife #nurselifestyle #blacktwitter #nocshiftlife… https://t.co/zagrJJqo9c",0.0125,april3_april4
6,1.2460232929950433e+18,Corona NY Fri Apr 3rd AM Forecast: TODAY Mostly Cloudy Hi 45 TONIGHT Partly Cloudy Lo 31,0.4666666666666667,april3_april4
7,1.24602703089596e+18,"“Time for us to reflect on life! Fight! Stay Healthy/Strong...God Bless Us All! Stand Firm, This Too Shall Pass💜”
•
***Follow the Rules Please Lets not  allow COVID-19/Corona Virus to win***
•
•
#stayhome… https://t.co/UiC9tCJEgh",0.0,april3_april4
8,1.246031155197104e+18,"Chinese woman spreading corona virus 🦠 at Walmart 

#corona 
#census2020 
#coronamemes 
#coronavirus 
#coronavírus 
#coronavirüs 
#quarantine @ Venice Beach, California https://t.co/1gUciklQ1A",0.0,april3_april4
9,1.2460341672945705e+18,"Waiting on corona to go ahead and leave out like😐🙄
🐈
🐈
🐈
🐈
🐈
🐈
🐈
🐈
🐈
🐈
🐈
🐈
🐈
🐈
🐈
🐈
🐈
🐈
#kitty #catsofinstagram #cats #catstagram #cats_of_instworld #cats🐱 #catsrule #catsareawesome #kittenlove #kittykitty @… https://t.co/rIbUaR0Jzr",0.0,april3_april4
10,1.2460376295035658e+18,"Friendly reminder, I am offering 25% off at checkout with code ""corona"" at https://t.co/UdOJemFTp6 thru 4/15. I make tassels shakeyertassels and have signed 8x10s, polaroids, stickers, &amp; magnet calendars for sale! 💐Just… https://t.co/Cqs4Aze5wH",0.05624999999999998,april3_april4
11,1.2460403398504202e+18,Screaming #HappyCoronaBirthday to my favorite #SIL. I wish we were back at #Bonnaroo instead of stuck inside with our demons. Have a corona 🍺 and kick back! #HappyBirthday #CoronaBirthday #MyFavoriteMexican @… https://t.co/kAr50buCT8,-0.6999999999999998,april3_april4
12,1.246042295868293e+18,"What can you do to Make Today Great! Here are some quick ideas. Also, go get https://t.co/OpjHIhAQWr for FREE ($149 value) w/coupon code: CORONA @ Boca Raton South Beach Pavilion https://t.co/EUjswRGgfA",0.0,april3_april4
13,1.246043318942929e+18,#covid #coronavirus #corona #covid_19 #business #workinprogress #working #stayhome #protection #realtorinmiami #realestate #realestateservicesmiami #southfloridarealtor @ All Estate Home Inspection https://t.co/tNHyHlUeLx,0.17045454545454544,april3_april4
14,1.2460475765178286e+18,"The Corona Virus will end on May 29, 2020, says Indian boy who correctly predicted astrological forecast, 8 months ago...
On August 22, 2019 on her YouTube channel, Abighya Anand (14 years… https://t.co/cwH0DI9YyO",0.5,april3_april4
15,1.2460543394429583e+18,"Hustlin’ in the time of Corona... 😮 #reallytho #timesishard #corona @ Manhattan, New York https://t.co/z4ilD4evDu",0.375,april3_april4
16,1.2460658363952906e+18,"Thank you aloha_gypsy kitler23 for my birthday gifts dinner and that beautifully yummy cake you mAde me soda pop 🥰😍😘🎂 thank you to all that wished me loving birthday wishes !!! Hugs and kisses to you all 😘 @ Corona,… https://t.co/HXZaDDiWVk",-0.21666666666666667,april3_april4
17,1.245998573948371e+18,"Join us for prayer tonight at 7 PM. Call 605-313-4820 for encouragement and virtual fellowship. 

#Prayer #BMBC #physicaldistancing #socialdistancing #covid #corona @ Brown Memorial Baptist Church https://t.co/wGs1LHodXq",0.0,april3_april4
18,1.2459989293903503e+18,"Hair Salons deemed ESSENTIAL SERVICE!! 
Let me know below what you think! 
 .
I’m obsessed with 🙌🏼NV@heatherland_iaintdoinit !! 🤣😂👏🏼😂🤣👏🏼👏🏼👏🏼👏🏼
・・・
I AIN’T DOIN IT - CORONA CHRONICLES: WEEK 3 @ Laguna Beach, California https://t.co/qoJvRXW9IQ",0.5,april3_april4
19,1.2459998460892078e+18,Drinking a Corona Extra by @GrupoModelo_MX @ Untappd at Home — https://t.co/BKgul3Y9Zl,0.0,april3_april4
20,1.2460000302066442e+18,Why we must demand they #LetUSVoteByPhone! True voice of we the people in polls and the ballot! Plus cheaper and ZERO Corona issues! https://t.co/o62xPOMylb,0.1361111111111111,april3_april4
21,1.2460052956310077e+18,"APRIL 2020 
Corona Health Project

Hike: Day 3 - Taking a Break!
(4 actual days of training)
Added Weights: 0 lbs
Distance: 0 miles
Steps: 0
Start Time: 5:00 AM
Duration:  Friday

Waterfast: Day 4
Last meal:… https://t.co/IPeqsZ1CuM",0.4,april3_april4
22,1.2460065820952945e+18,"rare glimpses of beauty amid the clouds of covid
.
.
.
.
.
.
.
#covid #corona #chicago #spring #oldtownchicago #skyline #architecture #architecturephotography #sunny #sunnyday #iphonography #iphoto #instapic… https://t.co/SPxN3P0XB2",0.13636363636363635,april3_april4
23,1.2460073026094408e+18,Pre-Corona Extreme 5-Second Rule - Photo Backlog 2019: At Indiana  https://t.co/EYXSyF9npj,0.0,april3_april4
24,1.2460074868694548e+18,"Racism is a divide to conquer tool used throughout history as Hitler used the Jews! Let's you wage slaves fight and die while 1% masters have 99% of world's wealth! We are ALL played! Why must #LetUSVoteByPhone! True voice of we US and no Corona issues! 
https://t.co/T8uPrA7W9e https://t.co/GGduhnQdKS",0.0,april3_april4
25,1.2460082243161825e+18,"“…104 new positive coronavirus (COVID-19) cases, bringing the District’s overall positive case total to 757. The District reported three new COVID-19 related deaths, bringing the District’s total to 15.” [PR] Coronavirus Data for April 2, 2020  https://t.co/JCeYBen8iX",0.25,april3_april4
26,1.2460095589145436e+18,"Stop Waiting For the Perfect Time to Start Toward Your Goals⠀
-⠀
“I’ll start on Monday”⠀
“I‘ll start at the beginning of the month”⠀
“I’ll wait until I’m not as busy to start”⠀
“Waiting for this Corona stuff to… https://t.co/x0JenPc8Ea",0.33125,april3_april4
27,1.246010416565805e+18,"Race is a lie to divide and conquer US, as Hitler did with the Jews, my skin better so we fight and 1% rule like tyranny throughout human history! Let US stop being played and unite! #LetUSVoteByPhone true voice of we the people and no corona issues! 

https://t.co/T8uPrA7W9e https://t.co/XPPgVDgOsf",0.5787878787878787,april3_april4
28,1.2460120494125588e+18,"""Big piles of human shit behind the muni tunnel between pink triangle park and the northeast corner of market and diamond."" (Corona Heights, D8) https://t.co/6iDuXmhAMI",0.4,april3_april4
29,1.246012724724859e+18,UPDATE: Our household has a Light case of Corona. 😀🤣😜 @ Cincinnati https://t.co/831ikDQeYg,0.2174242424242424,april3_april4
30,1.2460152732005663e+18,"Just another Friday morning at the office lol. #friday #itsfriday #corona #coronavairus #covid #hungry #covid19 @ Lancaster, California https://t.co/06kst8Z32F",0.0,april3_april4
31,1.2460154638065992e+18,"We Are So Proud To Be A Part Of This Industry, And Even More Proud To Be Apart Of This Company!!!💥💥💥#pmts #pmtslife #paulmitchell #dmv #corona #covid @ Paul Mitchell The School Tysons Corner https://t.co/hUnUJUMsxH",0.0,april3_april4
32,1.2460208070773473e+18,"Contemplation.....
#newnormal #corona #shavedhead #itsbritneybitch #quarantine #covid19 #instagay #shorthairdontcare #beard #grey #selfie #love @atldamien @ Darin &amp; Damien’s House of Falling Vodka https://t.co/7VvMcw7zTA",-0.02083333333333333,april3_april4
33,1.2460217217670062e+18,"Start with science and see Racism is a lie, then review history and see it as divide to conquer! You are better! Let's you wage slaves fight while 1% rule! We are all played! 
https://t.co/T8uPrA7W9e https://t.co/8JfOLjzITC",0.5,april3_april4
34,1.2460244346385613e+18,"Want 40% OFF ❤️FSU GEAR💛?! Be sure to check out @barefoottally when they go live @ 3 p.m. daily then.
•
Don’t you also love these Corona-inspired tees?! Receive 25% off at:… https://t.co/pGYkYrc4p6",0.13636363636363635,april3_april4
35,1.2460286995453215e+18,"#masc4masc @ Corona Heights, San Francisco https://t.co/vcpChOpGYk",0.8,april3_april4
36,1.246030176993063e+18,"GM #chicago — I checked to confirm, it’s FRIDAY.  Corona’s not my cup of tea, it’s actually chia. Be safe and respect folks space! ✊🏻✊🏼✊🏽✊🏾✊🏿#gimmie6ft @ Chicago, Illinois https://t.co/IVWpawhRFD",0.0,april3_april4
37,1.2460321253982208e+18,“The heart has its reasons which reason knows not” Hotel Next Door #corona @ DoubleTree by Hilton Washington DC - Crystal City https://t.co/nAB07piMZm,0.24642857142857144,april3_april4
38,1.246032555427717e+18,"Good Morning ! Hot chocolate in the morning can help fight corona virus i heard 😆
.
.
.
.
.
#hotchocolate #coffee #chocolate #christmas #love #winter #hotcocoa #latte #foodporn #tea #food #cafe #foodie #espresso… https://t.co/NYtDE49189",-0.05714285714285715,april3_april4
39,1.2460341672945705e+18,"Happy 20th Birthday to my baby sis alliiva ~! I feel bad that all the cool things we had planned for her birthday are on hold right now (thanks corona), but I’m happy she is at home with me safe and sound. I’m super… https://t.co/g96fhuPKYH",0.0,april3_april4
40,1.2460376295035658e+18,"#corona therapy doing my own #takecareofyourself #routine #rootsdone #nailscleaned #bodyscrub next #staystrong #stay amazing #laugh out loud if not at yourself watch a #comedy @ Los Angeles, California https://t.co/fnrojiGQ5x",0.05624999999999998,april3_april4
41,1.246038031833981e+18,"Don't let the #Corona stop you from celebrating your moment‼️ We're taking all the safety precautions to heart during this time...Book your session or your child's session today!
•
•
It's nice outside! 😷😁 @ Houston,… https://t.co/4zie72fa3r",0.8,april3_april4
42,1.2460410899681485e+18,"Just because this scary #corona is keep us at a distance, we can still celebrate BIRTHDAYS! They just might be a bit smaller 😝 HB huskynamed_skysky! 
#
#
#bostondogs #dogbirthday #dogbakery #shopsmall #shoplocal… https://t.co/b6YQbb8Azd",0.35,april3_april4
43,1.2460433130121257e+18,"After #TP this will be the next essential item running out the shelves!
#corona #beer #tgif @ California https://t.co/VJswjqPh4j",0.30000000000000004,april3_april4
44,1.246043318942929e+18,AND why we must demand #LetUSVoteByPhone so true voice of we the people is heard with no Corona issues! Why not? #YetWeDont! https://t.co/Xrx03E7rdx,0.17045454545454544,april3_april4
45,1.2460475765178286e+18,"Corona quarantine day 19. Trapped on the beach. #chickendinner #familytime #corona #coronatine #beachlife @ Oceanside, California https://t.co/VW8RniUhR3",0.5,april3_april4
46,1.2460517952076964e+18,"Happy Birthday to the legend Mark Miller! Courtesy of the Dublin Deck, here is your Friday Mean Machine moment of zen. We miss you, stay safe ❤️🤘#corona #dublindeck #patchogue @ Dublin Deck Tiki Bar and Grill https://t.co/SQcUlWJHkQ",-0.25,april3_april4
47,1.2460524753014866e+18,"The Cheesecake Factory - Lawrence Township, New Jersey -  On 3/31/20 take out order due to corona virus shut down. Husband had chicken salad and green sala... Food Poisoning https://t.co/LQk9BuyV87",0.0,april3_april4
48,1.2460562845431685e+18,"For #ORANGEPINO and Rs, our lives mean nothing! All about the Benjamins! Why we must vote and why the must #LetUSVoteByPhone! True voice of we the people and ZERO Corona issues! https://t.co/QxxyEZCu1S",0.0,april3_april4
49,1.246058192242688e+18,Out on a supply run #corona #covid19 #pandemic #supplyrun #tgif #friday #fridayvibes #crooksandcastles #maskon #rainyday #washyourhands #donttouchyourface #stayhome @ Brightwood Neighborhood https://t.co/YRX2F7sXVs,0.3333333333333333,april3_april4
50,1.2460591828322755e+18,"GM #chicago — I checked to confirm, it’s FRIDAY.  Corona’s not my cup of tea, it’s actually chia. Be safe and respect folks space! ✊🏻✊🏼✊🏽✊🏾✊🏿#gimmie6ft @ Chicago, Illinois https://t.co/LQqeXqm79Y",0.25,april3_april4
51,1.2460608107928412e+18,"#rip BILL WITHERS :(
He died from heart complications (not corona!) at 81 years old.
Always LOVED Bill Withers for his amazing inspiring  writing - as this song #leanonme reflects...
He was a 3-time Grammy Award… https://t.co/VC5WK8nvt5",-0.21875,april3_april4
52,1.2460616132342825e+18,"#accurate #coronavirus #corona #covid19 #crycry @ New York, New York https://t.co/yVOxXxTb9M",0.46875,april3_april4
53,1.2460638896007127e+18,"Back to the days when #Corona virus was a thing that we made jokes about and never thought that it will affect our lives that much , here is some pics of my last day &amp; night in #NYC , something inside me felt that… https://t.co/d2vqSJ2dfi",0.52,april3_april4
54,1.245998573948371e+18,"#LetUSVoteByPhone! No Corona issues, faster, safer and easier to get the ongoing true voice of the people in polls and ballot! https://t.co/m8e4QAyn4N",0.0,april3_april4
55,1.2459989293903503e+18,"Up down up down! 😂😂😂😂 this will be my favorite exercise from now on!   

•
•
•
#funny #funnyvideos #corona #stayhome #stayhealthy #staysafe #drinkinggames #home #wine #jumpingjacks #fun @ Brentwood, Los Angeles https://t.co/IFiNykGD17",0.5,april3_april4
56,1.245999440017662e+18,"New corona update🥴
I’ve settled into staycation mode meaning just enjoying the small things In life with my small group of quarantine buddies, unplugged from my phone. I hope everyone is staying entertained like I… https://t.co/dlWR45r5qk",-0.23333333333333325,april3_april4
57,1.2460000302066442e+18,Well it’s that time of day... 😂 #corona @ Upper West Side https://t.co/PYJSHqs6j0,0.1361111111111111,april3_april4
58,1.246003065469182e+18,"Mom, why are you teaching in an empty room and who is going to give me lovin and treats? She walks around the empty studio looking confused and sad🤷🏻‍♀️💔hope you all return soon 💕🐝#stayhome #corona #newnormal… https://t.co/wDL7W0FpDJ",0.0,april3_april4
59,1.2460044204138086e+18,"Coming to you live from the toy room, we’ve gone full “Working Mom Circa 1992” for today’s felony bail review court appearance. #RelaxedDressCode #corona #OOTD @ Clara Shortridge Foltz Criminal Justice Center https://t.co/MKB0pcua3h",0.0,april3_april4
60,1.2460047255915438e+18,My first time out of the house traveling  on the bus during Corona Virus to get my meds.. . As soon as I get on the bus. Theirs a drunk man giving the driver a hard time. Smh God bless… https://t.co/6cXos5qSUg,0.0,april3_april4
61,1.2460052956310077e+18,Keep that in mind 🤣 #realtor #realestate #quarentine #priscilanjrealtor #nestseekers #nestseekersinternational #corona #virus #coronavirus #covid19 #pandemic #2020 #goldcoast #nj #ny #nyc #manhattan #tristate… https://t.co/mwN5FV9Vpe,0.4,april3_april4
62,1.2460065820952945e+18,"When you have to go to the vet you get a treat.
#pupsofinstagram #dogsofinstagram #chihuahuasofinstagram #teacupchihuahua 
pintosbuddies @ Animal Medical Center of Corona https://t.co/UwXjr0mLcF",0.13636363636363635,april3_april4
63,1.2460073026094408e+18,Sure what's the worst that could happen #beeroclock #Friday - Drinking a Corona Light by @GrupoModelo_MX @ Untappd at Home  — https://t.co/Sd5PgCy2Yx,0.0,april3_april4
64,1.246007333144146e+18,"Yesterday is history, tomorrow is a mystery, today is a gift of God, which is why we call it the present.

#orlandophotographer #corona #stayhomeorder #orlando #portraitphotography @ Orlando, Florida https://t.co/5WvDc4QwFA",0.29375,april3_april4
65,1.2460074868694548e+18,"“Corona” Lesson

=============

Today when I was going through the daily ritual of washing my hands with my youngest daughter, she said something that affected me.

After washing her hands with our new and longer… https://t.co/a0T9BxPUK8",0.0,april3_april4
66,1.2460095589145436e+18,"Tweeds and PMSpirits based martinis...a perfect P.O.E.T.S pairing in the time of corona...albeit pissing off from home office to home cocktail lounge!

Cheers to the weekend!

#duncanquinn #savilerowmeetsrocknroll… https://t.co/hjBQjgIJmN",0.33125,april3_april4
67,1.246010416565805e+18,And why they must #LetUSVoteByPhone! No Corona issues and faster! True voice of we the people in polls and ballot! https://t.co/MqYP0oP7Zr,0.5787878787878787,april3_april4
68,1.246010707159761e+18,"Think others please!
Limit 1 per customer.
#covid #covid19 #covıd19 #corona #coronavirus #besafe #stayhome #newportbeach #coronadelmar #costamesa #irvine @ Newport Beach, California https://t.co/smAYRwhLYU",0.0,april3_april4
69,1.2460120494125588e+18,"This kid he does not understand social distancing LOL but thank god because he makes it a lot easier. #natmu2000 #corona #selfquarentine2020 @ Tampa, Florida https://t.co/VUQUbBMtRo",0.4,april3_april4
70,1.246012724724859e+18,"#streetphotography #street #mask #protection#corona #covid #blackandwhite #bnw #bnwphotography #bnw_greatshots #bnw_captures #bnw_captures @ Manhattan, New York https://t.co/edtQvFyxA2",0.2174242424242424,april3_april4
71,1.2460155844180419e+18,Moving day 🙌🏾🤴🏾🍢🦾🔥‼️  We will start taking pre-orders starting today‼️ contact us for curbside pull-up or for delivery (an additional $2 per purchase). We will be officially be poppin out tomorrow. Due to the corona… https://t.co/8th4egRSGC,0.2,april3_april4
72,1.246017020962861e+18,"#stayhome #staysafe #rain #newbeats #fye #beats #quarantine #quarantinelife #corona #virus #lockedin🔐 #Michigan #atlanta @ Panthersville, Georgia https://t.co/8AQUZunFcA",0.0125,april3_april4
73,1.246017655066243e+18,"If we have to wear them... They might as well be cool. Corona will not stop the creative forces.... 
.
.
Create some new fashion, sew some masks, start a podcast, write some poems, draw something, start a book, paint… https://t.co/Tu3926gg3E",0.0,april3_april4
74,1.2460184759880008e+18,"I know #Corona is making a popping summer unlikely but you can still be prepared to kill it when the streets open back up with belk! 🔥
#catalog #cover #swipe #bigmenstyle #brawn #shop #belk #bigandtallmodel… https://t.co/fzN5lvbI38",-0.375,april3_april4
75,1.246024081004286e+18,thinkboro slays these image Sherlocks!!! They can put any image you want on these and many other items!!! #wholesale #cartoon #dead #gratefuldead #simpsons #illuminati #weed #legal #pipes #holler #dm #corona… https://t.co/sSiAIJbdR9,0.17034632034632033,april3_april4
76,1.2460244346385613e+18,It's a punk kinda day. Screw you corona - Drinking a Punk IPA by @BrewDog @ Untappd at Home  — https://t.co/HIBeQVPnE2,0.13636363636363635,april3_april4
77,1.2460260962666783e+18,"I was Corona’d! This is adorable!! Thank you William’s Family! #corona’d #sofun #keepingitgoingforsure @ Eagle Creek, Bentonville https://t.co/ptEsxeaGcW",0.3,april3_april4
78,1.2460261209459507e+18,Can we sue to make them #LetUSVoteByPhone? No Corona issues and true voice of we the people in polls and ballot? https://t.co/0u3uQJH2f0,0.0,april3_april4
79,1.24602703089596e+18,"This Quarantine Got Me Smoking More Then The Norm. The Corona Virus Is Gonna Have A Problem Killing Me Before The Weed Smoke Does. Please Stay Safe n Always Smile Bright 
.
.
.
.
.
.
.
#maryjane #puff #games… https://t.co/7RZ4HnEzxP",0.0,april3_april4
80,1.2460271270376366e+18,"Wear Masks! Call Grandma! Ban OANN! Liberal Corona-Drama (Hake News, Fri 4/3/20)  https://t.co/RSEBCyRLti",0.0,april3_april4
81,1.2460291743824404e+18,"Ain’t No Facial Recognition, hey big brother whatcha gone do now? #corona #bigbrother #BioTerror #civilizednation @ Eatonville, Florida https://t.co/resqfxnwUO",0.0,april3_april4
82,1.2460302974451507e+18,NEW on https://t.co/aTZctsCxHD! Our Hero Healthcare Workers in the Frontline of #corona #coronavirus #covid19 #nurses #doctors #healthcareworkers #healthcareheroes #healthcareprofessional #crisis #savinglives #gratitude… https://t.co/Ea5rk1MMR6,0.3181818181818182,april3_april4
83,1.246031155197104e+18,"Our take on that Paul Rudd “Look at us” gif, updated for the pandemic #corona #quarantine #RunningOutOfIdeas @ 105.1 KNCI https://t.co/leN9Gx9aNk",0.0,april3_april4
84,1.2460328678404588e+18,Tolstoy enjoys some fresh air; be a beautiful spring day except NYC’s abandoned due to coronavirus😲🐶❤️#nyc #newlife #mylife #borzoi #wolfhound #sighthound #spring #drizzle #drizzly #corona #sad #besafe @ Washington… https://t.co/BLFmEEpx4T,-0.1125,april3_april4
85,1.2460338131442442e+18,How about we demand #LetUSVoteByPhone! No Corona issues and true voices of we the people heard on polls and ballot! Why not? https://t.co/JP9rztg6MU,0.25,april3_april4
86,1.2460410899681485e+18,Sanitizing &amp; Cleaning  clarematrix making sure they are up to the health code standards with a 10% SH (chlorine) solution   https://t.co/qoaZ0USXrK #softwash #pressure #washing #sanitizing #disinfecting #corona… https://t.co/tv8Xa2NcJz,0.35,april3_april4
87,1.2460420317949256e+18,Drinking a Corona Extra by @GrupoModelo_MX @ Untappd at Home — https://t.co/teFPZUH3lO,0.0,april3_april4
88,1.246042295868293e+18,"Spread the recovery facts not just the fear...#spreadtheword #covid #positivity #corona #pleaseshare #share #covid_19  #recovery #coronavirus  #facts💯 #spreadpositivity @ Los Angeles, California https://t.co/731RcPqp4U",0.0,april3_april4
89,1.246043318942929e+18,"Looking back is no longer an option. What do we even call that time period? Pre-contagion perhaps. All we hear now is “new normal” and at some point we we’ll call this time “post corona.”⠀
Whats your new normal look… https://t.co/Ev1q91YNQ9",0.17045454545454544,april3_april4
90,1.2460489101135708e+18,Why must #LetUSVoteByPhone! No Corona issues and true voice of we the people! https://t.co/jjR1uRKXcS,0.25625,april3_april4
91,1.2460534701440655e+18,Still time to create and paint eggs at home! Order today. Return Monday and have them back home in time for Easter. Dozen and half dozen available for curbside pickup or delivery.  Corona de tucson is today!… https://t.co/U6BqkkrePi,-0.07121212121212121,april3_april4
92,1.246053893597008e+18,"Had so much fun tapping with @DannyGNYC last Tuesday! 
Doing my best on this slippery box. 😆 
・・・
#reldances #tapdancer #tapdancing #tap #ilovetap #funtimes #stuckathome #covid_19 #corona #quarantine… https://t.co/Bg3iCgvIzZ",0.3,april3_april4
93,1.2460543394429583e+18,Drinking a Corona Extra by @GrupoModelo_MX @ rick and julies — https://t.co/EVuOrVlOvn,0.375,april3_april4
94,1.2460562845431685e+18,And a critical part is voice of we the people and why they must #LetUSVoteByPhone! No Corona issues and no rule just by Elites! And #YetWeDont https://t.co/5km9HytJS1,0.0,april3_april4
95,1.2460602958454456e+18,"A little weird to do my doctoral defense on #Zoom. But hey, I just became a DOCTOR! #thatsDRvollbrechtnowthankyou
.
.
.
#phd #baby #defense #corona @ Brooklyn, New York https://t.co/9jYTgF8XXB",0.13636363636363635,april3_april4
96,1.2460625311117926e+18,"They have to cooperate in corona fight — otherwise we are fucked nicely especially if you are on the broken obsolete respirator with luck of medical help; by BK Bazhe, from Travel, or BK Amazon Art &amp; Books:… https://t.co/JelUwKRxel",0.925,april3_april4
97,1.245998573948371e+18,"Besties of the time Corona. Brothers. 🐶❤️❌⭕️ 
#dog #dogsofinstagram #love #puppy #goldenretriever #terrier #besties #happiness @ Los Angeles, California https://t.co/zEXyKOedma",0.0,april3_april4
98,1.245998794010964e+18,"😳IN BLANKSTARE NEWS😳
Production of Corona beer is being temporarily suspended in Mexico because of the coronavirus pandemic. Grupo Modelo, the company that makes the beer, posted the announcement on Twitter, stating… https://t.co/rj3GUKJvsr",-1.0,april3_april4
99,1.245999440017662e+18,"When out for some essentials today. Had to stand in line for hour and 20 minutes, The count is 14 cases of Corona, 1 Stella 1 Pilsner and 1 bottle of @nhlflyers Vodka. With no sports this should last until June @… https://t.co/9nSakeNUxs",-0.23333333333333325,april3_april4
100,1.2459998460892078e+18,"Read above for updated information regarding the Paycheck Protection Program. For more information please visit our website at https://t.co/ZHH47b1sQO
#taxes #loans #payroll #coronavirus #safety #family #aid #finances #refund #extension #PPP #paycheck #unemployment #corona #rona https://t.co/UPjwHWz7Iv",0.0,april3_april4
101,1.2460000302066442e+18,"Day meets night. #florida #car #ford #park #fiesta #sun #sunset #flowers #nature #pic #insta #new #sky #clouds #night #day #corona @ Poinciana, Florida https://t.co/nFAIDvG2W1",0.1361111111111111,april3_april4
102,1.24600199716744e+18,"The sirens in New York City are constant today. It is so sad.
.
.
.
#coronavirus #corona #virus #isolation #COVID19 #emptystreets #emptynyc #nycshutdown #quarantine #quarantinelife #staysafe #covid_19 #stayhome… https://t.co/ncP8xbtNId",0.0,april3_april4
103,1.246003065469182e+18,"This was from #home #quarantine a week ago. It’s a week later. I really do not want to step outside to “take a walk”...
#corona #coronavirus #covid19 #pandemic #homequarantine #coronacomedy #coronamemes #humor… https://t.co/h7djLjJ3xS",0.0,april3_april4
104,1.2460038411847311e+18,"Wishing this is all just an April fools joke and that the Rockies will still play today
 
#homeopener #rockies #rockieshomeopener #homeopenerTBD #bringbackbaseball #corona #covid-19
#stayathomeopener @ Denver, Colorado https://t.co/d7bMtltTy6",0.0,april3_april4
105,1.2460043397028127e+18,"#Throwback to a trip to #Houston, #Texas. 4th largest city in #America. Things still getting worse here. #Prayfortexas #PrayforAmerica

#usa #northamerica #corona #covid19 #prayer #hope #recovery #go #travel #explore… https://t.co/BPSukBiLti",0.0,april3_april4
106,1.2460047255915438e+18,"BETTER! DEMAND #LetUSVoteByPhone! No Corona issues and true voice of we the people! #YetWeDont Why?  RT Progressive Turnout Project — Donate via ActBlue - Progressive Turnout Project — Donate via ActBlue
https://t.co/BRngpFMwn9",0.0,april3_april4
107,1.2460052956310077e+18,It’s Friday but stay at the house!  (Noho ma ka hale!) Stay in; stay safe; stay healthy!! #covıd19 #corona #churchstreeteast #downtownmobile #mobilealabama #downtownmobileal #ukulele #ukulelecover #ukulelecovers… https://t.co/OO3QZHYQvC,0.4,april3_april4
108,1.2460056475331256e+18,"Vaziyet NY hastaneler icin gonullu cagrisinda bulundu. #NYC is asking for #volunteers to support healthcare workers #corona #covid #stayhome @ New York, New York https://t.co/CNBek7xKY5",0.5,april3_april4
109,1.2460065820952945e+18,Corona NY Fri Apr 3rd PM Forecast: TONIGHT Partly Cloudy Lo 31 SATURDAY Sunny Hi 41,0.13636363636363635,april3_april4
110,1.246007333144146e+18,"My work assistant keeps ignoring me...
#wfh #stayhome #corona @ Central Harlem https://t.co/pr9f8Ga8oC",0.29375,april3_april4
111,1.246010416565805e+18,"Corona sunsets and cool lighting with @joanna_caruso @ Hamilton Township, Mercer County, New Jersey https://t.co/ByZNAttEJk",0.5787878787878787,april3_april4
112,1.246010881080791e+18,"lauren finally moved back to vegas &amp; this was the only day we got to hangout......I hate you corona.   #missyoulo @ Las Vegas, Nevada https://t.co/pXRdeBc8wx",0.32222222222222224,april3_april4
113,1.2460120494125588e+18,"Some little bird eggs alleejo and I found a few days ago.  
-
Hope everyone is staying safe during this #pandemic 
-
-
https://t.co/TIp8sAHvOB
-
-
#pendemic2020 #covid #covid19 
#corona #coronavairus #virus #birdeggs @… https://t.co/qs5Px1NiPo",0.4,april3_april4
114,1.246012724724859e+18,My Cuz Said That's The Coronavirus New Orleans Style Happy Birthday Song!! 😂😂😂😂 She Said It's Corona Season 😅😅😅😅 @ Mtd Aircap https://t.co/KlUgf1E2Y8,0.2174242424242424,april3_april4
115,1.2460154638065992e+18,"The latest must-have fashion accessory. And, no, I bought these before corona virus for working out outside in cold air and during allergy season. But see how handy they are now!

sa_fishing_company #faceshields… https://t.co/ESGW40bLNz",0.0,april3_april4
116,1.2460155844180419e+18,Ladies and gentlemen! The market has hand sanitizer! 70 to 90% alcohol. Helping out neighbors and friends is something we have always been passionate about! Come get our Mr. FIsh Corona Killer! Located at 6307 North… https://t.co/9LmLgbiyWg,0.2,april3_april4
117,1.246017020962861e+18,"Today’s grocery like is nowhere near as bad thankfully, don’t know what it’s like inside yet. #nyc #astoria #queens #corona #2020 @ Astoria, New York https://t.co/XsECgNHw44",0.0125,april3_april4
118,1.246017655066243e+18,"Happy Friday!!!! ⁣

When the corona virus clears up what’s the first thing you are going to do???⁣

#ar500 #ar500armor #armoredrepublic #ｔｇｉｆ #workinghardorhardlyworking @ Phoenix, Arizona https://t.co/Hstr2KjLjj",0.0,april3_april4
119,1.2460184759880008e+18,"Creating while Ms.Rona is trying to destroy 🙏🏾

#nyc  #nycartist #nycdancers #nycdance #contemporaryart #contemporarydance #sitespecific #nycparks #blackart #blackartist #corona #coronavirus #covid_19 #forttryonpark… https://t.co/FSslkpqIRs",-0.375,april3_april4
120,1.2460208070773473e+18,"Freestyle Friday! Full album in bio!
""The higher and the lower is a tandem.. depressions often closer to the manic""
#Agstract #ElevenEP #Newyork #Hempstead #God #Gang #a16aday #Corona #Raps #hiphop #freestyle #new… https://t.co/Rz7FzdsTvB",-0.02083333333333333,april3_april4
121,1.2460217217670062e+18,TGICF!!!!!! Thank! God! It’s! Corona! Friday!!! runner4fsu @ The Shoppes of Avondale https://t.co/2uMvsdmgii,0.5,april3_april4
122,1.2460232929950433e+18,"When you tryna get her to come over during Quarantine

#Corona #CoronaMemes #CoronaVirus #Virus #Quarantine #ItIsWhatItIs #DontPanic @ Quarantine https://t.co/CrAQjjlrgo",0.4666666666666667,april3_april4
123,1.246024081004286e+18,"Corona Cut 💇🏻‍♂️ @ Flatbush, Brooklyn https://t.co/95VdYcGR7g",0.17034632034632033,april3_april4
124,1.2460259059626598e+18,Refrigerated Morgue Truck outside #lenoxhillhospital the motor is running which means there are #Covid19 souls inside it’s behind sad #corona #coronadiaries #newyork @ 14th Street (IRT Broadway – Seventh Avenue Line) https://t.co/48IcnDh8qL,-0.125,april3_april4
125,1.2460260962666783e+18,"I know it's Friday and you maybe just got paid, but Auntie ain't having it. Get your groceries and go home!😆

 #Corona #coronavirus #mediamavenworldwide #mediamaven #lorilightfoot #stayhome #stayathome @ Chicago,… https://t.co/1M6brPRB8N",0.3,april3_april4
126,1.2460261209459507e+18,"How my wife is seeking the world during #corona @ Brooklyn, New York https://t.co/Y1WeEpxCSo",0.0,april3_april4
127,1.24602703089596e+18,"Today I covered: “ Top 10 Spiritual Benefits from #Corona era on my IG Story and Facebook Live (Adeel Jehan Zeb). #jummahmubarak @ Dallas, Texas https://t.co/0np1ap5txR",0.0,april3_april4
128,1.2460271270376366e+18,"This is your Corona Virus Reminder that the Goodfellas painting was based on a real photo from National Geographic Magazine in ‘78.

“Oh I like this one... One dog goes one way, the other dog goes the other way, and… https://t.co/4zpZnvBQOa",0.0,april3_april4
129,1.2460286995453215e+18,40 x 40 Oil and Cold Wax Almost finished. Painting the corona virus #annamariemeadfineabstractart #abstractpainting #modernartist #oilandcoldwax #artgalleries #santafeartsdistrict #artconsultants #doodle… https://t.co/yxC4Xonms5,0.8,april3_april4
130,1.2460291743824404e+18,"New York, New York
3/20/2019
.
.
.
.
.
#corona #nyc #covid19 #brooklyn  #stayhome #freshcrop #makeportraits #canon_official #teamcanon #michaelgreenberg #michaelgreenbergphotography @ New York, New York https://t.co/fdfVW7s8ce",0.0,april3_april4
131,1.2460302974451507e+18,"It's a big lesson to the continent Africa leaders, our hospitals must be well equipped to serve us all.
#corona #covid19
#coronamemes #corona🍺 #coronainkenya #pandemic @ Quarantine https://t.co/ldnRaDv2SO",0.3181818181818182,april3_april4
132,1.2460309139868017e+18,"Made some quarantine cookies last night at 10:30 PM... I live alone y’all I don’t need to eat 15 cookies by myself #corona #cookies #cooking #bakingfromscratch #nobakecookies #needtoworkout #stayhome @ Los Angeles,… https://t.co/Mqg95apmR2",0.0,april3_april4
133,1.246031155197104e+18,"New York, New York
3/20/2019
.
.
.
.
.
#corona #nyc #covid19 #brooklyn  #stayhome #freshcrop #makeportraits #canon_official #teamcanon #michaelgreenberg #michaelgreenbergphotography @ New York, New York https://t.co/DWnzJxwoPn",0.0,april3_april4
134,1.246032555427717e+18,"COVID-19 update 
 This can't create Corona virus @ 179th St Subway Station (F Line) https://t.co/lLNA04P4Jp",-0.05714285714285715,april3_april4
135,1.2460328678404588e+18,"The other day I took advantage of a deal Chuck E Cheese had on pizza and wings.. They have this deal.. $5 for a large pie takeout only during this Corona pandemic... I have to say it wasn't half bad...
#ram1 #ram… https://t.co/FgfnSqW3gl",-0.1125,april3_april4
136,1.2460338131442442e+18,"""Big shit mess behind the muni tunnel fence near the northeast corner of market and diamond"" (Corona Heights, D8) https://t.co/NDmw6CaL2V https://t.co/dlWNdCTqau",0.25,april3_april4
137,1.2460341672945705e+18,"Anybody else got a good mask zit?? #rona #facemask #corona #zit #thatgirlrona #covid @ Milford, Pennsylvania https://t.co/V3490zDUSt",0.0,april3_april4
138,1.2460351971175997e+18,"Dear Corona,

You keep us indoors.
You bring us a lot of stress and anxiety.
You scare us.
You took away millions of jobs.
You make a lot of people very sick.
You take precious lives of loved ones.
You have changed… https://t.co/UcPubkvK18",0.5875,april3_april4
139,1.2460376295035658e+18,"Even my grandson Bryce is feeling the lockdown frustration of these Corona Times! Can somebody send me some toys please? 
😂😂😂#livinginthetimeofcorona #lovemygrandsons #toys #giftsfromgrandma #bryceman… https://t.co/eivznXd4pZ",0.05624999999999998,april3_april4
140,1.246038031833981e+18,"My Dad survived Covid19 and happily celebrated his 69th birthday yesterday so I’m in a bit of a beast mode... #Mood 🖕🏽#Corona @ Duluth, Georgia https://t.co/C77x8Rwpvm",0.8,april3_april4
141,1.2460389525969756e+18,"To go, back to work. (@ Lazy Dog Restaurant &amp; Bar in Corona, Calif) https://t.co/J4Hc2k2HEx",-0.2357142857142857,april3_april4
142,1.2460410899681485e+18,"Well, let my ""Stay-at-home"" evening begin....#corona🍺 #courvoisier #worldwarz @ Martinez, Georgia https://t.co/MPiCf18ah5",0.35,april3_april4
143,1.2460420317949256e+18,Entrepreneurship just like Art don’t get in it for money because right now because of corona virus 🦠 a lot of entrepreneurs are in a bad place but you have to understand times like this will pass! We all have to be… https://t.co/A5WNpvCkyk,0.0,april3_april4
144,1.246042571840688e+18,"School all over the world is cancelled because of RoRo #itMakesSenseToMe .
.
.
#funny #awkward #corona #school #teacher #roro #stayhome @ Winston-Salem, North Carolina https://t.co/k2kewkkes7",0.0,april3_april4
145,1.2460455952838164e+18,"Gallery artist of the day: Jonathan Cross. Monument, 2019. Corona clay, wood fired. 41 1/2 × 15 × 15 in. #jonathancrossstudio #bwginventory #sculpture @ Barry Whistler Gallery https://t.co/1LNgbjREhO",0.5,april3_april4
146,1.2460471210585498e+18,@SianWeather Hope it’s not all Corona Virus related! Hope happy news too! News is slow here.,0.0,april3_april4
147,1.2460475765178286e+18,"I took a walk today. It is my weekly outside exercise during the Corona Quarantine. --
""My help comes from the Lord,
the Maker of heaven and earth.
He will not allow your foot to slip;
your Protector will not… https://t.co/DGbmE23iUy",0.5,april3_april4
148,1.2460487665469235e+18,"Well maybe my Ex was right when she would yell at me and say i was cold blooded... lmao so far rigor hasn't set in , at least i know i dont have "" The Corona "" not even close to having a fever @ Corpus Christi, Texas https://t.co/a68yZIDHvY",0.5777777777777778,april3_april4
149,1.2460489101135708e+18,Corona done turned me into an 86-year-old nerd. @ Valley Village https://t.co/lvXCiElLp5,0.25625,april3_april4
150,1.2460509869736305e+18,CLICK THE LINK IN MY BIO!! Or search (JAY OHH GWAP) on any platform.🔥 Let me get a few plays while EVERYBODY is stuck in the house.. #QUARENTINE FROM #CORONA AND STAY SAFE. 😷😷😷JUST LEARN TO LOVE YOUR FAMILY HARDER… https://t.co/ZxTltyDOyo,0.0,april3_april4
151,1.2460517952076964e+18,"Quarantine Tea Party. I made a guest appearance as King Triton!!!! #teaparty #disney #quarantine #party #kids #corona #spring #princess #triton @ Pasco, Washington https://t.co/5SMdUDMuBL",-0.25,april3_april4
152,1.2460524753014866e+18,Titans Corona Break workout of the day! #workwhilewewaitduringadvent @ Titans Sports Academy https://t.co/ZiHJ0CwvYl,0.0,april3_april4
153,1.2460534701440655e+18,"My Corona cravings.... Cheetos!
I have not eaten these in years and now all of a sudden I can't get enough of them. I woke up at 2am and grabed a hand full. I can't wait for the bag to be gone.

What has been your… https://t.co/iIyzQich9n",-0.07121212121212121,april3_april4
154,1.2460543394429583e+18,"When that bitch corona be cock-blocking, and the hallucinations seems real.

It's been a mighty long time 🚫🍆💦💦💦😩. @ Wiley/Franco/Martinez residence https://t.co/qzxjK1uNeB",0.375,april3_april4
155,1.2460556726362112e+18,New Corona Hours:              OPEN 11-2pm Wed- Sat. ☎️503.813.3595 for next- day-curbside pick up orders. Online www. https://t.co/MJ6IKU4j4Y @ Lucky Bear Soap Co. https://t.co/aB9fshOvej,0.04583333333333331,april3_april4
156,1.246058192242688e+18,#Sheesh... #Corona 🦠 @ The Home Depot https://t.co/drRXEiKEBn,0.3333333333333333,april3_april4
157,1.2460591828322755e+18,"Since no-one can get a hair cut for at least another month  I, um, made some Corona Caps. Or COVID Hats. Or Corona Hair Don’t Care Head Covers. Which one is your favorite? Available at… https://t.co/s30Tk2JsYG",0.25,april3_april4
158,1.2460617679371428e+18,"Well, that’s unfortunate. #corona #coronamemes @ Lincoln, Nebraska https://t.co/Ozy1E5Bd8R",0.0,april3_april4
159,1.2460625311117926e+18,"😆 #quarantine #corona #2020 #dog 💜 #dogs @ Walnut Creek, California https://t.co/wSgOIt0ke2",0.925,april3_april4
160,1.2460631540791828e+18,"Fresh off the press, Corona Cigar Company’s latest catalog.  To join our mailing list visit https://t.co/0KwQfSH6wm 📬
Remember during this Covid-19 crisis we are offering free shipping on orders over $50 🚚
  
#cigar… https://t.co/B7Kz8fOmKY",0.0,april3_april4
161,1.2459989293903503e+18,There’s toilet paper rolls to win in THIS crane!! 😂 #cranegame #whytoiletpaper #toiletpaper #covid2020 #covid #corona #legit #crane @ Nifty Fifty's https://t.co/HN7HWiLIdz,0.5,april3_april4
162,1.245999440017662e+18,"Corona virus quarantine got us roasting pickle slices now... 🤷‍♂️🤷‍♂️🤷‍♂️#wherethemarshmellows #stayathome @ Dallas, Texas https://t.co/Grkcq0ghai",-0.23333333333333325,april3_april4
163,1.2459998460892078e+18,"If only a selfie a day could keep the corona away....🥵 @ Stratford, New Jersey https://t.co/robncPMw8w",0.0,april3_april4
164,1.2460000302066442e+18,"Sunset shutdown corona commute
#essentialemployee #bikelife #bikecommuter #sundowner #sunset #GetActive150  strava cancerprevention @ Arlington, Virginia https://t.co/oRvK1iHicl",0.1361111111111111,april3_april4
165,1.2460001575876403e+18,"The #easterbunny is coming #Easter #quarantine #corona #2020 @ Walnut Creek, California https://t.co/MHnNtvgiE3",0.0,april3_april4
166,1.2460030135730627e+18,"""Corona Virus, Shit is real"" #sanantonio @ San Antonio, Texas https://t.co/vY6SwKxFJj",0.7,april3_april4
167,1.2460033527160504e+18,Drinking a Corona Extra by @GrupoModelo_MX @ Untappd at Home — https://t.co/TQ1QlBj7WX,0.4,april3_april4
168,1.2460038411847311e+18,"Fighting #CORONA #covid19 virginiafamilymedicine by yasi_.v preparing for an amazing life of service in medicine. Sanitizers compliment of yayigrove ! Photo credit @alhanataiefar @ Virginia Family Medicine, LLC https://t.co/u200OQUmdR",0.0,april3_april4
169,1.2460043397028127e+18,"Yes ......despite the #corona🍺 virus I need more ketchup!!!!!!!😳 @ Orlando, Florida https://t.co/i1jrn0I6Op",0.0,april3_april4
170,1.2460047255915438e+18,"I’ll post as soon as we have a definite time for the next IG Live with Dr Melba Taylor, certified in emergency medicine.
#corona #quarantine #coronavirus #questions. @ New York, New York https://t.co/wyuIeBZMzu",0.0,april3_april4
171,1.2460056475331256e+18,"Just in case you thought I’d run out of #corona #isolation #socialdistancing projects - Next up is another 80s Classic, the Walkman II. Hopefully all it needs is new belts, let’s see...🤞 @ Austin, Texas https://t.co/hj8qHJcFZC",0.5,april3_april4
172,1.2460065820952945e+18,Local movie patrons line up at the fridleytheatres Copper Creek move theater to “curbside” popcorn pickup.  Another easy way to support your local businesses.  #socialdistancing #coronavirus #corona #covıd19 #covid… https://t.co/Vsd1HDoiQH,0.13636363636363635,april3_april4
173,1.2460068274453463e+18,"Did you know Corona was deemed non essential  by the Mexican Government? There may be a shortage coming soon. 🤷‍♂️ 
Add a Corona and a 1 oz shot Dulce Vida Organic tequila  for only $7!!! Come get some! @ El Capitan https://t.co/93o9R5drof",0.0,april3_april4
174,1.2460073026094408e+18,Drinking a Corona Hard Seltzer Cherry by @GrupoModelo_MX @ Untappd at Home — https://t.co/XIWXFsxxh7,0.0,april3_april4
175,1.246007333144146e+18,"Living that #quarantinelife all dressed up to cook dinner like June Cleaver!  ....all of my pajamas were dirty. #covid19 #corona #whatsfordinner #2020 #saferathome @ Ormond Beach, Florida https://t.co/dTtHgRvJGm",0.29375,april3_april4
176,1.2460095589145436e+18,We need to demand #LetUSVoteByPhone! True voice of we the people and no Corona danger! https://t.co/0dGOenv7Ci,0.33125,april3_april4
177,1.2460111149132554e+18,"PE and Music class fusion. 
-
-
Hey at this point...at least they aren’t fighting...#corona #covid19 #socialisolation #tiktok @1AlexisArnold @ Flexx Mobility &amp; Performance LLC https://t.co/NqEA3OtuBw",0.5,april3_april4
178,1.246012724724859e+18,"Daily walk, a means to survive the  #corona #quarantinelife and #sanity @ South Portland, Maine https://t.co/7O7PQnhFHC",0.2174242424242424,april3_april4
179,1.2460154638065992e+18,Damn there’s some nasty people on this earth! 👀😩  ••• #WTF!! #TAG SUM1 THAT WOULD OF SLAPPED HIM ON THE SPOT!! #rona #corona #socialdistancing #stimuluspackage #stimuluscheck #quarantine #flipflip #groceryshopping… https://t.co/PXLTxx4SMW,0.0,april3_april4
180,1.246017655066243e+18,"THUG LIFE IN CLASS 📚🔫😂 #class #online #quarantine #corona #hardwork #consistency #thuglife #money #teacher #Funny #GodFirst @ Chicago, Illinois https://t.co/cgGJPmCdjO",0.0,april3_april4
181,1.2460184759880008e+18,"These are challenging times but by God’s special Grace, this situation too will pass. Let’s stay home in order to reduce the spread of the Corona Virus. Tune into Afrozons with Sheila O on #power92chicago  from 10pm… https://t.co/hC1Q9DBYho",-0.375,april3_april4
182,1.2460217217670062e+18,"Hey...Pray it Forward...
I received two prayers calls today from friends who just wanted to pray for me. So, I Prayed it Forward and called 2 friends. Dr. J. Wayman Wells Ministries New Birth Church @ Corona, California https://t.co/htvPUPk0QY",0.5,april3_april4
183,1.246024081004286e+18,"The new “normal.” Grocery shopping. Sigh. 
.
.
.
#groceryshopping #lalife #corona #facemask #actorslife #lalaland #pandemic #endtimes #notoiletpaper #emptyshelves #staysafe @ Studio City, California https://t.co/PLZCjAoEYl",0.17034632034632033,april3_april4
184,1.2460259059626598e+18,"Love In The Time Of Corona
#rememberyourhumanityforgettherest 
#protectthesacred @ New York, New York https://t.co/T1uFngA42w",-0.125,april3_april4
185,1.2460260962666783e+18,"Tough times don’t last. Tough people do.
.
.
.
#fence #gate #fog #foggy #foggyday #unitednations #un #gantryplazastatepark #longislandcity #lic #chryslerbuilding #coronavirus #corona #virus #isolation #COVID19… https://t.co/HhkpdcVhUW",0.3,april3_april4
186,1.2460271270376366e+18,#FeeltheBern is only candidate advocating for M4A! But we all need to push to #LetUSVoteByPhone so true will of the people in polls and ballot and no issues of Corona infections to reduce our vote! https://t.co/h4kRTy71CU,0.0,april3_april4
187,1.2460286995453215e+18,"Corona cutie, or bank robber? You be the judge. @ Los Angeles, California https://t.co/QNE3BjxkGo",0.8,april3_april4
188,1.2460291743824404e+18,"I decided to put Corona 👑 aside for now and enjoy this presidente beer 🍺 #Happyhourtime from my balcony in #Brickellkey
.

Sending sheers 🍻 of health to everyone in every nation to #staycoronafree 🦠Stay safe… https://t.co/yFyxWCIPQM",0.0,april3_april4
189,1.246030176993063e+18,"Finally!! 1st glass of wine since pre Corona! #googlehangouts with my gal pals!! #tgif #bff tvinewinery #zinfandel #wine @ Sonoma County, California https://t.co/ArHknpoOOH",0.0,april3_april4
190,1.2460321253982208e+18,"Hey...Pray it Forward...
I received two prayers calls today from friends who just wanted to pray for me. So, I Prayed it Forward and called 2 friends. Dr. J. Wayman Wells Ministries New Birth Church @ Corona,… https://t.co/X1xV2P8FEo",0.24642857142857144,april3_april4
191,1.2460338131442442e+18,"A day in the life of a #fashionblogger (corona edition) 💁🏻‍♀️🖤 @ Houston, Texas https://t.co/s4JIP1WIZE",0.25,april3_april4
192,1.2460341672945705e+18,"Today was a great day! Make this weekend great! https://t.co/vnSxYXEb2t ($149 value) for FREE using coupon code: CORONA @ Deerfield Beach, Florida https://t.co/VMBMV2do3S",0.0,april3_april4
193,1.2460351971175997e+18,"Still here! $200 shipped anywhere in the USA with some shop stickers and other goodies! Common rail tdi timing belt and waterpump kit- leftover - corona special! @ Pat's Speed Shop, European Auto Parts https://t.co/Kb9ToniLYd",0.5875,april3_april4
194,1.2460376295035658e+18,"throwback to daytona bc fuck Corona #pttlf @ Daytona Beach, Florida https://t.co/btFkaLw8TF",0.05624999999999998,april3_april4
195,1.2460389525969756e+18,"NEW THINGS. ✨When this is all over, how will life “after Corona” look for you? 🙏🏻I’m trying to have a mindset that there are some silver linings, even if they are small right now. Blaine did her first spin class… https://t.co/kjBWjZR3ZI",-0.2357142857142857,april3_april4
196,1.2460403398504202e+18,The only Corona we want around! Can’t wait to get this place open so we can share one with out raving family!  #stayathome @ Motorsports Country Club of Cincinnati https://t.co/bhZqeAV3fA,-0.6999999999999998,april3_april4
197,1.2460410899681485e+18,Corona CA Fri Apr 3rd PM Forecast: TONIGHT Partly Cloudy Lo 47 SATURDAY Patchy Fog Hi 70,0.35,april3_april4
198,1.2460420317949256e+18,When you want to go out and chill but all signs point to #GoHome!! 😂😂 ••• #TAG SUM1 THAT CANT KEEP THEIR ASS HOME! #Rona #corona #virus #socialdistancing #quarantine #stayathome #nurse #trumpvirus #week4… https://t.co/rvTncM1k9z,0.0,april3_april4
199,1.246042295868293e+18,"At 7PM, we will blow the fire whistle 19 times in honor of the heroes at the frontlines barreling the savaging #Covid19 #Corona virus. Please take that time to reflect on their sacrifices and to pray for them and… https://t.co/nZWssThjYU",0.0,april3_april4
200,1.2460433130121257e+18,"Oh she quarintine bougie 😏
#producer #quarintine #corona 
🎧 💫 @ New York, New York https://t.co/LYpY9hZIjW",0.30000000000000004,april3_april4
201,1.246043318942929e+18,"Standing in line to grocery shop in the corona era. @ Berkeley, California https://t.co/z4o4uImT9U",0.17045454545454544,april3_april4
202,1.2460455952838164e+18,"R E F L E C T I O N S

songwriter: @lifremusic 
📹: @lifremusic 
credits: @lifremusic 

#detox #reflection #selfcheck #april #corona #musicvideo #today #bwedit #bw #instamusic #lifremusic #lifre #dopebeats #hiphoprap… https://t.co/mjw5hRecb6",0.5,april3_april4
203,1.2460471210585498e+18,Corona won’t stop the beat! On the fire escape in front of our building.💥💥💥💥💥 @ Richards Fabulous Finds https://t.co/rS4GBCuLTJ,0.0,april3_april4
204,1.2460487665469235e+18,"Ok, serious question...
When this global pandemic is over, who gets a haircut first? Me or Thomas?
I need an appointment misss_chelsea @ Corona, California https://t.co/bqHRLtBw9k",0.5777777777777778,april3_april4
205,1.2460517952076964e+18,"Bro... We’re supposed to wear masks now??? I’m climbing the walls like Peter Parker in Avengers: Endgame. #corona #Corona #Thrillride #PeterParker @ Foxborough, Massachusetts https://t.co/pkLb6bpqXQ",-0.25,april3_april4
206,1.2460534701440655e+18,"This scarf isn’t going to protect me from shit, but it sure looks dope in a selfie 😂 Be safe, everyone! 🌵🐫
.
.
.
.
.
.
.
.
.
.
•
#timothydark #rapper #hiphop #scarf #
#coronavirus #corona  #virus  #covid19… https://t.co/cMzf06v2tV",-0.07121212121212121,april3_april4
207,1.2460556726362112e+18,Thoughts? San Francisco:: Corona Beer Halts Production and Marketing During Pandemic https://t.co/2nBvfrTUH7 #Business #Consumer #CoronavirusInternational #News @HainesForSF 2020,0.04583333333333331,april3_april4
208,1.2460562845431685e+18,"Them lil quarantine snacks wasn't cuttin it 🤷🏽 🎉🍾#tgif #happyfriday #corona #babybday #seafoodboil #soulfood #hennythingispossible #hennessy #ariesseason @ New York, New York https://t.co/Vf0UsPqNqh",0.0,april3_april4
209,1.246058192242688e+18,Demand #LetUSVoteByPhone so no corona issues and true voice of we the people in polls and ballot! https://t.co/wZZR090EPO,0.3333333333333333,april3_april4
210,1.2460591828322755e+18,"Social distancing pic of the day...
Bison in Oklahoma &amp; the train track. 
Husband drives me around to get me out of the house!
#Corona #Covid #BackToReality 
#MentalHealth @ Oklahoma https://t.co/AUX936tVtg",0.25,april3_april4
211,1.2460600036030464e+18,"Brew crew houseparty shenanigans #quarantinelife #quarantineandchill #covid #corona #brewcrew v1ctron jane78023 @iamaustincince @ San Antonio, Texas https://t.co/HkOS4v6Hhl",0.16666666666666666,april3_april4
212,1.2460602958454456e+18,"#Repost @mklavers81 (@get_repost)
・・・
The Blade’s Chris Johnson grilling President Trump about the changes to the gay blood ban.
#coronavirus #DontBeASpreader #Covid_19 #QuedateEnLaCasa #StayTheFuckHome #Corona… https://t.co/gTUEHfKjf3",0.13636363636363635,april3_april4
213,1.2460604193216717e+18,"95/366
*THINKING* 
me_______ : Turing ke Bali gmn nya?!?!?!
also me___: *corona*.. Ah anying..skip lah!! @ The House Of The Rising Sun https://t.co/NSptZVjsJH",0.2,april3_april4
214,1.2460608107928412e+18,"What else was I supposed to do with a Friday night and some extra pleather? #upholstered #piano #bench #diy #corona @ Lehi, Utah https://t.co/teIjj0AZ8E",-0.21875,april3_april4
215,1.2460613844098294e+18,"Too good not to share #covid #covidmemes #corona #coronamemes @ Fleming Island, Florida https://t.co/VtHeqNv4o0",0.125,april3_april4
216,1.2460616132342825e+18,"Haven’t caught the corona yet🙌🏻... but I caught a nice bass today!  #photocredit📸  @ryankerschner16 @ Columbia City, Indiana https://t.co/bVzYepwCjR",0.46875,april3_april4
217,1.2460617679371428e+18,Seltzer not Corona.... today! - Drinking a Bud Light Seltzer Black Cherry by @AnheuserBusch @ Untappd at Home  — https://t.co/Q6JZfDQ4jQ,0.0,april3_april4
218,1.2460625311117926e+18,"Corona must be in retrograde. I’ve had it officially #scrufffail #overit @ Dallas, Texas https://t.co/3LBVYmSeRd",0.925,april3_april4
219,1.2460633070286643e+18,"I setup my desk right in front of a window without a curtain precisely for the sunlight. ☀️ #workfromhome #corona #attitude @ Baldwin Park, California https://t.co/n55HkEl7mr",0.0,april3_april4
220,1.245998573948371e+18,Except Corona free vote from home! These are technical issues which can be and are worthy of being solved! Up to the challenge? Change our society for sure! Be like the Greeks! One citizen one stone each to rule not be 1% wage slaves! Que no? https://t.co/IlCtovLElU,0.0,april3_april4
221,1.245998794010964e+18,Nobody want dat Corona shyttt 🤦🏻‍♀️💀😩😩🤣🤣 #staycoronafree #coveryourmouth #socialdistancing #dmv #stayhome #siri #humor #rona #icant #protectyourself @ Maryland https://t.co/Omp07CneYj,-1.0,april3_april4
222,1.2459989293903503e+18,"Space. 
What do you make of The Human Race? 
Are we being ...
Wise?
Or are we seeing 
Lies?

March 12/Moma. 
Last seen place I’m seen 
Archway between before and 
Corona
In lockdown now, I feign. 

That Judd though… https://t.co/g6K7u4RXVT",0.5,april3_april4
223,1.245999440017662e+18,"Totally random pictures of the week.  #walking @ Corona, California https://t.co/39jV8GXQ1N",-0.23333333333333325,april3_april4
224,1.2459998460892078e+18,I got Corona. - Drinking a Corona Premier by @GrupoModelo_MX @ St. Boni Brewhouse  — https://t.co/eWQHC1la19,0.0,april3_april4
225,1.2460000302066442e+18,Covid mafia #covid19 #corona #thegodfather @ Ricardo Montalban Theatre https://t.co/jmccvLesv4,0.1361111111111111,april3_april4
226,1.2460001575876403e+18,"Life is precious, who would have thought our only goal for the rest of the year is to stay alive... we are bless to see another day... #bikeriding #5miles #pray #corona #wontlastlong #lifewillbebetter #stayhealthy… https://t.co/0XUCUd0dXU",0.0,april3_april4
227,1.24600199716744e+18,⭐️RallyWIN⭐️ https://t.co/1ZszbBDGAC A FREE MASK WITH YOUR HOODIE! BlakOWN CustomMade CoronaFree Hoodies/Mask...Get Yours Today! #rw #rallywin® #blakown® #corona #coronafree #mask #coronafreemask #fit #custom #cutandsew… https://t.co/TJ2vfV9YCB,0.0,april3_april4
228,1.2460030135730627e+18,"Weekend Movie Rec: timeforilhan on amazonprimevideo! Learn about one of my favorite people, my Congresswoman @ilhanmn!!

#selfcare #movie #movies #prime #primevideo #covid #corona #weekend #weekendvibes #minnesota… https://t.co/rI6kp4SBAP",0.7,april3_april4
229,1.246003065469182e+18,When life gives you lemons....MEAL-PREP!!! 🤷🏽‍♂️ #mealprep #lockdown #socialdistancing #corona #coronavirus #covid #covid19 #covıd19 #lemons #healthyliving #health #food #spaghetti #spaghettiandmeatballs… https://t.co/cXoMCABNwe,0.0,april3_april4
230,1.2460043397028127e+18,"#corona #lockdownlife @ The Waterway District, The Woodlands https://t.co/Fyi8N0R0S9",0.0,april3_april4
231,1.2460044204138086e+18,My 🍎 Mask finally came in. #apple #applemask #covid #corona #coronamemes #virus #coronavirus #apple #instagood #instagram #instagood #instadaily #instafashion #instafamous #covid19 #love #instalove #instalike @… https://t.co/I6q9lTi0ta,0.0,april3_april4
232,1.2460047255915438e+18,"#coldsummerchallenge Share this post &amp; tag @myfabolouslife for me please! 🙏🏾💯
#covid19 #coronavirus #corona #quarantine #tiktok #fabolous #coldsummer #freestyle #challenge @ Los Angeles, California https://t.co/UkLnpZBIPO",0.0,april3_april4
233,1.2460052956310077e+18,"Although my backyard trees are nice, stay home so I can leave 🥴 #corona #quarantine @ Bowling Green, Kentucky https://t.co/WtSuCvVpJk",0.4,april3_april4
234,1.2460056475331256e+18,Can’t go to a theater due to #socialdistancing so I went to my backyard. disneyaladdin disney #corona Thanks disneyplus @ C-Ham’s IL House https://t.co/RkJcb29dyz,0.5,april3_april4
235,1.2460065820952945e+18,Why not demand that they #LetUSVoteByPhone? No Corona Virus issues and true voice of the people in polls and ballot! https://t.co/6NK4nJV47X,0.13636363636363635,april3_april4
236,1.2460068274453463e+18,Ivana called to tell me she doesn’t care if I said Ivanka was a man. Jared can do whatever he wants in the bedroom. It’s the boardroom that has me concerned! #corona #quarantine #imovie #imadethis #boredaf… https://t.co/mjCAT7tMmA,0.0,april3_april4
237,1.2460082243161825e+18,"And why we must demand they #LetUSVoteByPhone! No Corona issues and true voice of we the 
People! https://t.co/Sj37Wgbop7",0.25,april3_april4
238,1.2460095589145436e+18,"Doing Corona #FBF with loiskleibersmith, we travel together very well in our minds.  •  #21DaysOfSheltering #21Ish #ShitItsSoManyDays #WeStillGotThis @ Napali Coast https://t.co/nismYZ9vAG",0.33125,april3_april4
239,1.246010881080791e+18,"We are literally saying Fuck you  corona virus #washingclothes @ North Hollywood, California https://t.co/5NnOnOeEpJ",0.32222222222222224,april3_april4
240,1.2460111149132554e+18,"#covid #corona #facemask #facemaskselfie bored af hope y’all have your masks ready! #staysafe @ Chicopee, Massachusetts https://t.co/MDZRMKPoOO",0.5,april3_april4
241,1.2460120494125588e+18,"Well it would usually be at this point of the week where my FOMO would have been through the roof because I wasn't gonna be in Tampa with all my mates for Wrestlemania week. Thanks to corona, none of us will be… https://t.co/zZC4LBm3J6",0.4,april3_april4
242,1.246012724724859e+18,"💥CORONA VIRUS SOLUTION 💥
Everyone is talking about the Corona Virus but no one seems to be offering a Solution!
“STAY HOME” seems to be the only recommendation. Well, if you have a family to support, and you stay… https://t.co/5v00Oa8Otl",0.2174242424242424,april3_april4
243,1.2460152732005663e+18,"I shiver wondering how we will have free and fair elections with #OrangePINO in charge and Rs supporting his every #KissMyAssOrDie move! Democracy? Where? Would you support demanding they #LetUSVoteByPhone? No Corona issues and true voice of we the people? If not, why not? https://t.co/mI4TvWWKGO",0.0,april3_april4
244,1.2460155844180419e+18,We hope that while the corona virus is what is bring us all together in our home with just our families we hope you take this moment to be grateful for the ones sitting around you today #infectedwithlove… https://t.co/FrngfY09oW,0.2,april3_april4
245,1.246017655066243e+18,"Random pictures 2. #walking @ Corona, California https://t.co/ZCLRkufuTe",0.0,april3_april4
246,1.2460184759880008e+18,"Yes, but! Why, if we demand they #LetUSVoteByPhone we have no Corona issues and easy to participate in polls and ballot!? https://t.co/vXnlZrz3Ec",-0.375,april3_april4
247,1.2460208070773473e+18,"Making masks is a serious business. We have been supporting the Garcia family, asylum seekers from El Salvador since 2018. The Corona Virus shut down hit them hard and now the only way they are able to support… https://t.co/rsJMJwrTez",-0.02083333333333333,april3_april4
248,1.2460217217670062e+18,"There is a constant wail of ambulance sirens in the city all day and night. My @GETTY footage of the ambulances on 1rst Ave was on MSNBC tonight #Covid19 #corona #coronavirus @ New York, New York https://t.co/VGMWnQDkBX",0.5,april3_april4
249,1.246024081004286e+18,Drinking a Corona Premier by @GrupoModelo_MX @ Untappd at Home — https://t.co/EDdXi0pxxt,0.17034632034632033,april3_april4
250,1.2460259059626598e+18,Imagine if we demanded they #LetUSVoteByPhone! No corona worries and true voice of the people in polls and ballot! https://t.co/7Noe7GGWnh,-0.125,april3_april4
251,1.2460260962666783e+18,"Watching Corona Closely
with #model _lazyydaisy
Want to plan your own shoot? DM me or book it at my website  https://t.co/qU2Cwo3qQx
#Photographer @BostonSpin
#providencephotographer… https://t.co/lHL9lyQkWW",0.3,april3_april4
252,1.24602703089596e+18,"The bird usually come down around this time of the evening. They’re yelling at me for taking their space. Sorry birds, it’s a mess right now everywhere else is closed. Get use to this okay. Blame it on corona virus… https://t.co/wnogXapmMM",0.0,april3_april4
253,1.246030176993063e+18,"Corona the Cowardly Dog inspired by struthless69 . Can you tell I’m going stir crazy?👀https://t.co/tQB6UQ5hUW   
https://t.co/KparVSHIWz
.
.
.
.
.
#ink #drawing #inkdrawing #illustration #illustrator… https://t.co/8it4JZlFtQ",0.0,april3_april4
254,1.2460302974451507e+18,"News been hittin different in 2020 #toiletpaper #fakenews #corona @ New York, New York https://t.co/yWKY627IzV",0.3181818181818182,april3_april4
255,1.2460309139868017e+18,"Thoughts? San Francisco:: Corona Beer Halts Production, Marketing During Coronavirus Pandemic https://t.co/Crs10vt8ai #Business #Consumer #CoronavirusInternational #News @HainesForSF 2020",0.0,april3_april4
256,1.246031155197104e+18,"Making masks is a serious business. We have been supporting the Garcia family, asylum seekers from El Salvador since 2018. The Corona Virus shut down hit them hard and now the only way they are able to support… https://t.co/aKtAPTSwWa",0.0,april3_april4
257,1.2460328678404588e+18,"Due to the COVID-19 
outbreak Corona Sunroof’s
 will be closed the week of
April 6th through 
Friday April10th. 
The safety of our customers 
and team members is always
our first priority.

For Services Please… https://t.co/GFxUEDndrS",-0.1125,april3_april4
258,1.2460338131442442e+18,⭐️RallyWIN⭐️ https://t.co/1ZszbBVhsa A FREE MASK WITH YOUR HOODIE! BlakOWN CustomMade CoronaFree Hoodies/Mask...Get Yours Today! #rw #rallywin® #blakown® #corona #coronafree #mask #coronafreemask #fit #custom #cutandsew… https://t.co/4jLSqZ4YyN,0.25,april3_april4
259,1.2460351971175997e+18,"Great day during #corona kaospizzeriadenver 7.4 pizza time #onebiteeveryoneknowstherules #denver  #pizza #cashman and #sizzlebytizzle @ Denver, Colorado https://t.co/vfdi05aWJL",0.5875,april3_april4
260,1.2460376295035658e+18,A view at Sunset in The Time of Corona @ Ina Coolbrith Park https://t.co/nbs9XgKxnn,0.05624999999999998,april3_april4
261,1.246038031833981e+18,#😂😂😂⚰️⚰️⚰️⚰️ When they added on 30 dayz to #Quarantine  #Corona #Virus #LockDown #StayHome #Help #Stop #The #Conronavirus #StaySafe #WashyourHands  #Seriously #Serious #Funny #Coronamemes #SenseOfHumor… https://t.co/kQnEIWxFcA,0.8,april3_april4
262,1.2460403398504202e+18,"🖕🏾#corona !! But life still good 😼 @ Philadelphia, Pennsylvania https://t.co/ZVGAlakdai",-0.6999999999999998,april3_april4
263,1.2460410899681485e+18,This Corona thing may seem hilarious to you right now but when Allison Janney came out of the closet about her dirty habit I could not believe she was a day over 46.7898. #truly The only thing that makes me cringe… https://t.co/7tqSJChFQZ,0.35,april3_april4
264,1.246042571840688e+18,I have my mask when I go outside to protect myself from  Corona virus @ 10 Stewart Place https://t.co/RUp44gSaHV,0.0,april3_april4
265,1.2460433130121257e+18,"#OrangePINO! Question is how to have free and fair elections? Why not demand they #LetUSVoteByPhone? No Corona issues, easy and true voice of we the people? #YetWeDont Why not? https://t.co/y45LQUHmHT",0.30000000000000004,april3_april4
266,1.2460455952838164e+18,"Space. 
What do you make of The Human Race? 
Are we being ...
Wise?
Or are we seeing 
Lies?

March 12/Moma. 
Last seen place I’m seen 
Archway between before and 
Corona
In lockdown now, I feign. 
That Judd though… https://t.co/Gzgcjhntms",0.5,april3_april4
267,1.2460487665469235e+18,A short recording of the Radioactive ☢️ Corona virus 🦠 GMRS net this evening on 462.600 ..  this little Icom IC F7020T has some very kewl features. The Audio recorder being one of them. If I could just get the P25… https://t.co/021KlSPfHt,0.5777777777777778,april3_april4
268,1.2460489101135708e+18,"GET UP AND DANCE! 
Lets not let being on Lockdown bring our spirits down! 
We’re doing this to help each other stay safe and Corona Free!  
A BIG thank you to all our Health Care Workers doing great work and putting… https://t.co/JUxIyfBB0Y",0.25625,april3_april4
269,1.2460509869736305e+18,We usually go out to a nice dinner for Jerry’s birthday but with the corona virus and everything closed. We had a nice dinner that we all helped in doing or making something and had a… https://t.co/8JURTieVXo,0.0,april3_april4
270,1.2460517952076964e+18,"#Day18 #Covid19LA #Chronicles another heavy day of corona virus cases &amp; death tolls. #Masks 😷 now required here in #LA, no surprise there! Drive through testing is here too! I’ve quickly learned to appreciate… https://t.co/juhLCWmYoI",-0.25,april3_april4
271,1.2460524753014866e+18,2022 SG Ramsey Huff from Corona Centennial was battle tested this season playing one of the toughest schedules in the nation...College Coaches/Scouts check him out! primeathletics_hoops #16s#Family ramsey._.huff @… https://t.co/BtqlgcG2yB,0.0,april3_april4
272,1.2460534701440655e+18,"Watching Corona Closely
with #model _lazyydaisy
Want to plan your own shoot? DM me or book it at my website  https://t.co/qU2Cwol1I5
#Photographer @BostonSpin
#providencephotographer… https://t.co/b3iDQvYqvd",-0.07121212121212121,april3_april4
273,1.246053893597008e+18,So why can't same combo be used to #LetUSVoteByPhone? Safe from Corona and easy to use!? https://t.co/kuP1rfCMxy,0.3,april3_april4
274,1.2460562845431685e+18,"GET UP AND DANCE! 
Lets not let being on Lockdown bring our spirits down! 
We’re doing this to help each other stay safe and Corona Free!  
A BIG thank you to all our Health Care Workers doing great work and putting… https://t.co/oE7DL9gWGI",0.0,april3_april4
275,1.246058192242688e+18,"Friday night:  grilled fish tacos.  🐠 
#fishtacos #fish #dinner #tacos #guacamole #chips #grilling #covidcooking #athome #bbq @ Corona, California https://t.co/oNn1DX9eBq",0.3333333333333333,april3_april4
276,1.246058488310227e+18,"Shout out to the one and only Deacon Otis Wicknine for performing Don’t Let the Corona Get On Ya on #IsiahFactor tonight #FoxSoul #FoxSoulTV isiahfactoruncensored @ The Woodlands, Texas https://t.co/3jsznaXF6g",0.5,april3_april4
277,1.2460591828322755e+18,"Watching Corona Closely
with #model _lazyydaisy
Want to plan your own shoot? DM me or book it at my website  https://t.co/qU2Cwo3qQx
#Photographer @BostonSpin
#providencephotographer… https://t.co/gLEdtNrCzZ",0.25,april3_april4
278,1.2460602958454456e+18,"Then, why not switch to how we can #LetUSVoteByPhone? No Corona issues and polls and ballot reflect true voice of we the people? https://t.co/G5lL3HK5Wr",0.13636363636363635,april3_april4
279,1.2460604193216717e+18,"I got a good feeling about this game Coach!
🧟‍♂️
🧟‍♂️
🧟‍♂️
jonl_2187 @goosetheband @kell_mitch
🧟‍♂️
#scrabble #fridaynightvibes #corona  #goosebumps @ Costa Mesa, California https://t.co/0jvTvanRCC",0.2,april3_april4
280,1.2460608107928412e+18,"Vegan Chow. Pasta And Veggies With Vegan Meatballs 😋
.
.
.
.
.
#LOVELIFE #ENJOYLIFE #entrepreneurs #quarentine #corona #coronavirus #quarantine #socialdistancing #COVID2019 #deionbroxton #veganfood #foodie #bmore… https://t.co/aGS90ARs6y",-0.21875,april3_april4
281,1.2460613844098294e+18,midnight meal ..slow roast pork shoulder w/mushroom &amp; onion scalloped potatoes &amp; a bit of cabbage rice dressing ...and of course a little gravy ...corona-19lbs here I come!! @ Ypres New House of Knives &amp; Wrenches https://t.co/s0da10uvL3,0.125,april3_april4
