,id,tweet,sentiment,date
0,1.3220319845463204e+18,"Coming home from work and ready to do day 29 of my #burpeesagainstbreastcancer 30 day challenge! 1 day left! @ Centennial Hills, Las Vegas https://t.co/fHVV33tUnV",0.0,october30_october31
1,1.322036895467991e+18,"@itskinzierose will be performing live!!! Come out and show support as we ease back from Covid shut down! Let’s get it keep it 🔥 @ Fresno, California https://t.co/ygALHTtujt",0.12121212121212124,october30_october31
2,1.322036903940485e+18,A Canteen Classic is back! The Turkey Grinder. #eatlikeyoumeanit #wearamask😷 #vote2020 @ The New Oxford Canteen https://t.co/fFORI7si8H,0.05353535353535352,october30_october31
3,1.3220373291214152e+18,"U.S. Surpasses 9 Million Virus Cases and Sets Another Daily Record: Voters in several swing states are casting their ballots at the same time the coronavirus reaches new peaks in their communities, creating more uncertainty about how they… https://t.co/0yUtKld74t (vía NYtimes) https://t.co/20xZQu5AZv",0.475,october30_october31
4,1.3220391332426138e+18,"Schools Stay Open in Europe’s New Lockdowns, a Reversal From Spring: Europe’s latest wave of restrictions to stop the spread of coronavirus have largely avoided closing schools. We take a look at why and how they are being kept open. https://t.co/FfKLi1yNhk (vía NYtimes) https://t.co/X5EmIND7Aq",0.25,october30_october31
5,1.32203915823215e+18,"A couple threatens to sue a small business owner for requiring them to wear a mask. The viral video on #cbla #kcal9news #frapysyogurt @ Mission Viejo, California https://t.co/C0MQBO5Kbd",0.18409090909090908,october30_october31
6,1.3220406676322263e+18,"Clemson’s Trevor Lawrence Tests Positive for the Coronavirus: The star quarterback, who will miss this weekend’s game against Boston College, said he had “relatively mild” symptoms. https://t.co/zvDthe7r8m (vía NYtimes) https://t.co/eNhAuiKc2e",-0.0840277777777778,october30_october31
7,1.3220613150583726e+18,"Loser Florida MAGA man heckles Pete Buttigieg, who straight up handles it... and him!

https://t.co/IzXLKRMPNO #FloridaMan #FloridaGuy #MAGAt #MAGAts #COVIDIOTS #TrumpFail",0.0,october30_october31
8,1.322071899615146e+18,Feeling thankful and blessed and on purpose! Ready or not it’s fall and it’s still a pandemic and we need to VOTE🙌🏾 So many thoughts today.......#voteyourlifedependsonit #voteordie #earlyvoting #justathought https://t.co/LXoRSPG8q0,-0.14250000000000002,october30_october31
9,1.3220752624529613e+18,Just posted a photo @ Quarantine Nola 2020 https://t.co/kJaVVxVcaV,0.0,october30_october31
10,1.3220817015273923e+18,"Sunset Blvd...Thursday night ..on the way home from work ..
#thursdaynight 
#sunsetblvd @ West Hollywood, California https://t.co/DuSM5dToNH",0.12727272727272726,october30_october31
11,1.3220934392158986e+18,"GO VOTE!! WEAR A MASK!!!
.
the rift
#blackandwhite #blackandwhitephotography #sky #skyphotography #birds #contrast #birdsofinstagram #birdphotography #cloud #clouds #cloudphotography #mood @ Portland, Oregon https://t.co/ptU6e2WML1",0.4,october30_october31
12,1.3220977742094991e+18,lol because their self interests and what most musical artists are going through aren’t one in the same🥴 https://t.co/zQBbkfqInM,-0.1875,october30_october31
13,1.32210197625199e+18,Netflix its Covid times.  Can you just put on the Christmas movies now.  WTH,-0.042857142857142864,october30_october31
14,1.322112115147182e+18,I Created A Web Series During the Pandemic  https://t.co/WNq4U9wCMr,0.29296875,october30_october31
15,1.3221133286851584e+18,A New Covid Outbreak at the White House: The administration plays defense after Pence aides test positive: This is your morning tip sheet. https://t.co/69k005RNEj (vía NYtimes) https://t.co/W7DiYZMNkg,0.0,october30_october31
16,1.3220331996529009e+18,Just posted a photo @ Quarantine Nola 2020 https://t.co/VBVtGT2VKt,0.0,october30_october31
17,1.3220354000015974e+18,"Fundraising the Covid Way!
Join @a2ct and Dexter Community Players 
 at The Petting Farm at Domino's Farms October 30th and 31st. We printed these programs a great cost saver!
Over 30+ Years of Finding Solutions 
Call/Text Stacy: 734.270.6145

More info:  https://t.co/j1Nl9HnpTD https://t.co/38dJJ5xoY2",0.35,october30_october31
18,1.3220363690704486e+18,Wear a mask!!!! @ Neville Wisdom's Fashion Design Studio https://t.co/kvUmuq1Gmd,-0.16666666666666666,october30_october31
19,1.322036895467991e+18,"This guy put 2020 in a chocolate fountain 🤣
.
#2020 #getcreative #durm #covid_19 #itgetsbetter #withgreatpowercomesgreatresponsibility @ Durham, North Carolina https://t.co/h2ZBkfCqMh",0.12121212121212124,october30_october31
20,1.322038783034884e+18,"Please review...#covidguidelines #covid19 #coatroomclosed @ Attleboro, Massachusetts https://t.co/MzLlARWKyJ",0.12424242424242425,october30_october31
21,1.3220391332426138e+18,"Halloween, #socialdistancing style @ Truxton Circle https://t.co/LvdTm3bTjr",0.25,october30_october31
22,1.32203915823215e+18,@texasforbiden @joebiden @barackobama #christiansagainsttrump #trumpiskillingamericans #votebluetosaveamerica🇺🇸💙 #florida #ohio #arizona @officialjld #trump2020 fail #covid19 dam #mask ! #ppeshortage @ United States https://t.co/NAyEw8Upyr,0.18409090909090908,october30_october31
23,1.3220414797753754e+18,COVID-19 safe check-in at our tech repair center. #masks #plexiglass #6feetapart #socialdistancing #clean #sanitized #safe @ New York Computer Help https://t.co/njUPRfaJD1,0.0,october30_october31
24,1.3220427767883407e+18,"If I am up this early AND DRESSED,  there's only a few places I could be going/ coming from... Which do you think it is?
A) Work
B) Just getting home
C) Court
D) Going to Starbucks to use the internet https://t.co/7ZXf2ZSRtE",0.101010101010101,october30_october31
25,1.3220488378512425e+18,"A serious life changing pandemic a dreary day, Americans standing line to vote! Lucky and proud to be an American, enjoyed my 90 minutes in line! @ Westminster, Maryland https://t.co/HuDmsHfkX1",0.0,october30_october31
26,1.3220488450402304e+18,It’s friyayayayaya and your body knows it babyyyy 🤣🤣😜 tonight follow me to @brix_restaurant for this weekends turn up we following all social distancing guidelines!!.. #djladystar @ Brix Restaurant &amp; Bar https://t.co/W2YwFdM9X9,0.023963594276094253,october30_october31
27,1.322049726200664e+18,"Is Halloween Canceled in N.Y.C.? Not Officially, but …: Trick-or-treating is allowed in the city, as long as it's outdoors, but spooky traditions will look far different during the pandemic. https://t.co/k5VEN5JUIL (vía NYtimes) https://t.co/DzZLyoWd8c",0.4111111111111112,october30_october31
28,1.322053755727065e+18,"Check out @HEandB's #COVID19 Perspectives papers covering topics such as experiences of women in the criminal justice system and student knowledge at the university, https://t.co/53x0WLLiwK #coronavirus #covid #sarscov2",0.2,october30_october31
29,1.322053757027283e+18,"Trendz by Tammy Black Hair Salon 
713 440 0404. We're here for you open during this pandemic @ Missouri City, Texas https://t.co/TRn1it1pFy",-0.15,october30_october31
30,1.3220537583065416e+18,"Almost time for #legally speaking on @wfmj. Please tune in all about the World Series and covid. @ Boardman, Ohio https://t.co/llrFqdSsHh",0.11727272727272728,october30_october31
31,1.3220545116077752e+18,@brittm1030 &amp; @brookemel79 wishing you both the happiest birthday 🥳. Hopefully we can celebrate 🎉 your bday soon. #twins #birthday #socialdistancing #cornavirussucks @ Farmers - Bonnie Hernandez Agency https://t.co/H6c6ePP9fJ,0.2954545454545455,october30_october31
32,1.3220594199250084e+18,"Corona BDay Rules 👑🍾

#corona #birthday #champagne #gucci @ Santurce https://t.co/yLjefq3wG5",0.25,october30_october31
33,1.322059615870292e+18,Wayne and Garth in a Covid world. Party on!!!  Excellent!!!!! @scottpmorris @jaime.rich311 We're not worthy!!!!!!! #happyhalloween @ Roberts Camera https://t.co/l7gNEpHSQC,0.6,october30_october31
34,1.3220613150583726e+18,Just posted a photo @ Quarantine Nola 2020 https://t.co/xf4HTkz7AH,0.0,october30_october31
35,1.3220627472034775e+18,"Boss Your Life Up Through A Pandemic....... @ Westside of Detroit, MI https://t.co/fFm86nZn7Z",0.0,october30_october31
36,1.3220684551437107e+18,"https://t.co/j63MD2MZVU President Trump is now being personally accused of tens of thousands of deaths of American lives and livelihoods in improperly responding to Covid-19. General accusations aren't persuasive. But his failure, to this day, to implement… OSO TAX SERVICE https://t.co/l3UQuGuAN5",0.225,october30_october31
37,1.322068860317528e+18,"🚨🚨🚨 TONIGHT 🚨🚨🚨
@thehubspark we will be serving up the #vibez for the night before Halloween party at the hub.
Come out wear ur costumes and a mask @ The Hub Spark https://t.co/E5Josk6mRS",0.0,october30_october31
38,1.3220702377311478e+18,"Join us tonight for the AOA performance at Trinity Lighthouse Church, 66 South Limerick Road, Royersford, PA @ 7 pm. Free! #aoa #theater #homeschool @ Trinity Lighthouse Church, Royersford, PA https://t.co/M6XDvdEoHc",0.13636363636363635,october30_october31
39,1.322071899615146e+18,"Providing an outdoor socially distance safety meeting for a construction company using one of our led screens.
.
.
.
.
#magnoliagroup #magnoliadisplays #safety #safetyfirst #safetymeeting #construction #socialdistancing https://t.co/9CpQGUhpHS",-0.14250000000000002,october30_october31
40,1.3220792676106486e+18,"Ready for work!!! I love Halloween 🎃 I wear a mask all day, that’s not going to stop me from dressing up😘 @ Wichita, Kansas https://t.co/X7Ls6HegIf",0.4,october30_october31
41,1.3220800045330678e+18,"Sweden and covid. @ Los Angeles, California https://t.co/f4ApBYKXXA",0.21212121212121213,october30_october31
42,1.3220835764945306e+18,"#spooky #corona #mom is the best. @ Windsor, Connecticut https://t.co/oLgGUmPCUZ",0.225,october30_october31
43,1.3220856437958124e+18,Aaaand here it is https://t.co/ROsyPylcHS,0.0,october30_october31
44,1.3220858863103631e+18,@gretathunberg #climatechange #temperaterainforest etc causes more new virus 🦠 #covid_19 #savetheplanet @ Washington D.C. https://t.co/BpzoxujLQz,0.15681818181818186,october30_october31
45,1.32208710082569e+18,"When you gotta wear a mask #halloween @ Charleston, South Carolina https://t.co/piQdxebkYL",-0.1,october30_october31
46,1.32208811482377e+18,Yesterday morning was my first in-person radio station interviews talk about life during quarantine as an artist! It wasn't recorded live I will try my best to remember to let y'all know when they play it live. @ WFYI https://t.co/cuuX3hpMvR,0.0,october30_october31
47,1.3220973826291098e+18,Corona NY Fri Oct 30th AM Forecast: TODAY Mostly Cloudy Hi 45 TONIGHT Partly Cloudy Lo 31,0.13636363636363635,october30_october31
48,1.3220989872986235e+18,"America’s most populous state, California, teetered on the edge of 800,000 cases since the pandemic began. Texas is the second hardest hit, with 747,000 cases, followed by Florida with about 695,000 infections. https://t.co/3qZXmkzfz2",0.325,october30_october31
49,1.3221017047293542e+18,#dailyprompt 3056. Hand Sanitizer  https://t.co/yznyU7rKrk,-0.16875,october30_october31
50,1.3221078280399872e+18,"Thanks #NYT for the graphics.  Please wear a mask! @ Hermosa Beach, California https://t.co/bOiYOxIFcJ",0.0,october30_october31
51,1.3221084426858783e+18,"Bad boy or smart boy
. 
.
.
.
.
.
.
#mask #wear #me #stayhome #boy #fashion @ New York, New York https://t.co/HQI3JVKFCC",0.3583333333333333,october30_october31
52,1.3220331996529009e+18,"Multipass gets you anywhere. 
#halloweendreamcostume
#thefifthelement
#multipass
#leeloodallas
@millajovovich
(This picture was taken with regards to social distancing.) https://t.co/R0Yb64LuhS",0.0,october30_october31
53,1.3220335357929144e+18,"Pandemic pumpkin
.
.
#zoom #zoommeeting #pumpkin #jackolantern #halloween #2020 #staysafe #home #carvingpumpkins #carving #fall @ Winchester, Massachusetts https://t.co/W8xngaIkmB",0.0,october30_october31
54,1.3220354000015974e+18,Should I wear a normal surgical mask 😷?? #covid_19 #pandemic or.... @ Fort Lauderdale-Hollywood International Airport https://t.co/WEqZ6B9w8i,0.35,october30_october31
55,1.322036895467991e+18,"Everything is being canceled. 🥺
Time for a new HALLOWEEN corona job. 🎃

#JacksCoronaJobs #littleshopofhorrors #rickmoranis #seymourkrelborn #feedme #audreyplant @ New York, New York https://t.co/hY3RkxFFqu",0.12121212121212124,october30_october31
56,1.3220373291214152e+18,"Its Almost Halloween And We Have A Treat For You! 💜

Get $5.00 Off With This Spooky Season Deal! Register At https://t.co/1yFovD5zPJ And Use The Code SCRYTT5. 🚨

#BurbankYMCA #TurkeyTrot #BurbankYTurkeyTrot #Community #COVID19 #Race #Fitness #Workout #OutdoorFitness 🦃 https://t.co/jIY4orwHIH",0.475,october30_october31
57,1.322038780686033e+18,"No photos are allowed inside, but I am back at it, observing democracy in action! It will be a long day - send good vibes to ALL voters!

Wear a mask! Wash your hands! VOTE. @ Las Vegas, Nevada https://t.co/dPdtUDmUku",0.2777777777777778,october30_october31
58,1.3220389036546744e+18,"🎃HALLOWEEN NIGHT🎃 
Costume Prizes and Giveaways
$8 Blood Bags RedBull Red Edition
Get Here Early Only 200 Units Available 
YOUR LIFE DEPENDS ON IT

Masks and Social Distancing Rules Still Apply @ Ted's Restaurant &amp; Bar https://t.co/vjPi49wr5H",0.40625,october30_october31
59,1.32203915823215e+18,"""Human shit on the sidewalk behind the westbound muni tunnel"" (Corona Heights, D8) https://t.co/T8myDxwV3B https://t.co/eNnMGvCxxU",0.18409090909090908,october30_october31
60,1.3220406676322263e+18,"My hairdresser is better than your hairdresser! 😜 If you are COVID-conscious like I am, she has private and semi-private appts available. Thank you @yourmanecontact! @ SALON abe https://t.co/TgO92dKtZ1",-0.0840277777777778,october30_october31
61,1.3220414797753754e+18,snow day/corona day morning at home @ South End https://t.co/0l6O3dBOs6,0.0,october30_october31
62,1.322049726200664e+18,"Halloween 🎃 @ Corona, California https://t.co/GHwJplVmOj",0.4111111111111112,october30_october31
63,1.322053757027283e+18,"Not everyone needs to get back to in-person school.  Stone just finished senior pictures.  #classof2021 #Covid19 @ Lexington, Kentucky https://t.co/fovCNQZWwI",-0.15,october30_october31
64,1.3220537583065416e+18,It's your Cappy's Crew here reminding you that we are in still the midst of a pandemic. Please follow our guidelines and we'll keep doing our part to keep you safe. #CAF https://t.co/0iZGYuwMsP,0.11727272727272728,october30_october31
65,1.322057057407783e+18,"Thank you to our Onondaga County Board of Elections.
They did a great job, so far, making it easier to vote.
Early voting sites
Absentee voting for Covid-19 
Absentee voting for Military @ East Syracuse, New York https://t.co/X4ijTy0YyW",0.5,october30_october31
66,1.3220592392176353e+18,"Crispy breaded Pork Loin with Kimchee Slaw, Tonkatsu Mayo and a soy-fried @pearidgefarm egg on toasted roll. #gotlunch #eatlikeyoumeanit #wearamask😷 #vote2020 @ The New Oxford Canteen https://t.co/Pxa4DBDNLJ",-0.225,october30_october31
67,1.3220592942385152e+18,"Covid Halloween #2020Sucks 🎃 @ Whittier, California https://t.co/bnR26OIaes",0.4125,october30_october31
68,1.3220594199250084e+18,"Some Friday morning humor for you Angels Fam. Any plans for this Halloween weekend with Covid &amp; all? @ Brooklyn, New York https://t.co/DPixMt8Udx",0.25,october30_october31
69,1.322059615870292e+18,"Today's homeschool lesson: 
Zinnias + Tomato Flowers + Snow = 2020
.
#organicgardening #tomato #zinnia #backyardgarden #fall #notfallvibes #snow #rude #winter #2020 #homeschool #weather #chickenbawks https://t.co/WatfywfmHb",0.6,october30_october31
70,1.3220601798574162e+18,"Stay tuned.
I'm sure there is more to come.
#COVID 
#COVIDfatigue
#coveryourface @ Flint, Michigan https://t.co/zCcRmkgxWj",0.0,october30_october31
71,1.3220613150583726e+18,Quarantine Day 232 (@ The Acres in MI) https://t.co/cA729ambGH https://t.co/46YSkXLaus,0.0,october30_october31
72,1.3220627472034775e+18,Normally this should be packed but that was the pre #covid_19 era and we are still in the #pandemic deep #foetlauderdale #airport @ Fort Lauderdale-Hollywood International Airport https://t.co/fPcd43jE9Q,0.0,october30_october31
73,1.322062815385936e+18,"Happy Birthday to the best Dog Mommy I know! There’s no one more I’d want to hang out with during coronavirus! Finley and I are anxiously waiting to celebrate! 💝🎂🎈 @ Philadelphia, Pennsylvania https://t.co/W6Nme271pR",0.13636363636363635,october30_october31
74,1.3220684551437107e+18,"A little quarantine project I did a few months ago with mom on my kitchen table. That’s about $123 in produce now hanging on acrylic in my kitchen 🍊🥝🍍🍅 #alessandromartinophotography @ Miami, Florida https://t.co/c4xsO6aQ1H",0.225,october30_october31
75,1.3220688568781988e+18,"Because it's 2020, and shit's ridiculous.
If you have a choice always be Spiderman (or Batman, Wonderwoman if you prefer).
.
.
.
#haloween #ShitbeRidiculous #pandemic #2020 #🖕2020 #AlwaysBeSpiderman #Fun #WhySoSerious? https://t.co/fApfl23ppk",0.06,october30_october31
76,1.322068862800597e+18,"Happy Friday #unewhaven chargers! Tomorrow is Halloween and there are lots of fun outdoor events in CT this weekend to celebrate! Make sure to stay safe, wear a mask, wash your hands, and stay socially distant while enjoying these spooky activities 👻🎃🧟

https://t.co/G4jk2xDSfn",-0.125,october30_october31
77,1.3220702377311478e+18,Business Updates: Exxon Mobil and Chevron Report Quarterly Losses: The two U.S. energy giants reported losses in an industry punished by pandemic lockdowns. U.S. stocks headed for a second weekly decline. Here’s the latest. https://t.co/bcJu33vVf0 (vía NYtimes) https://t.co/hOVCK7N62h,0.13636363636363635,october30_october31
78,1.3220716882474516e+18,"Life post covid. Happy Halloween! @ New York, New York https://t.co/GSZkgEYodk",0.0,october30_october31
79,1.322074275365507e+18,"Made up our Halloween face masks this morning. This fabric is amazing y’all! 
.
#etsy #etsyshop #handmade #facemask #nightmarebeforechristmas #beetlejuice #jackskellington #stayhome #halloween @ Winter Haven, Florida https://t.co/bzk8KiyYly",0.1787878787878788,october30_october31
80,1.3220752795027005e+18,Enjoying some social distancing at trunk or treat at Central Florida Prep this morning! @ Central Florida Preparatory School https://t.co/yebW91ZjOU,0.13636363636363635,october30_october31
81,1.3220758416402063e+18,"If you wanna know what’s getting us through this pandemic and election anxiety... #tatertots @ New York, New York https://t.co/leH8HOHpmr",0.10666666666666666,october30_october31
82,1.3220792676106486e+18,"Last year he was Pennywise. This year, he’s a pink Unicorm who loves Elmo. We decided the pandemic was scary enough. ❤️💗 #mylittleunicorn🦄 @ Los Angeles, California https://t.co/7z3wlgjoye",0.4,october30_october31
83,1.3220800045330678e+18,Just posted a photo @ Holy City Brewing https://t.co/h4IouHa0vJ,0.21212121212121213,october30_october31
84,1.3220806253907354e+18,"If you are gonna have to wear a mask, WEAR THE MASK!  Workday, Friday, Halloween is still alive!!!
#halloween #happyfridayyall #ismellchildren @ Reno, Nevada https://t.co/NifsFdtz5F",0.33,october30_october31
85,1.3220835764945306e+18,"Halloween 🎃 @ Corona, California https://t.co/Kfd3FvBpFO",0.225,october30_october31
86,1.322083579178877e+18,Phlebxpress is here to help! We offer mobile blood draws in the comfort and safety of your home. Let us know how we can help you! #mobileblooddraw #covid_19 #essentialworkers #kindnessmatters #housecallmd https://t.co/g8nHSzt5F2,-0.03333333333333334,october30_october31
87,1.3220841346306294e+18,"I put a spell on you. #happyhalloween  #masks #masksofinstagram #wearamask #redbubble @ Atlanta, Georgia https://t.co/PI69eV4ggo",0.0,october30_october31
88,1.3220855077073756e+18,And people wonder why American flags make a lot of folks nervous.  https://t.co/PzJqc31qOt,-0.5000000000000001,october30_october31
89,1.322086599505576e+18,"I am strong because of Him. 
#StayWell 
#StaySafe
#StayHealthy 
#WearYourMasks 
#WashYourHands 
#PracticeSocialDistancing @ Center Point, Alabama https://t.co/YZ5pSYj8UM",0.2,october30_october31
90,1.32208811482377e+18,It’s not over yet! #wearthemask #staysafe #covid2020 #letsworktogether #sarmientomicroendodontics #endodontist #wecareaboutyou #cypresstx #saveyourteeth #painfreeliving #pandemic #godblesstheworld https://t.co/ztnhxZU1Ug,0.0,october30_october31
91,1.3220934392158986e+18,"wash your fucking hands.  #PlagueDoctor @ Costa Mesa, California https://t.co/N2JSqC2Yfy",0.4,october30_october31
92,1.322096371550298e+18,"I Voted!! In a mask!!! 2020!!!
♡
Such a relief to have this done. 
♡
♡
♡ #vote #wearamask #2020
♡
♡
Vote moment jewelry provided by @knightandhammer . @ Historic Downtown, Jersey City https://t.co/IsDEVRHd8q",0.03333333333333333,october30_october31
93,1.3220973826291098e+18,"Data includes 70 new positive coronavirus (COVID-19) cases, bringing the District’s overall positive case total to 17,144 and reported one additional COVID-19 related death. [PR] Coronavirus Data for October 29, 2020  https://t.co/MS8bxnfzTY",0.13636363636363635,october30_october31
94,1.3220989872986235e+18,Corona CA Fri Oct 30th AM Forecast: TODAY Sunny Hi 86 TONIGHT Mostly Clear Lo 56,0.325,october30_october31
95,1.3221017047293542e+18,"It is GROSS outside today, but I still did it. #bluedowntheballot #bidenharris2020 #vote #voteearly #wearamask @ Brooklyn College https://t.co/25MdVWvH2l",-0.16875,october30_october31
96,1.322101707749294e+18,"Covid Halloween Pt 2 #2020Sucks 🎃 @ Whittier, California https://t.co/2WZD6nXfaa",0.0,october30_october31
97,1.322101724451119e+18,"When ur work bestie supports your crazy and helps you find some silly in these weird times - yes I made a mustache on my mask, cause Covid #carolbaskin #tigerking #teacherdressup @ DeLay Middle School https://t.co/2QBFx9GFQV",0.04545454545454545,october30_october31
98,1.3220335357929144e+18,"Before COVID-19 &amp; After COVID-19
#happyhalloween #halloween2020 #gains💪 #lostweightwhodis #thisis2020 #feelingskinny #rnylife @ Cabarrus County, North Carolina https://t.co/gijXdPrcQ5",0.0,october30_october31
99,1.3220363690704486e+18,"Still so many pumpkins in the fields.. Shopping for Mom and Dad done, heading to the farm. 
#stayhome #wearthemask 
#pumpkins @ North End https://t.co/O2HZr8A180",-0.16666666666666666,october30_october31
100,1.3220367881611387e+18,#sustainablefashion #sustainability #cleanair #covid19 @purge_virus #pennsylvania #naturephotography #photooftheday #queen follow me @renekrebs66 @ City Island (Pennsylvania) https://t.co/IwlIb82vAq,0.2380952380952381,october30_october31
101,1.322036895467991e+18,"I'm at @TheUPSStore in Corona, CA https://t.co/10qrpmANI7",0.12121212121212124,october30_october31
102,1.322036903940485e+18,Dang Halloween tomorrow 🎃👻🕸🍬🍂🍁 @ Quarantine Nola 2020 https://t.co/PGIUqtJlCM,0.05353535353535352,october30_october31
103,1.3220372627003515e+18,"Let’s make this ‘lockdown’ count...!!!        🧁🔞💨🍪 @ Pueblo, Colorado https://t.co/DkER4ZORI3",0.3333333333333333,october30_october31
104,1.32203915823215e+18,"Or 29 dollars cause I cracked my damn screen already 😭😭😭😂☕️☕️☕️☕️☕️😘🤦🏿‍♀️🤦🏿‍♀️
$princedshoped
I need more valium cause 😅🙏🏿yoga and vitamins and aromatherapy @ Quarantine Nola 2020 https://t.co/wffoKzRudD",0.18409090909090908,october30_october31
105,1.3220406676322263e+18,"Just landed back in the US after a work trip to Istanbul...let the quarantine begin. Does anyone have any good book or movie recommendations?
-
📷: @majorbazer @ Colorado https://t.co/EvzSlH7Tg6",-0.0840277777777778,october30_october31
106,1.3220414797753754e+18,#ｔｇｉｆ #spookyseason #fridaynight #bandnight #thewolfecreequeband #foodanddrinksspecials #wearamask #sanitize @ Barmacy Bar &amp; Grill https://t.co/Cr35DQVb1h,0.0,october30_october31
107,1.3220461969328906e+18,Kim Wilson Housing Offers COVID-19 Housing Assistance Funds  https://t.co/BnWuCcqvhN,-0.25,october30_october31
108,1.3220488450402304e+18,"Test 2 is negative so I’m going somewhere this weekend! Quarantine get outta here😷😷😷😷 @ Newark, New Jersey https://t.co/pG0ycvwWyj",0.023963594276094253,october30_october31
109,1.322049726200664e+18,"😡 JUST IN: Florida just reported its highest single day increase in COVID-19 cases since this summer, and the statewide case count surpassed 800,000. 😡 @ Apopka, Florida https://t.co/bbXV6bUgd4",0.4111111111111112,october30_october31
110,1.322053757027283e+18,"Work From Home 🏡
Make Your Own Hours ✅
All From Your Smartphone 📲
No Experience Needed Will Train You📚⠀

Want In? DM or Text me
“Agent” to 678-772-6802 @ Atlanta, Georgia https://t.co/uNUxnppzhg",-0.15,october30_october31
111,1.3220537583065416e+18,The PPEs...the anti-COVID Trio! @shadowhillswolves @boiseschools @everythingspossiblebsd @ Shadow Hills Elementary https://t.co/QxlyFk8e5C,0.11727272727272728,october30_october31
112,1.322053759480918e+18,"Get Your Hand Sanitizer Costume. Halloween Is Still Happening.: Sales of Halloween outfits and decorations have been surprisingly strong this year, with some seeing the holiday as a last hurrah before winter and the pandemic send people… https://t.co/cEZoj7rBfi (vía NYtimes) https://t.co/Cr7ag7CZ2t",0.0,october30_october31
113,1.3220537605798502e+18,"After 3.5 hours in the car line for drive-thru testing and.....Addi is COVID negative!! Yay! @ Palm Beach County, Florida https://t.co/7FqlMOdRLm",0.0,october30_october31
114,1.3220545116077752e+18,Our new hand sanitizer dispenser is up! #germfree #freestuff #handsanitizer #phoenixville #sscpr #shoensafety #washyourhands @ Shoen Safety &amp; Training https://t.co/q9Ry65sToC,0.2954545454545455,october30_october31
115,1.3220594199250084e+18,There are STILL people who haven’t received stimulus checks. Can anybody truthfully say they thought this administration would have a safe vaccine prepared for 100 million people by now? Hell no. https://t.co/XJGLSeGWFo,0.25,october30_october31
116,1.322059615870292e+18,"100K+ #Google searches 4 Blue moon 1h old https://t.co/SrH8fLClAQ https://t.co/sIkbcCUvzQ 
#UnitedStates 🌅 7:03 🌆 17:33 MDT
#Covid19
#UnitedStates 10/29/2020
New CS 86898 14DCSΔ +10.9%
New D 1034 14DDΔ +4.9% https://t.co/Xst55tmtlI",0.6,october30_october31
117,1.3220613150583726e+18,Tomorrow is #Halloween! Be sure to celebrate safely by following these #COVID19 guidelines at https://t.co/xQOlwwJ3qY. https://t.co/gaIjjUgOFo,0.0,october30_october31
118,1.3220627472034775e+18,Getting into the spirit of Halloween 🎃 #wearamask and drink Pinot 🍷 - Happy Friday from @joycewinecompany in the beautiful Carmel Valley Village! ☀️ @ Joyce Vineyards https://t.co/zmswhlIz02,0.0,october30_october31
119,1.322062815385936e+18,"Ohh la la!!!! My lil Fancy Nancy is ready for anything 😁🤣😍🥰
.
.
.
.
.
.
#halloween #halloween2020 #disney #welovedisney #2020 #disneycosplay #cosplay #fancynancy #fancy #fam #mymini #mackenziemonroe @ Corona, California https://t.co/wpxRrk5lmr",0.13636363636363635,october30_october31
120,1.3220629697616527e+18,"This is a family friend. She’s a nurse in Reno, Nevada. She regularly works the COVID-19 floor. Despite the danger to herself and her family, she goes to work. For her, I mask up. @ Reno, Nevada https://t.co/elSAcd0q9u",0.0,october30_october31
121,1.3220688568781988e+18,"Happening in Vallejo this Spooky Covid Halloween 🎃 🤪 💀 😳 #SocialDistancing in full effect my folks... Please be safe out there... @ Vallejo, California https://t.co/ak7MsgYFR9",0.06,october30_october31
122,1.322068860317528e+18,Just posted a photo @ Working from home with Coffy and Nala https://t.co/tRvB6KSxTN,0.0,october30_october31
123,1.322068862800597e+18,"Guess who won “Scariest Costume” as a Pandemic Zoom-bie? 
⠀
 #happyhalloween #zombie #halloween2020 #fridaymood @ Austin, Texas https://t.co/VdzaLc0xlg",-0.125,october30_october31
124,1.3220702377311478e+18,#Squatober PR 440 10/30/20 Pandemic COVID-19!! 34 years young!! @ Ohio University https://t.co/4YBe1ulvjx,0.13636363636363635,october30_october31
125,1.3220716882474516e+18,We Welcome Service Animals at Market! Please Leave Pets at Home! #serviceanimalfriendly #nopetsallowed #foodsafety #wearamask #staysafe @ Ann Arbor Farmers Market https://t.co/sQEpM1qEUf,0.0,october30_october31
126,1.322074275365507e+18,"The Gentleman @neyo has a lot to say about the pandemic, voting, performing and more tune in today 3:30 #neyo #vote #corona #music #performance #life @ WPGC 95.5 https://t.co/lLcNCwXKOG",0.1787878787878788,october30_october31
127,1.3220752624529613e+18,"2nd covid test of the week (@ UCLA Covel Grand Horizon Room in Los Angeles, CA) https://t.co/OexfNzxkCf",0.0,october30_october31
128,1.3220752795027005e+18,Just posted a photo @ Flushing Meadows - Corona Park https://t.co/y7WUWKaAVM,0.13636363636363635,october30_october31
129,1.3220766624779346e+18,"It’s Halloween weekend! Wolfe Creeque Band will be playing live tonight at Barmacy...
#ｔｇｉｆ #happyhalloween #bandnight #thewolfecreequeband #itstonight #foodanddrinksspecials #wearamask #cantwaittoseeyou https://t.co/DnNzGV2qpl",0.4,october30_october31
130,1.3220773470386872e+18,"And Covid, don’t forget Covid https://t.co/KQtPW1qesl",-1.0,october30_october31
131,1.3220782828090245e+18,"Just posted a photo @ Corona, California https://t.co/QWfIOIHJ97",0.26666666666666666,october30_october31
132,1.3220792676106486e+18,#01926016 | @remaxgold - 3rd time this year getting Top Producer in one of RE/MAX GOLD's highest producing offices. What pandemic? @ Josh Amolsch • Sacramento Area Real Estate https://t.co/TGDSsFi8eQ,0.4,october30_october31
133,1.3220797795170632e+18,"El Paso!!!!
Check this out!!! 
Please stay home!
#staysafe #stayhome #ElPaso @ El Paso, Texas https://t.co/IrQmm1rd2e",0.6333333333333334,october30_october31
134,1.3220835764945306e+18,"things I leave my apartment for during a global pandemic: walking my dog and VOTING. Please (and I cannot stress this enough) GO VOTE! @ Early Voting Center, Minneapolis, MN https://t.co/XnP9jvxum8",0.225,october30_october31
135,1.322083578000257e+18,It might be covid time but we can still wear our costumes to school for Halloween.  #halloween #fun #friday #lola #ladybug #celebrate #kidsneedmemories #traditions @ KFS School https://t.co/7n66r4gkam,0.06,october30_october31
136,1.3220855077073756e+18,"If ya don’t want swabs up your nose, wash your hands and wear a mask. #washyourhands #safesets #wearamask #socialdistance #bekindalways @ Hicksville, New York https://t.co/FsuFIxPBTP",-0.5000000000000001,october30_october31
137,1.3220856437958124e+18,"The best quarantine surprise.   Stuffed chicken sopapilla! 

#crazycorner #alamosa @ Crazy Corner Cafe https://t.co/JU5YWt94gq",0.0,october30_october31
138,1.3220858863103631e+18,"Apparently Covid-19 doesn’t exist here so no need to wear masks into stores. 🙄 (@ Exxon in Leeper, PA) https://t.co/QoW0u5us8Y",0.15681818181818186,october30_october31
139,1.322086936492839e+18,@univmiami 🙌🏽💚🧡 pharmacy department does Halloween covid-style! #90smovies #aliceinwonderland #halloween #pharmacy @ University of Miami Health System https://t.co/lo8WbTda4c,0.0,october30_october31
140,1.32208710082569e+18,A powerful statement in North Miami #wearyourmask #COVID19 #vote @ Veteran's Tribute Tower https://t.co/TkVtAPNj0k,-0.1,october30_october31
141,1.3220984010524467e+18,This quarantine weight got all pants feeling mighty tight. @ Inwood North https://t.co/rfyLufgXy4,0.0,october30_october31
142,1.3220989872986235e+18,Five Ways to Work Better From Home. https://t.co/DFsi7y5tOQ #coworking #remotework,0.325,october30_october31
143,1.3220989977844163e+18,"CUTENESS OVERLOAD!!! The Mok Family of Roslyn wins Halloween 2020! Kaitlyn 3, Brandon 8, Evelyn 6. Their mom made these costumes!!! 🎃👻#happyhalloween #pandemic #cute #sanitizeeverything #halloween2020 @ Roslyn, New York https://t.co/5r10lmiVdV",0.25,october30_october31
144,1.3221017036136899e+18,A little Covid music humor! @ McKeesport Area High School https://t.co/uUHwPPKTW7,0.03333333333333335,october30_october31
145,1.322101707749294e+18,"👻We are OPEN TONIGHT 7PM-11PM👻
Get Tickets Online: https://t.co/QiPNF8iaXN 
On-Site tickets are limited and will sell out. #BEPREPAREDTOBESCARED and remember to wear your PPE mask. https://t.co/R93FJqTSsK",0.0,october30_october31
146,1.322101724451119e+18,@impossible_foods Chili Double Cheese 🧀 Burger w/ Fried Onions. #gotlunch #eatlikeyoumeanit #wearamask😷 #vote2020 @ The New Oxford Canteen https://t.co/bimBrMPd3l,0.04545454545454545,october30_october31
147,1.32210197625199e+18,"Just because we are working doesn’t mean we can’t have social distancing and fun! 
Happy Halloween 👻 🎃 #vegasbornres #virtual #homesforsale #halloween @ Town Square Las Vegas https://t.co/Ablc8NIesg",-0.042857142857142864,october30_october31
148,1.3220331996529009e+18,"AP:  Montana reports record 1,063 new COVID cases, 27 more deaths https://t.co/HR7n4NZdmX",0.0,october30_october31
149,1.3220354000015974e+18,"Latest update from #WHO
#COVID19 @ Long Beach, California https://t.co/XBUeCQwYrS",0.35,october30_october31
150,1.3220367881611387e+18,"Visible Greek Orthodox elements on this planetarium building.
(Looking eerily deserted; currently closed during this pandemic.) @ Rosicrucian Egyptian Museum https://t.co/MX4rTm9Sew",0.2380952380952381,october30_october31
151,1.3220372627003515e+18,How @wbaltv11 #news anchor @wbaldeborah said farewell to longtime director Gene Long who’s retiring after more than 4 decades #wbaltv11 #covid_19 #safety #protocol @ WBAL-TV 11 Baltimore https://t.co/0naouVsuGC,0.3333333333333333,october30_october31
152,1.322038778450518e+18,"#wearamask #vote #bidenharris2020 #lorangebleue #couture #weave #ribbon #nyc #mask by @stuartvision @ New York, New York https://t.co/F9moWC9iwH",0.0,october30_october31
153,1.322038783034884e+18,"#gooutandvote 💙💙💙 Lets get the 🤡 OUT!!! #earlyvoting #useyourvoice Let’s get out of this #pandemic LISTENING to #Scientists !!!!! #BidenHarris2020 @ New York, New York https://t.co/PiQSLjhOm2",0.12424242424242425,october30_october31
154,1.3220389036546744e+18,Halloween is a little different this year #workfromhomehalloween #iwasrunning #ithinkIllgohomenow #halloween #covid #2020fun @ Sherman Oaks https://t.co/pJqupwueKm,0.40625,october30_october31
155,1.32203915823215e+18,10/30/20 Fri: Arguing with Black Intellectuals; Vaccine Discussion  https://t.co/y8ClCEevzd,0.18409090909090908,october30_october31
156,1.3220406676322263e+18,"Our Covid Tree is filling up. Grab one of these bad boys, a few yards of TP and decorate your 2020 Covid Tree 😂 #shopsaline #covid2020 #rpsholiday2020 #ornaments #maskup #tpshortage @ Rock Paper Scissors https://t.co/rZJwlmkNFO",-0.0840277777777778,october30_october31
157,1.3220414797753754e+18,Pandemic ad copy is fuckin’ wild. https://t.co/GEk7ck8JUf,0.0,october30_october31
158,1.3220461969328906e+18,"Snuggles after finishing self-isolation thanks to a negative Covid test! #AugustineThomas #NotSoLittleSquishie @ Charleston, West Virginia https://t.co/gHGGuZBBRH",-0.25,october30_october31
159,1.3220488378512425e+18,It’s not the same as pre Covid-19 but it is still one of the most generous multi vendor premium cigar event of South Florida. @ Sabor Havana Cigars https://t.co/7Qb30QTeJ9,0.0,october30_october31
160,1.322049726200664e+18,"Had the opportunity to stop by the #metropolitanmuseumofart after a showing today.  First time since before lockdown. Nice to be back. @metmuseum #NYC @ The Metropolitan Museum of Art, New York https://t.co/8qD5ffK19k",0.4111111111111112,october30_october31
161,1.322053755727065e+18,"“Work from Home” or Zoom Meeting” for Halloween at the office. @ Rickhoff &amp; Associates, Ltd https://t.co/ZZ7jWy79ej",0.2,october30_october31
162,1.322053759480918e+18,Settling Into My New Apartment + Working From Home! 👩🏾‍💻🏡  https://t.co/LGfCjSHRoe,0.0,october30_october31
163,1.3220537605798502e+18,"tomorrow morning... #singinformysupper at the @blairstownfarmersmarket ! #bundleup and join me! 
#livemusic #localmusic #songwriter #farmersmarket #bfm #njfresh #njmusic #nofarmsnofood #wearamask https://t.co/2OfaYWTMk8",0.0,october30_october31
164,1.3220541381175173e+18,:: this is a pre-halloween pretty please wear a mask request. #thankyou. #loveyou. 🖤. #xo #tobitalks #gratitude #positivevibes #warrior #wearamask @ Pretty Mama https://t.co/pm3S3msWXW,0.0,october30_october31
165,1.3220545116077752e+18,"Don’t roast me too hard y’all! Lol When you club at home so you don’t catch covid (old-ish) #tiktok #clubquarantine #funny #lameornah #pandemicprobs #dontjudgeme #neatbyqmoney 🥴🤣😳😅 @ Houston, Texas https://t.co/A5GcT4UCpP",0.2954545454545455,october30_october31
166,1.3220592942385152e+18,"Instagram vs Real Life 😂
Don’t forget to blend those quarantine double chins ladies. (Also, don’t mind the terrifying Monster Truck mug 🤣) @ Millwood, New York https://t.co/6CvfAIfpUO",0.4125,october30_october31
167,1.3220594199250084e+18,"I love Halloween.  For the sake of public health, Halloween season should be extended until january!

.
.
.
.
.
#halloween #mask #wearthedamnmask #wearamask #halloween2020 #utah #slc #covid_19 #covi̇d19 https://t.co/qyUg9brdWn",0.25,october30_october31
168,1.3220601798574162e+18,"COVID can’t stop the music! October 2nd @rivercityextreme Monticello, MN! #teamdrink !!

#deuceswild #duelingpianos #piano #acousticguitar #harmonica #saxophone #entertainment #musiccomedy #bestshowever #fridaynight https://t.co/yxAIHvOvdQ",0.0,october30_october31
169,1.3220613150583726e+18,"20K+ #Google searches 4 Lori Loughlin 1h old https://t.co/Ly2rkFined https://t.co/0EI4cbYMId 
#California 🌅 7:20 🌆 18:03 PDT
#Covid19
#California 10/28/2020
New CS 4515 14DCSΔ +5.9%
New D 75 14DDΔ +4.3% https://t.co/smJ6l54JO7",0.0,october30_october31
170,1.3220627472034775e+18,Respect the black cat🎃 @ Quarantine Nola 2020 https://t.co/GEYoslz69D,0.0,october30_october31
171,1.3220629697616527e+18,FREE COVID-19 testing and Food Distribution... Saturday 8:00 am - 4:00 pm at Cullen MBC. Hosted by Congressman @repalgreen #TX09 @ Cullen MBC https://t.co/umT3XWE5WF,0.0,october30_october31
172,1.3220684551437107e+18,"20K+ #Google searches 4 Tiger King 1h old https://t.co/qg1q3QS6i1 https://t.co/KMBR0hiZSd 
#Chicago 🌅 7:21 🌆 17:47 CDT
#Covid19
#CookCounty 10/28/2020
New CS 2276 14DCSΔ +13.9%
New D 11 14DDΔ +2.2% https://t.co/jIQvUWKVda",0.225,october30_october31
173,1.322068860317528e+18,Work From Home Tips to Keep Your Skin Glowing   https://t.co/WXZspH0sq6,0.0,october30_october31
174,1.3220702377311478e+18,"Reposted from @conservative_mela 

*********Very informative for all sheep, and everyone pushing the fake #covid_19 &amp; #coronavirus agenda .. #plandemic
Anne M. Johnson @ Mulberry, Florida https://t.co/N37bWlAonB",0.13636363636363635,october30_october31
175,1.322071899615146e+18,"Trunk-or-Treat keeping tradition and festive celebration alive even during a pandemic. 
.
.
.
#trunkortreat Halloween #fall #celebrate #tradition #showcaseschool @ Renton Prep https://t.co/fWuFBSmJQh",-0.14250000000000002,october30_october31
176,1.3220752795027005e+18,COVID-19 update @ Tri-Technologies https://t.co/d7Odkrfbpz,0.13636363636363635,october30_october31
177,1.3220758416402063e+18,"If you want to keep social distancing even in a public place, this is a good idea😂🤣🤣🤣 @ Aldaco's https://t.co/ljDch0QF6d",0.10666666666666666,october30_october31
178,1.3220766624779346e+18,These people are fucking insane. https://t.co/4zBbyai7fF,0.4,october30_october31
179,1.3220773470386872e+18,"#CobraCommander commands:

1. Wear a mask
2. Defeat #GIJoe
3. #Vote for @joebiden 
4. Everyday is #Halloween @ Toluca Lake, California https://t.co/83V6Bc57qP",-1.0,october30_october31
180,1.3220782828090245e+18,social distancing @ Piedmont Park https://t.co/0cQ49PT3T7,0.26666666666666666,october30_october31
181,1.3220792676106486e+18,"Wisconsin's Fox Valley Is Key to Presidential Election: Many of Wisconsin’s swing voters live in and south of Green Bay, a region of old mill towns and farms burning with coronavirus infections and personality-driven politics. https://t.co/uNUizFgakr (vía NYtimes) https://t.co/tGyLkDRDzc",0.4,october30_october31
182,1.3220800045330678e+18,MY WORK FROM HOME ROUTINE! 👩🏾‍💻 Productive Day in My Life  https://t.co/ZiQIBLAkDn,0.21212121212121213,october30_october31
183,1.3220817015273923e+18,"Observations  in Doral.

Masks are present since I'm here at a time of up trending covid cases. But 10% of the people are wearing masks for the sake as in masks are bot covering their nose completely. 

#miami2020",0.12727272727272726,october30_october31
184,1.3220817051974042e+18,"One thing that we can't forget to do during these covid times is smile. Don't forget you are beautiful and wanted. Love you all. @ Charlotte, North Carolina https://t.co/rKOW8yKQ09",0.17012987012987013,october30_october31
185,1.3220835764945306e+18,"Check out this amazing submission for the @WeAreReachOut Masks are Medicine PSA Contest!
.
If a Six-year old can do it, YOU can do it too!
. 
#stopthespread #covid19recovery #masksaremedicine #wearamask #artcontest #wearereachout #washyourhands #6feetapart https://t.co/cOLNDBH7jn",0.225,october30_october31
186,1.322083578000257e+18,"COVID-19 update @ Westchester County, New York https://t.co/o2nCyKoG6j",0.06,october30_october31
187,1.322083579178877e+18,Dental exam/cleaning appointment on a Friday afternoon in the middle of a pandemic. Medical readiness waits for no one..... @ 18th Field Artillery Brigade https://t.co/aBh9oWZYoE,-0.03333333333333334,october30_october31
188,1.3220841346306294e+18,"See our latest Santa Clarita, CA job and click to apply: Computer Science Adjunct Instructor Applicant Pool - https://t.co/bMchkrpN0l #LACounty #StayHome",0.0,october30_october31
189,1.3220855077073756e+18,"GO VOTE 🗳 Voted Early 💪

#vote2020 #votehimout2020 #votehimout #latinasforblacklivesmatter #dontbeadick #wearamask #batman #2020 #nyc #gotham #wearamasksavelives @ Brooklyn, New York https://t.co/HQx8snv6fy",-0.5000000000000001,october30_october31
190,1.3220856437958124e+18,COVID-19 Test Results: NEGATIVE!!! Thank you for randomly selecting me for the @unlincoln Mitigation Testing. #UNL #socialdistancing #covid_19 #wearamask #peaceofmind @ University of Nebraska-Lincoln https://t.co/Mx0EqE2Rn1,0.0,october30_october31
191,1.3220858863103631e+18,"50K+ #Google searches 4 Monster Mash 1h old https://t.co/mQVEXuh5oO https://t.co/zFbpKyATCe 
#Boston 🌅 7:15 🌆 17:39 EDT
#Covid19
#SuffolkCounty 10/28/2020
New CS 160 14DCSΔ +8.2%
New D 2 14DDΔ +1.7% https://t.co/QKUCOzi0x2",0.15681818181818186,october30_october31
192,1.32208710082569e+18,"Lost face

#covid_19 
#mask @downtowngj @ Downtown Grand Junction https://t.co/FkUpjO4NO8",-0.1,october30_october31
193,1.3220973826291098e+18,"#champion #battery #delivery and #inspiration call us. We come to you. #westlosangeles #ca #localbusinesses #minorityownedbusiness #covid_19 #essentialworkers @ Culver City, California https://t.co/5kmhPI3Y5T",0.13636363636363635,october30_october31
194,1.3220977742094991e+18,"100K+ #Google searches 4 Halloween 2020 5h old https://t.co/yR2eE5GwDl https://t.co/0EVq7PDECV 
#Kentucky 🌅 8:05 🌆 18:44 EDT
#Covid19
#Kentucky 10/29/2020
New CS 1811 14DCSΔ +20.8%
New D 19 14DDΔ +12.4% https://t.co/nR0RJFawzT",-0.1875,october30_october31
195,1.3220984010524467e+18,"F—k COVID-19. The pandemic claims another victim in Portland. Even when things return to “normal,” Portland will be anything but. 😳😢 @ Portland, Oregon https://t.co/40xMNdkssJ",0.0,october30_october31
196,1.3220989872986235e+18,Cristiano Ronaldo Released From Quarantine After Negative COVID test https://t.co/Hmg6ugRm90 (vía TMZ),0.325,october30_october31
197,1.3220989977844163e+18,"Music to our ears 😍 Snowmaking is officially under way in prep for Opening Day! #Breck #EpicTogether

Private SUV up to 7 PAX ideal for short trips in Colorado or  #stayhome
•
•
•
•
•
In our park you will find only private:
🚙 LUXURY SMALL SUV… https://t.co/MSu1PlKVvf https://t.co/kU31lCBwQo",0.25,october30_october31
198,1.322100322270126e+18,"#haystackrock #cannonbeach #oregon #pacific #pacificnorthwest #socialdistancing #roadtrip #2020 @ Cannon Beach, Oregon https://t.co/HRtQlWuksl",-0.025,october30_october31
199,1.3221017036136899e+18,#hhn2020 #covid_19 #edition @ Halloween Horror Nights - Universal Orlando https://t.co/tHN0dinhbj,0.03333333333333335,october30_october31
200,1.3221017047293542e+18,"Whats scarier? Freddy Kruger? Covid-19 ? Freddy Kruger with the rona ? 

Happy Halloween 🎃👻🕷🕸
.
.
.
.
.
#happyhalloween #halloween #halloween2020 #covid19 #coronamemes #coronavirus #2020 #freddykrueger #portlandtexas https://t.co/3er2d7IsRS",-0.16875,october30_october31
201,1.32210197625199e+18,Corona NY Fri Oct 30th PM Forecast: TONIGHT Partly Cloudy Lo 31 SATURDAY Sunny Hi 41,-0.042857142857142864,october30_october31
202,1.3221078280399872e+18,"TAHOE!  TGIF at The Loft with two shows, Magic Fusion for all-ages at 7PM, and Magic After Dark for adults 18+ at 9PM.  Social distancing and contact-free tickets.  Get your tickets at https://t.co/ig5vQgnud0 @ The Loft Tahoe https://t.co/rEh8OqBrho",0.0,october30_october31
203,1.3221084426858783e+18,"ANOTHER GAPPY CUSTOMER !!
@the_lot_auto_sales_ #thelotautosales #fordexpedition #fordtrucks #webuycars #carsforsale #morenovalley #sanbernardino #inlandempire #corona #210 #911 #405 @ The lot auto Sales https://t.co/8BXyaLVgES",0.3583333333333333,october30_october31
204,1.3220319845463204e+18,"Happy birthday, 🎂🎁🎊🎈🎉 mother @eagles_wings15 !!! Xoxox we love you so much. Be as beautiful as you are forever!!!#birthday #mothers #mom #mothersbirthday @ Corona, California https://t.co/AUvT53nvxb",0.0,october30_october31
205,1.3220331996529009e+18,"@universoulcircus getting back in shape! It has been too long. She is coming together! Come join us! (while PRACTICING SAFE social, apologies SOULCIAL DISTANCING!) #universoulcircus #usoulcircus #socialdistancing https://t.co/uJRfKhQPpZ",0.0,october30_october31
206,1.3220335357929144e+18,"2nd place i went, they said they had n instructor for newcomers.  but sadly 

1. place was crowded as hell.
2. owners and 99% of customers didnt know how to wear a mask.

I noticed the diff. and decoded i shouldnt touch anything they have.

GOT THE FUCK OUT of there.
#miami2020",0.0,october30_october31
207,1.3220367881611387e+18,"ALL DAY WORK DAZE
• from working in my childhood home to working @ my adult home #Studio91 @ Studio91 https://t.co/l66BzWwRir",0.2380952380952381,october30_october31
208,1.322036895467991e+18,"#Covid-19 #Halloween at #mauchchunk @ South Whitehall Twp, PA https://t.co/Dse0jmFPkz",0.12121212121212124,october30_october31
209,1.3220372627003515e+18,When you have been #SocialDistancing for too long &amp; need #trickortreating like a mofo 🤣😅😂 #HalloweenAtHome  #SafetyFirst #Halloween2020  @thesimpsons @spirithalloween @hankazaria https://t.co/FFWswr8Hbp,0.3333333333333333,october30_october31
210,1.3220373291214152e+18,"After a Summer of Racial Reckoning, Race Is on the Ballot: The coronavirus and battered economy are focal points in national campaigns. But in many local elections, systemic racism and police reform have emerged as dominant themes. https://t.co/k6tn77E9jG (vía NYtimes) https://t.co/CnhBo0xNnM",0.475,october30_october31
211,1.322038778450518e+18,"Advertisers Flock to Election Night, When Live TV Is the Main Event Again: In a media environment dominated by streaming and battered by the pandemic, companies see a rare opportunity to catch a huge audience all at once. https://t.co/XNOVFrVzb9 (vía NYtimes) https://t.co/OAoO5tSLIz",0.0,october30_october31
212,1.322038780686033e+18,Are you ready for Halloween? 🎃 What are you wearing at home this year?        (Photo take pre COVID) Spanish vibes anyone? @ Halloweentown https://t.co/RjAHfic2t6,0.2777777777777778,october30_october31
213,1.322038783034884e+18,"Getting stares while enjoying my El Bandito coffee @animas_chocolate . You'd think people had never seen a person wear a mask before. @ Durango, Colorado https://t.co/Tb4JrwJGe9",0.12424242424242425,october30_october31
214,1.3220387994095165e+18,"Nightmare Louise, Quarantine Halloween 2020 🐰💕 Face mask from @thecuddlecult, Louise ears and dress from @amazon #QuarantineHalloween @ Las Vegas, Nevada https://t.co/vX0tuxYqen",0.0,october30_october31
215,1.3220391332426138e+18,"Social distancing. 523/... - Drinking a Grim's Pumpkin Souls by @AnderbyBrewing @ Dunwoody, GA  — https://t.co/JPwiVdGzBT",0.25,october30_october31
216,1.32203915823215e+18,"Don’t let Covid keep you from celebrating Halloween, come celebrate with us! Tomorrow we are having our Hoop n’ Treat event from 10AM - 2PM give us a visit for candy, cupcakes, fun, and more! @ Fayetteville, Georgia https://t.co/LGJUaMkUTY",0.18409090909090908,october30_october31
217,1.3220406676322263e+18,"It’s true that a pandemic and a tropical storm tried to prevent us from being 3x champions of the workplace costume contest..but alas we prevail! RTiger King!! We work. We Halloween, we win. it’s what we do! https://t.co/3B9v54DK4a",-0.0840277777777778,october30_october31
218,1.3220414797753754e+18,Corona CA Fri Oct 30th PM Forecast: TONIGHT Mostly Clear Lo 49 SATURDAY Mostly Sunny Hi 88,0.0,october30_october31
219,1.3220427767883407e+18,"Make sure your job is abiding by the new rules. Please be safe! Covid19 is real and it kils. #CoronaVirus #NewJersey @ Roselle, New Jersey https://t.co/Lh4UppTVWa",0.101010101010101,october30_october31
220,1.3220461969328906e+18,"Quarantine cute✨ @ College Park, Maryland https://t.co/JOIN7EfvhZ",-0.25,october30_october31
221,1.3220488450402304e+18,"Holiday Cocktails last December at Rosie's, a pre-COVID delite @ Rosie McCaffrey's Irish Restaurant and Pub https://t.co/k238rbJ8iU",0.023963594276094253,october30_october31
222,1.322049726200664e+18,"Nice to see Ringo playing it Covid-safe @traderjoes Except for the giant scary black spider! Happy Safe Halloween! @ Trader Joe's-Encinitas,CA https://t.co/MoghM9puL4",0.4111111111111112,october30_october31
223,1.3220536810811884e+18,Drinking a Corona Extra by @GrupoModelo_MX @ Fat Burrito — https://t.co/9N3gGulN1N,0.125,october30_october31
224,1.322053757027283e+18,My office for the evening! Tonight it’s Amityville! 😳👀👻👻 But I’ve got the music on terror!! 💯🎶🎵🎶 #Halloween #driveinmovie #dj #Djs #Djlife #covid_19 #socialdistancing #seratodj #DJCliQ #ImyourDj @ Harley's Simi Bowl https://t.co/1rZIR6ZHlm,-0.15,october30_october31
225,1.3220541381175173e+18,"COVID has turned him into daddy’s little boy and he hates himself for loving me 😂🤣😂 @ River City Commons, Sacramento, California https://t.co/CTvKs4ETq4",0.0,october30_october31
226,1.3220545116077752e+18,"Coronavirus Briefing: What Happened Today: The U.S. recorded more than 500,000 new cases and counted its nine millionth case. https://t.co/gpiAemAzCV (vía NYtimes) https://t.co/rGSPgCWDVJ",0.2954545454545455,october30_october31
227,1.322058240717394e+18,California Governor Signs New COVID-19 Workers’ Comp Laws  https://t.co/VAJlUFVZVJ,0.052083333333333336,october30_october31
228,1.322059615870292e+18,"Excited about my new Girl Scout patch! Thanks @girlscoutswpa #wearamask #washyourhands @ Scarborough, Maine https://t.co/7uBILrFWsZ",0.6,october30_october31
229,1.3220601798574162e+18,"Soaking up every moment with Teddy as my work from home buddy... @tedderstravels ♥️🐶 #tedders #WFHlife @ San Diego, California https://t.co/R0Lbt2sBYP",0.0,october30_october31
230,1.3220613150583726e+18,"Coronavirus, Migrant Children, November Books: Your Friday Evening Briefing: Here’s what you need to know at the end of the day. https://t.co/aDdVaMTYWj (vía NYtimes) https://t.co/B9nNtBKxpi",0.0,october30_october31
231,1.322062815385936e+18,"Between the pandemic and a baby, it has been hard getting out for much fun. We finally went #hiking and visited this beautiful state park in Georgia. #georgiaonmymind #canyon #naturelover @ Providence Canyon State Park https://t.co/gpCKg6u4Cp",0.13636363636363635,october30_october31
232,1.3220629697616527e+18,"Give ‘em pumpkin to talk about...
WEAR A DAMN MASK!!
🎃
#pumpkin #jackolantern #wearadamnmask #halloween #mask @ Chicago, Illinois https://t.co/pc5eyXSpsC",0.0,october30_october31
233,1.322068860317528e+18,"68 degrees following Las Cruces flirtation with snow in the backyard with “the boys” and my pandemic hairstyle. @ Las Cruces, New Mexico https://t.co/AAuVQB5lPy",0.0,october30_october31
234,1.322068862800597e+18,Even the Final Order insists you #wearamask #starwars @ US Federal Courthouse https://t.co/rPfiC7c9my,-0.125,october30_october31
235,1.3220702377311478e+18,"The City of Springfield does not designate a time or rules for trick or treating, except that the City’s regular curfew ordinance for minors remains in effect. Citizens are encouraged to follow CDC guidelines &amp; practice social distancing. 🎃 https://t.co/X2xb7BSKZN",0.13636363636363635,october30_october31
236,1.322071899615146e+18,"Stay safe Trick-or-Treating this Halloween: https://t.co/cyOedOLoYP

#halloweensafetytips #halloween2020 #halloween #candy #safekids #gillettewy #gillettewyoming #trickortreat #trickortreating #cchealth #healthcare #covid19 https://t.co/cRLB3eic3P",-0.14250000000000002,october30_october31
237,1.322074275365507e+18,"🐱🎃
Getting ready for tomorrow, hand sanitizer and all! 
•
•
•
•
•
#halloween #halloween2020 @ The East Side of Providence https://t.co/Gy9I5oeohD",0.1787878787878788,october30_october31
238,1.3220782828090245e+18,WTF doctors make more money if a patient dies.  Trump wtf is wrong with you. Honestly your ass DIDNT have Covid.,0.26666666666666666,october30_october31
239,1.3220800045330678e+18,"Wear a mask . . . #happyhalloween #halloweenpumpkin #countryclubpumpkins #yourfinancialadvisor #shouldnotbescary #🤣 @ Atlanta, Georgia https://t.co/Rm7zSS691H",0.21212121212121213,october30_october31
240,1.3220806253907354e+18,Bring on COVID Halloween 2020! @ Maxwell House https://t.co/RApTSiYOYN,0.33,october30_october31
241,1.3220817051974042e+18,"When life hands you COVID, make as many kid play areas as possible. @ East Tosa https://t.co/VinWWlzQBu",0.17012987012987013,october30_october31
242,1.322083578000257e+18,Over/Under 50% Covid spike in Baltimore City next week. https://t.co/MbzN7ycnk8,0.06,october30_october31
243,1.3220841346306294e+18,"Hey Guys if haven’t been able to make it to ArtWalk this is the last weekend to do so. Come on thru, we’d Love to see you! (Social distancing is in effect)❤️ #Strafe #strafedesigns  #alwayslove #artsgowanusonatlantic https://t.co/IMK2PrQyGB",0.0,october30_october31
244,1.3220855077073756e+18,Pumpkin patch with the cousins last week was a blast! Even with and lots of hand sanitizer... @ Pronzini Pumpkin Patch https://t.co/SDfBPxb48H,-0.5000000000000001,october30_october31
245,1.3220856437958124e+18,They wore #covid masks 😷 Took off for photo.  They stayed apart for the most part!  #halloween festivals have #kicked off!  #alohafriday #marshmello our @joey_s_1975 wanted to be!  #aloha from #pdx @ Montavilla https://t.co/YZfnikR5tL,0.0,october30_october31
246,1.322086599505576e+18,Who’s getting ready! We are see y’all at 11am for pumpkin painting! This is a closed event to keep everyone safe and no issues of social distancing. @ The Barking Pig- The Heights https://t.co/ql3r0by46g,0.2,october30_october31
247,1.322086936492839e+18,"Important news for all...

Household spread of Covid-19 is common and quick, CDC study finds - CNN - https://t.co/MPlWKn1Abd",0.0,october30_october31
248,1.32208710082569e+18,Why the pandemic caused a partisan job gap https://t.co/luwR7NPhl8 https://t.co/4AlH6vXeKN,-0.1,october30_october31
249,1.32208811482377e+18,So Vic went out today for her nans birthday and I get home home from work and I’m like yo you look hard and then I thought a little harder why .....this is why @ Rock Village https://t.co/W2LxE4syNZ,0.0,october30_october31
250,1.3220934392158986e+18,GRUMPY TRUMPY EVERY STATE YOUR IN THE COVID CASES RISE.  SOOO STOP RALLYING.  YOUR SLUT WIFE NEEDS TO LEARN TO SPEAK ENGLISH.,0.4,october30_october31
251,1.322096371550298e+18,"COVID-19 means outdoor dance recitals. Super proud of my Wonder Woman, @nixxtixx @ Academy for the Performing Arts https://t.co/XpvWZAY0at",0.03333333333333333,october30_october31
252,1.3220989872986235e+18,"Working from home since March 27...
How it’s started vs how it’s going. 😜                   (Happy Halloween!!! 🎃) @ Lino Lakes, Minnesota https://t.co/A0sZJr8jzm",0.325,october30_october31
253,1.322100322270126e+18,So glad to be back at @equinox #socialdistancing #maskup #stayfitdontquit @ Equinox Berkeley https://t.co/5MJD5Vs8AD,-0.025,october30_october31
254,1.3221017036136899e+18,"This is our celebratory new job for Sandy and one year of graduate school completed for Michael date! Delicious food, COVID safe, and the best server—Anne! This is bliss. 🥰 @ Caspian Cafe Mediterranean Bistro &amp; Bar https://t.co/5swzLYhuWI",0.03333333333333335,october30_october31
255,1.3221017047293542e+18,Covid dates are weird.  #belle #bmore #totsTotsTotsTotsTotsTots @ Golden West Cafe https://t.co/DZHqejBMX4,-0.16875,october30_october31
256,1.322101707749294e+18,"Just a man holding his Corona. Rocco doesn’t know what to do with us. #halloween #halloweencostume #ladybug #hazmat #hazmatsuit @ Shawnee, Kansas https://t.co/UBOR9YoA8o",0.0,october30_october31
257,1.32210197625199e+18,First day of early voting! 🇺🇸 Have a great weekend everyone! 😎 Get our there and vote 👍 @ Corona del Mar Tide Pools https://t.co/aUoafff7P5,-0.042857142857142864,october30_october31
258,1.3221042231783793e+18,Halloween outdoor movie night.  Our first time doing anything since lockdown.  There are only five other people here in our huge pool area!  #halloween #movienight #staying safe @ Legacy at Meridian Apartment Community https://t.co/XMkf7GVLEN,0.2,october30_october31
259,1.3221084426858783e+18,"Ready for the neighborhood doggies to trick or treat. I’ll throw, they can fetch. Covid friendly! @ Mountain View, California https://t.co/NUHiFNCOCi",0.3583333333333333,october30_october31
260,1.3221120736404111e+18,Georgia Autographs gift cards are available at https://t.co/xJdEPT2xtN! Great gift idea for that fan in your life. #holidays #holidayseason #covid_19 #covid #quarantine #onlineshop #onlineshopping #shoplocal #autographs https://t.co/E8T0JYeMnE,0.0,october30_october31
261,1.3220319845463204e+18,🤪 #GuitarPedalShoppe #PlymouthMA #Covid19 #2020 #YokoOno @ Guitar Pedal Shoppe https://t.co/kX0iSKQkm2,0.0,october30_october31
262,1.3220331996529009e+18,"#covid19 #coronavirus positivity rates double for #madisoncountyil exceeding the rate of new testing @ Madison County, Illinois https://t.co/NZ35gRFsfc",0.0,october30_october31
263,1.3220335357929144e+18,I wanna see the numbers after Halloween weekend. https://t.co/oU5KtD8slj,0.0,october30_october31
264,1.3220354000015974e+18,"Another work week in the books. Get out and ride this weekend...we'll keep you clean. 
.
.
.
#MoleculeFamily #getoutandride #motolife #HandSanitizer #sunset #KeepItClean @ San Clemente, California https://t.co/qnXvnNe4ny",0.35,october30_october31
265,1.3220363690704486e+18,"Be a good human. Look out for others.
We are in the midst of a pandemic.
Wear a mask. Social distance. 
Do the right thing. @ O'Fallon, Illinois https://t.co/UY9ffULXhU",-0.16666666666666666,october30_october31
266,1.3220367881611387e+18,"Notice that carpet style?!?! That’s right, I’m at a movie theater for the first time post Covid!!! I’m so happy. (Watching 1982 Poltergeist) @ AMC Movie Theatres https://t.co/vC7ZINDMsw",0.2380952380952381,october30_october31
267,1.322036895467991e+18,"Do Dunkin’ and Arby’s Go Together? Private Equity Group Bets $11 Billion They Do: Inspire Brands, backed by Roark Capital, is assembling a portfolio of quick-service restaurant chains it thinks will withstand the pandemic. https://t.co/Rtx96mltF8 (vía NYtimes) https://t.co/4lBdN1Z2jO",0.12121212121212124,october30_october31
268,1.322038778450518e+18,Closure on #SouthernStateParkway WB at Exit 15 - North Corona Avenue https://t.co/voEZC6uR8B,0.0,october30_october31
269,1.3220387994095165e+18,"Social distancing. 525/... - Drinking a Dr. Lupulin 3x by @revisionbrewing @ Dunwoody, GA  — https://t.co/D7jhsBzDE0",0.0,october30_october31
270,1.3220391332426138e+18,*flicks lighter* *pauses 4 seconds* 🗣”FIE UP DA BACKWOOD!!!” https://t.co/TYdiNGfVdC,0.25,october30_october31
271,1.3220414797753754e+18,"Pick up your PPE at 
Street Chic Mobile Boutique! 12-5pm Saturday &amp; Sunday.
.
.
.
#shopsmall #fashiondiaries #streetchicmb #masks #handcrafted @ Street Chic Mobile Boutique https://t.co/dugKkQObSn",0.0,october30_october31
272,1.3220461969328906e+18,"How I know I’m a little drunk... I just spent 60$ on hand sanitizer lol.  #stayclean #lol #drunks #whatever @ Louisville, Colorado https://t.co/T8cjhzjlne",-0.25,october30_october31
273,1.3220488450402304e+18,"Enjoy this totally unstaged, totally unplanned, casual candid shot of me that my dog some how managed to catch while we were at the beach this week. Gosh, he's learned so many great skills this 7 months of Quarantine 🤩 https://t.co/FMWeYRbfdX",0.023963594276094253,october30_october31
274,1.3220536810811884e+18,"COVID-19 update @ New York, New York https://t.co/mYtVqzm10d",0.125,october30_october31
275,1.322053755727065e+18,"Social distancing. 523/... - Drinking a Big Ocean Energy by Flying Machine Brewing Company @ Dunwoody, GA  — https://t.co/t3mgYraLN7",0.2,october30_october31
276,1.322053757027283e+18,"#truelove in the face of the #pandemic #beautiful #bestfriends #forever #adoptdontshop #rescuedog #rescuedismyfavoritebreed #rescuedogsofinstagram @ Albuquerque, New Mexico https://t.co/7PZjMVg6dv",-0.15,october30_october31
277,1.322053759480918e+18,About to go in on this beat!!! #faderfriday #BlackRoseMuzik #ipad #studioone5 #akaimpkmini2 #rapper #producer #beatmaker #election2020 #vote2020 #quarantine #fuckcovid19 #216 #727 #stpetersburgflorida #clevelandohio https://t.co/zO44Ea6O0C,0.0,october30_october31
278,1.3220537605798502e+18,COVID-19 update @ Gristedes Supermarkets #059 https://t.co/nsCVSkb71U,0.0,october30_october31
279,1.3220541358652457e+18,"So after being released today from having COVID, I opted not to go on The Pumpkin Train in Heber but Tammy took Axel and his cousin Rev.   They had a spooktacular time!  🎃  #gohebervalley #inutah #utah #halloween https://t.co/1QoeFKQou3",0.3333333333333333,october30_october31
280,1.3220545116077752e+18,"Jeez @MayorOfLA, taking tone-deaf lessons from @KimKardashian are we now? This is like some satire of bad faith. https://t.co/BA3ZfRdMsd",0.2954545454545455,october30_october31
281,1.322058240717394e+18,"My life is literally me in a computer chair, no makeup, no bra, just headphones in looking ugly #workfromhome #tired #lazy @ Chicago, Illinois https://t.co/ISu5dBWPrT",0.052083333333333336,october30_october31
282,1.3220592392176353e+18,"With my person in my happy place. Hurry up COVID vaccine! I want to marry her already.  💙😘

#sappy #fiancees #sorrynotsorry #oregoncoast #lesbians @ Newport, Oregon https://t.co/RbVg4wRa56",-0.225,october30_october31
283,1.3220592942385152e+18,Liem warming up in her brand new @lse.shirettes letter jacket for the High School Football Playoffs: LSE vs. Columbus. #socialdistancing #covid_19 #wearamask #goknights @ Seacrest Field https://t.co/MIyD8CwSSp,0.4125,october30_october31
284,1.3220594199250084e+18,@TheBloominBella I’ve gained 27 lbs since the COVID i got soccer nigga legs again,0.25,october30_october31
285,1.3220601798574162e+18,"@Politisourceful I guess the street rioters were COVID immune. Yep, locusts are COVID immune.",0.0,october30_october31
286,1.3220613150583726e+18,"Hey Guys if haven’t been able to make it to ArtWalk this is the last weekend to do so. Come on thru, we’d Love to see you! (Social distancing is in effect)❤️ #Strafe #strafedesigns  #alwayslove #artsgowanusonatlantic https://t.co/PS73NjQFIg",0.0,october30_october31
287,1.3220688568781988e+18,"COVID-19 update @ Manhattan, New York https://t.co/C6A1ffihRT",0.06,october30_october31
288,1.322068860317528e+18,This is amazing! I don't know how they do it! RT@business: A record 200 days with no virus cases makes Taiwan the envy of the world. Here's how it kept Covid out https://t.co/kKGRWrfihT,0.0,october30_october31
289,1.322068862800597e+18,"A sneak peek at a candy-free halloween (pandemic edition).
.
.
.
#halloween #halloween2020 #pandemic #covid_19 #covid #StayIndoors #staysafe #myboys #happyhalloween @ Virginia Beach, Virginia https://t.co/QCkIUKkadn",-0.125,october30_october31
290,1.3220702377311478e+18,"So happy to have a pileated #woodpeckersofinstagram in our #backyardparadise 

Nice to see nature be unimpressed and uncaring about our stupid #coronavirus. 

What has been happening in your backyard?

#ourcarpediem https://t.co/CkmEHjYLGN",0.13636363636363635,october30_october31
291,1.322074275365507e+18,"Working from home
----
📷 @1ens • #nordjs @ Atlanta, Georgia https://t.co/YnqEy8WyLt",0.1787878787878788,october30_october31
292,1.3220752795027005e+18,#ItsFriday #QuarantineEdition #Glamping #RVing #Halloween2020 Weekend @carolinapinesrvresort  #SocialDistancing Finests!!! @ Carolina Pines RV Resort https://t.co/JMbO9eGHcP,0.13636363636363635,october30_october31
293,1.3220758416402063e+18,"#justashotaway #gimmeshelter #pandemic on night with Preppy #latergram #dance @ New York, New York https://t.co/PNmom3Gasp",0.10666666666666666,october30_october31
294,1.3220773470386872e+18,Art in the time of COVID @thejackfischergallery @minnesotastreetproject photo by @artdollas thank you @ Jack Fischer Gallery https://t.co/dXsKwmgXFg,-1.0,october30_october31
295,1.3220782828090245e+18,Grest view and social distancing #50bucksforthis? @ Hilltop Tavern and Inn https://t.co/VWaDgZvfZ5,0.26666666666666666,october30_october31
296,1.3220792676106486e+18,Four #gloves and three #masks #ppe October us almost over #washingtondc @ Washington D.C. https://t.co/YFWdS5QKut,0.4,october30_october31
297,1.3220797795170632e+18,The Ice Scream Float Away COVID-19 Halloween event for our Friendly Stars participants 🍦🎃 @ La Sierra https://t.co/jSltKntBUk,0.6333333333333334,october30_october31
298,1.3220800045330678e+18,Updated: Closure on #SouthernStateParkway WB at Exit 15 - North Corona Avenue https://t.co/voEZC6uR8B,0.21212121212121213,october30_october31
299,1.3220817051974042e+18,"Scotchtoberfest goes on, even in the times of plague. #scotch #socialdistancing #tastingmenu #happybirthday #happyhalloween #zoomsocials #snakewine #chickenalfredo #tasteslikebookshelves #thisdevolvedquickly https://t.co/prPoI8fvXr",0.17012987012987013,october30_october31
300,1.3220835764945306e+18,NEW #Podcast ! Indy Mayhem Show: Arthur McArthur @StrongMcarthur   #prowrestling #indywrestling #pandemic @aiwrestling @FUThrowdown   https://t.co/uSfV1yoAbo,0.225,october30_october31
301,1.322083578000257e+18,NEW #Podcast ! Indy Mayhem Show: Arthur McArthur @StrongMcarthur   #prowrestling #indywrestling #pandemic @aiwrestling @FUThrowdown    https://t.co/ebNXIMxcUG,0.06,october30_october31
302,1.3220841346306294e+18,"COVID-19 update @ New York County, New York https://t.co/QSgLKiQmh3",0.0,october30_october31
303,1.3220855077073756e+18,Updated: Closure on #SouthernStateParkway WB at Exit 15 - North Corona Avenue https://t.co/OZcy7SDrOk,-0.5000000000000001,october30_october31
304,1.3220856437958124e+18,Happy weirdest #Halloween pandemic margaritah genobeva 2020 🤣 this year I'm growing a lot like a person... Now is the time to choose with intelligence who is going to walk through with you... 🥰 @ Florida https://t.co/2GRYp1s2Ic,0.0,october30_october31
305,1.322086599505576e+18,#LateNight Shenanigans #Glamping #RVing #Halloween2020 Weekend #SocialDistancing Finests @carolinapinesrvresort @ Carolina Pines RV Resort https://t.co/25H9binSWt,0.2,october30_october31
306,1.322086936492839e+18,"Hello friends, happy weekend. Stay safe out there while you are out early voting or dropping off your ballot.❤️✌️ #ppe #vote @ San Francisco, California https://t.co/7CVaBlxHZB",0.0,october30_october31
307,1.32208811482377e+18,#WhereIsCarmen #ItsFriday #QuarantineEdition #Glamping #RVing In #BigRed #Aclass #SportsCoach #Halloween2020 Weekend #SocialDistancing Finest!!! @ Carolina Pines RV Resort https://t.co/4YvEFmXEyL,0.0,october30_october31
308,1.3220934392158986e+18,"We did the thing
#vote #votehimout #greenpoint #brooklyn #earlyvoting #wearamask @ Greenpoint https://t.co/5c4ni3TIOs",0.4,october30_october31
309,1.3220973826291098e+18,"Sriracha jelly over black sticky rice pudding. 10x10” 
Have a great weekend! Stay safe, mask up, wash hands, stop touching your face! :) @ Seattle, Washington https://t.co/PPMQRl15Bz",0.13636363636363635,october30_october31
310,1.3220977742094991e+18,Closure on #SouthernStateParkway WB at Exit 15 - North Corona Avenue https://t.co/OZcy7SDrOk,-0.1875,october30_october31
311,1.3220984010524467e+18,"“I Don’t Always Wear a Mask, But When I Do... I Only Wear The Best” Exclusively On @amazonprimevideo “Trump By Grace” #1 TV Series @ Carefree, Arizona https://t.co/Ib7AjP7WLz",0.0,october30_october31
312,1.3220989872986235e+18,"Show off your Red, White &amp; Blue with our USA Flag Hand Sanitizer Holder. Each holder comes with an empty 1 oz bottle for only $3.99.  Choose from many available styles. Never forget your sanitizer again when you need it.

https://t.co/NJdvE9x77U

#HandSanitizer #Holder #USAFlag https://t.co/Bwzw0TSfHW",0.325,october30_october31
313,1.3220989977844163e+18,"Do you realize in the next 4 days we have 1) Pandemic 2) Time Change 3) Halloween  4) Full Moon and 5) Election!!!  Strange times indeed!! @ New York, New York https://t.co/sfb0KwtWED",0.25,october30_october31
314,1.3221017036136899e+18,Many thanks to @getitgirlfitness for tonites #trunkortreat in #pinole during this hard time of #covid_19 madness it’s refreshing to see the #community having a little safe fun! @ Get It Girl Fitness https://t.co/CPXQcVggrw,0.03333333333333335,october30_october31
315,1.3221017047293542e+18,"2020 a year to remember!
#coronavirus  #quarentine #roadtrip #losangeles to #sanfrancisco 

Check out our complete  video on @youtube 

https://t.co/xRi44CBu0P

#SkullNBone 
#findyourinnerbandit https://t.co/CCXAcQq8KL",-0.16875,october30_october31
316,1.3221078280399872e+18,"Six foot candy slide ready for a socially-distanced Halloween! If these freeloaders want candy, they’d better be brave. Stay safe all &amp; mask up!
✨👻✨
#candyshoot #happyhalloween #wearamask #socialdistancing @ Bellevue https://t.co/4B6WARi6S4",0.0,october30_october31
317,1.3221110112777257e+18,"Just had a moment of realization of how quickly the phrase ""during the pandemic"" has entered our collective vocabulary",0.16931818181818178,october30_october31
318,1.3221120736404111e+18,"Sppooookkkkky Feetloaf from @smallbarsd - our lifesaver for fun holiday meals all this quarantine 🎃🙀👿 #smallbar #supportsmallbusiness #feetloaf @ San Diego, California https://t.co/30yCECysAa",0.0,october30_october31
319,1.3221124304288563e+18,Yes the ever so popular F^*k Flake is in my Etsy shop.  #fuck2020 #fuckcovid19 #covid_19 #covidmemes #corona #downthehole #christmas #christmasdecor #christmashumor #sudzpaws #exploresheboygan #sheboyganwisconsin https://t.co/5B9Uh4hNRu,0.0,october30_october31
