,id,tweet,sentiment,date
0,1.253194232363397e+18,"Whewwww Covid 19 has us all stressed!!! Don’t forget to purchase your gift certificate to book an appointments for May..We are looking to keep our clients and staff safe, once quarantine if official over. We can… https://t.co/9qCb7aAUkA",0.8,april23_april24
1,1.2531966768289997e+18,"Thank you to the hardworking staff at @cvhphealth 👏👏👏 Because of you, a patient went home after being sick for 22 days with Covid-19. 🎉 Thank you to those who have helped me donate my masks to these Health Heroes!… https://t.co/Vl8ZX0ylFI",0.0,april23_april24
2,1.2531981094019113e+18,"Whewwww Covid 19 has us all stressed!!! Don’t forget to purchase your gift certificate to book an appointments for May..We are looking to keep our clients and staff safe, once quarantine if official over. We can… https://t.co/KwCz3SpLcc",0.1340909090909091,april23_april24
3,1.253198247826514e+18,Bruh  https://t.co/HfpBLlFvSs,0.5,april23_april24
4,1.2531985585446216e+18,"Just using college stats for an analogy for Covid19. @ Decatur, Georgia https://t.co/XQd4QJutUB",0.0,april23_april24
5,1.253199275972014e+18,"The hood 8 o’clock call to gratitude followed by the coyote salute around 11pm #stayhomestaysafe 
.
.
.
.
.
#thankyouhealthcareworkers #covid19 #coronavirus  #quarantine #quarantinelife #livinwiththerona @ Silver… https://t.co/joSoeYMf2Y",0.3703703703703704,april23_april24
6,1.2532166795360707e+18,"At least #mentalhealth issues are starting to be written about re the impact of #covid19 &amp; the ways we are responding to it. @ Los Angeles, California https://t.co/q9lX1jY9vS",-0.34542410714285715,april23_april24
7,1.2532171378812396e+18,"Yup, I see no lies here lmao 🤣 #militarymemes #trashpanda #apocalypse  #survivor2020 #facts💯 #usmcveteran #coronavirus #meh @ Los Angeles, California https://t.co/aH09ZfO6Aq",0.5,april23_april24
8,1.253219320370475e+18,"Damn you Rona! I should be in Vegas right now getting drunk!!! #infamousblotcrew #raiders #nfldraft #coronavirus @ Monterey, California https://t.co/4PyK58558D",0.0,april23_april24
9,1.2532197185608049e+18,"https://t.co/xFrpMPESiV

Call us today with all your Real Estate questions at 9092561766 or visit https://t.co/TSQBBngEeS
#sellersagent… https://t.co/Ddg6tp1bA5",0.2,april23_april24
10,1.2532198556350136e+18,2 cats got fucking #COVID19,0.0,april23_april24
11,1.253220100452356e+18,"Haha.  Who else feels like Kramer is your spirit animal?.
.
.
#kramer #seinfeld #coronavirus #masks #spiritanimal # @ Houston, Texas https://t.co/mBAwQkArpT",-0.023809523809523808,april23_april24
12,1.2532259288487854e+18,"The Cush Center for Learning’s Coronavirus Disease 2019 guidelines (in preparation for the remainder of the year) ℹ️:
•
~ All guests are encouraged to bring and wear their own face masks to @TheCushCenterfo events… https://t.co/DNa82saNMS",0.5083333333333333,april23_april24
13,1.253227786946388e+18,"Covid-19 Quarantine Day #36... Just some light reading 2day... #soulcandymusic🎵🎶 #soulcandyrawks #theskiesthelimitin2020 #coronavirussuxs #theshowmustgoon @ Columbia, South Carolina https://t.co/o0l6D4fJjG",0.0,april23_april24
14,1.2532278530109317e+18,"Singing, “Do you know what today is? It’s My DELTAversary; DELTAversary!” Yassszzaahhzzaahhhhzzaahh!!!
Happy DELTAversary TO ME! Corona couldn’t keep us apart. We have an amazing Zoom call to celebrate our Ujima22… https://t.co/qBTHzkhmWd",0.0,april23_april24
15,1.2532282671187558e+18,"I’ve only been truly surprised once in my life.
It happened again in Kansas. Before COVID. I can finally share it!
Swept me off my feet.
My daughter invited me to my son-in-law’s
surprise big year birthday party 747… https://t.co/aL761djVu2",0.033712121212121214,april23_april24
16,1.2532293482844365e+18,"86 Covid-19 #jokes #comedy #pandemic @ San Diego, California https://t.co/vWTQ1qNhMf",-0.16666666666666666,april23_april24
17,1.2532306505527992e+18,"📚Day 23 of RONA Elementary - Art Time 📚
.
.
.
#homeschool #quarantine #school #kindergarten #extendedspringbreak #coronavirus #covid19 #stayhome #stayhomeworksafe #learn #read #satx #instasatx #igsanantonio… https://t.co/K6TZdLuWCJ",0.0,april23_april24
18,1.2532308992919265e+18,#SocialDistanceDate #SquigglesNSqueaks #SundayFunday #coronacation #covid19 #aprilchallenge #functionofbeauty #dunkin #spring #springtime @ Montour Preserve https://t.co/hJs5U8F1pB,0.05,april23_april24
19,1.2532388647953162e+18,"I can’t believe you’re 16 today! Happy birthday victorsmith423 you are the best son a mom could ask for #stopgrowingup #quarantinebirthday2020 #16isabigdeal #timetogetyourlicense @ Corona, California https://t.co/UKBC5my3BC",0.16666666666666666,april23_april24
20,1.2532393127218545e+18,"These are some photos that I snapped. They're inspired by photojournalist Lyndsey Addario. This is about how local people are dealing and reacting to what's going on with Covid. I'll post more up later.

#paramart… https://t.co/f21Okcawwf",-0.16294642857142858,april23_april24
21,1.253194232363397e+18,"Watch at https://t.co/HiwBFtyR2i

2 Corinthians 1: Daily Reading with Pastor Steve Hogg

#BibleStudy #LoveGod #InThisTogether #Covid19 #youcantliveitifyoudontreadit #Bible https://t.co/FY8jLmPjZt",0.8,april23_april24
22,1.2531981094019113e+18,"Hey!   It's #FridayEve !
Hope everyone is doing well with the way things are in world currently.
➖👣➖
.
.
.
.
.
.
.
.

#igersjax #whatsgoodjax #morningroutine 
#CoronaVirus #washyourhands  #jacksonville #CSX… https://t.co/UvvtDTHSyF",0.1340909090909091,april23_april24
23,1.2531984656577126e+18,We'll be updating this story throughout the day Wednesday with the latest local news on the coronavirus pandemic. If you'd like to go through a roundup of https://t.co/qICetyC43Q #atx #austin #all512,0.1340909090909091,april23_april24
24,1.253204882418434e+18,"""You never open your mouth until you know what the shot is."" -Ricky Roma-

#ThoughtfulThursday
#Quote
🎬 #GlenGarryGlenRoss
#Movies
#Classics
☕ #Coffee &amp; morningjoe
#tRumpTrainWreck
#Covid19
🗳… https://t.co/BZyvrml7yd",0.0,april23_april24
25,1.2532050277679268e+18,Today’s agenda... Save as many people today as possible from whatever they need saving from.... #paramedic #ems #covid_19 #covid #firefighter #911 112firerescue @FFBrotherhood1 @ North Carolina https://t.co/Cz6bwXlTYm,0.4,april23_april24
26,1.2532067392620708e+18,"Emil • @emilcohen • Day 613 • #COVID 19 Self Portrait • @ New York, New York https://t.co/kTLzgqUCXi",0.0,april23_april24
27,1.2532074575953797e+18,Can we keep #socialdistancing indefinitely on planes &amp; in airports? It’s the one place I’m good w/it. Any other places I’m leaving out? #covid19 #socialdistancing @ Nashville International Airport https://t.co/mz0mhY3hKR,0.3636363636363637,april23_april24
28,1.2532079892441457e+18,"This is an artist’s rendition of the American public every time Trump is on TV promising that the Coronavirus is going to magically disappear for no reason. @ Bedford–Stuyvesant, Brooklyn https://t.co/FRV3AvAMMX",0.027000000000000003,april23_april24
29,1.2532170214305055e+18,"Messages of hope along the Millennium Trail, Rockville, MD.

#rock, #Rockville, #trail, #rockvillerocks, #hope, #message, #coronavirus, #lockdown, #stayhome, #park, #Covid-19, #covid, #staystrong @ Rockville, Maryland https://t.co/7NF5AKQb1Q",0.0,april23_april24
30,1.2532173497858499e+18,"Founder of #Lifebank who has successfully launched 2 drive-through coronavirus testing centres in Lagos and Ibadan, Nigeria. She is also working on a project to boost oxygen supplies in the country, vital in treating… https://t.co/rVIiL1djLW",-0.8928571428571429,april23_april24
31,1.2532184392520172e+18,"irsnews i have questions and i need help! #stimuluscheck #taxreturns #coronavirus #covid19 @ Birmingham, Alabama https://t.co/viOTPUWwrf",0.46875,april23_april24
32,1.253218639509164e+18,It's a go! #msnbc #halliejackson #sba #relieffund #interview #smartfitnessstudio #covıd19 #coronavirus @ Smart Fitness Personal Training &amp; Exercise Studio https://t.co/peAGqR1VH0,0.06818181818181818,april23_april24
33,1.253218862985814e+18,SWAT team taking out my neighbors in the 900 block of New Market in #NoLibs #Philadelphia. The gear plus corona virus masks makes for a surreal scene,0.0,april23_april24
34,1.2532197185608049e+18,🗣Good morning world. 🚨CNN reports two cats in NY test positive for a COVID -19 and several states are RE-opening this Friday. 😳Welp...let me just sip this coffee and mind the business that pays me. Who’s ready to… https://t.co/N1rx1B8Dmb,0.2,april23_april24
35,1.253220100452356e+18,Three weeks in hospital would financially ruin most Americans. https://t.co/9GUPHSe1hL,-0.023809523809523808,april23_april24
36,1.2532207821400023e+18,"Love my family!  #makingmasks #maskfashion #masked #maskmaker @ Corona, California https://t.co/EY2fhztwoy",0.08096590909090909,april23_april24
37,1.2532266207452037e+18,Stopping by to see Eddie. I’ll head home before everyone else gets here. #coronavirus #quarantine #socialdistancing #missthis @ EdVenture Children’s Museum https://t.co/hYWH09eYh0,-0.19166666666666668,april23_april24
38,1.2532266223012946e+18,"#free #emotionalsupport during this time. #stayathome #covid_19 #florida #oneflorida #coronavirus #covid_19 @flblue @ Orlando, Florida https://t.co/cce6hZXE2A",0.125,april23_april24
39,1.2532274036205527e+18,"March 2020 Broward County Market Report

🤔How has COVID and Stay at Home Order impacted the Real Estate market in Broward County? 

Predictably Inventory and Supply are decreasing⬇️.
Home values are on the uptick… https://t.co/gayToRNPWR",0.20803571428571427,april23_april24
40,1.253227580632621e+18,"Good morning, FTL! 🌞
#goodmorning #fortlauderdale #morning #coffee #southflorida #florida #april #spring #beach #sun #fun #wakeup #love #amazing #beautiful #pretty #pool #covid19 #photooftheday #coronavirus #thursday #igers #tbt #friends #photography #smile #solauderdale https://t.co/WsbgPaX8d3",0.1,april23_april24
41,1.2532293608252908e+18,"New podcasts up! COVID resources, vanlife communities, sink drains and all the glamorous stuff. Built to Go! #vanlife #vanlifepodcast @ Aurora, Kansas https://t.co/ykKQ0JQFvN",0.0,april23_april24
42,1.2532306505527992e+18,"March 2020 Palm Beach County Market Report

🤔How has COVID and Stay at Home Order impacted the Real Estate market in Palm Beach County? 

Predictably Inventory and Supply are decreasing⬇️.
Home values are on the… https://t.co/TtR6y26Sot",0.0,april23_april24
43,1.2532383373909402e+18,"Air-conditioning spread the coronavirus to 9 people sitting near an infected person in a restaurant in China, researchers say. It has huge implications for the #ServiceIndustry.

Better put #UVC lamps in your #HVAC systems!

 https://t.co/2t4MCXYD65",0.18068181818181814,april23_april24
44,1.2532388647953162e+18,"#ThrowbackThursday. Pre-pandemic photo. Or maybe pre-Spanish flu in 1918. Stay safe. Request an invite to the private NEIRS 200 group https://t.co/e9ejMqpmBZ opening up soon. 
*
*
*
#neirsforyears #covid_19 #coronavirus #queensnyc #nyc #itsinqueens #queenscapes https://t.co/BQXZRBGZ0H",0.16666666666666666,april23_april24
45,1.2532393127218545e+18,"As the numbers approaches  10,000(9,696 cases, 365 deaths) cases of Coronavirus in Philadelphia County y’all better start taking proper precaution. If it’s not about you think about the older people in your… https://t.co/izy56s7jQm",-0.16294642857142858,april23_april24
46,1.2532396565161615e+18,"Good Morning 🌞 Hard to imagine this crisis has been going on now for over a month 💯 #coronavirus 
•
Grasp the severity. Yet have begin to wonder. Is the solution going to turn out worse than the #viruscoronavirus… https://t.co/xmMKiEuQsM",0.78125,april23_april24
47,1.2531930741902787e+18,"Woodstock-the legendary city are closedown ! #newyork #woodstock #coronavirus #covid_19 #healthy #citylife #usa #fernandacalfat #fernandacalfat27 #peaceandlove @ Woodstock, New York https://t.co/GCzM07fRmH",0.6,april23_april24
48,1.2531940897653023e+18,"No #COVID19 testing today at Xavier University due to ⛈🌧🌧🌧🌧☔ @ New Orleans, Louisiana https://t.co/SYKkm3lIHW",-0.5,april23_april24
49,1.2531941678884332e+18,"Bloomfield Pulse Condolences to all the families

Essex County Coronavirus Cases Updated: Thursday, April 23, 2020

Social distancing, hand hygiene, and other steps to prevent infection must be followed at all times… https://t.co/6l6WWVJ7Tp",0.2,april23_april24
50,1.2531951778392064e+18,Learn from reality &amp; adapt.  The Wydler brothers were gracious enough to join me again on another episode of Real Takk to discuss how the real estate market in the DMV is faring amid the COVID19 crises.  These guys… https://t.co/s51ZvMxLCT,0.0,april23_april24
51,1.2531952050183373e+18,"Woodstock-the legendary city are closedown ! #newyork #woodstock #coronavirus #covid_19 #healthy #citylife #usa #fernandacalfat #fernandacalfat27 #firefighter @ Woodstock, New York https://t.co/tHpMtThNe4",0.0,april23_april24
52,1.2531952136585667e+18,"Morning reads 🌤️🌻🍳
#howto #howtocatchamermaid #howtocatchaunicorn #homeschool #covid #welovebooks #girlmom #girlclubjax 💕 @ Jacksonville, Florida https://t.co/BKS3n9twpG",0.0,april23_april24
53,1.2531972147651953e+18,"Woodstock-the legendary city are closedown ! Social distancing- pick-up food #newyork #woodstock #coronavirus #covid_19 #healthy #citylife #usa #fernandacalfat #fernandacalfat27 @ Woodstock, New York https://t.co/pE1lLgSKta",-0.05625,april23_april24
54,1.2531980683019346e+18,"👀Do not forget your 🍌 banana when your leaving the house! 🤷🏾‍♂️🤣 
:
#deshaundelightful #delightfulmemes #covid19 #coronavirus #pandemic #coronamemes @ Houston Zoo https://t.co/jOSFOj7sJe",0.1340909090909091,april23_april24
55,1.2531981094019113e+18,"I sense CNS is kinda fried from fighting some non-covid infection or maybe it’s just stress, but everything felt so slow and heavy and unbalanced and just gross. Slightly better with more rest time between sets but… https://t.co/yjk5hg6SFK",0.1340909090909091,april23_april24
56,1.253198247826514e+18,"Someday soon, we will be free of this coronavirus, and we will see the return of the market. If you are thinking of selling post-corona, this list can help. https://t.co/lZJBZGtsxo https://t.co/d3eKs2P0al",0.5,april23_april24
57,1.253198294244823e+18,"It's going to take all of us working together, and doing the right things.  We're a day closer to recovery.  #togetherwewin #covid19 #covid_19 @ DEUTZ Corporation https://t.co/SsAC69tWhC",0.4301587301587302,april23_april24
58,1.2531984656577126e+18,#givingthanks#heroesnyc#essentialworkers#frontline#covid19#pandemic#showofsupport#redhook#redhookbrooklyn#brooklynny#brooklynphotography#brooklynphoto#nyc#nyphoto#nyphotography#iloveny#ilovenewyork#citylife#urbanlivin… https://t.co/W8qFeVzy9i,0.1340909090909091,april23_april24
59,1.2531985585446216e+18,My Plant-Based Assessment of a COVID-19 Containment Diet  https://t.co/Mx6v2FqN3J,0.0,april23_april24
60,1.253199275972014e+18,"The 36 state governors in Nigeria have recommended a two-week national inter-state lockdown to stop the spread of COVID-19 in the country.

Find this story and others in this edition of The News in Two Minutes.

Two… https://t.co/f4QOELhuYp",0.3703703703703704,april23_april24
61,1.253204778093613e+18,"COVID-19 VS. Small Businesses — gofundme donation for BONYC 🧿⁣⁣⁣
⁣⁣⁣
⁣⁣𝘝𝘶𝘭𝘯𝘦𝘳𝘢𝘣𝘭𝘦 &amp; 𝘛𝘳𝘢𝘯𝘴𝘱𝘢𝘳𝘦𝘯𝘵 ⁣
⁣
Brujas of NYC started as a vision I had to bring together the latinx, black and brown spiritual community on a… https://t.co/8Un3uPyP8K",-0.6,april23_april24
62,1.2532048444390523e+18,"Covid Op-Ed Series: Prayer as the Preeminent Force to Promote and Inspire Change by Anthony J. Williams, CSPL Board Member and Co-Owner of Meal of the Day Cafe  https://t.co/3lMABDE6gO",0.6,april23_april24
63,1.253204882418434e+18,METRO COVID New York 34 St &amp; 6 Avenue #metro #subway #mta #newyork #newyorkcity #manhattan #34 #covid_19 #covid19 #coronavirus #life #lockdown #streetphotography #architecture #architecturephotography #photography… https://t.co/KuqbB1NTs4,0.0,april23_april24
64,1.2532050277679268e+18,"Woodstock-the legendary city are closedown ! #newyork #woodstock #coronavirus #covid_19 #healthy #citylife #usa #fernandacalfat #fernandacalfat27 @ Woodstock, New York https://t.co/f3YI1Huia8",0.4,april23_april24
65,1.2532060105309512e+18,We were planning on being in London this weekend to run the #virginmoneylondonmarathon2020 and be on holiday with jujubesfan BUT... settled for a Gin &amp; Tonic instead 😬 #coronavirus 😷… https://t.co/JFYtpbyY2E,0.2,april23_april24
66,1.253207805076607e+18,"Washing your fruit and veggies before eating is so important. Take a few minutes to thoroughly was them. @MyHeartHands #heartnhands who #covid19 #covid @ New Orleans, Louisiana https://t.co/fTHJxevVW9",0.0,april23_april24
67,1.2532078505429156e+18,"Meet Captain, Zuma’s 7 year old mustang, Covid Screen Brightener of the day! Saved from Gunnison CO along with five others.    

#adopt #rescue #horses #love #compassion #empathy @ZumaRescueRanch @ Zuma's Rescue Ranch https://t.co/PNgp91me0I",0.025,april23_april24
68,1.2532080015881994e+18,"Bryant Park
Digital mixed media art
.
Limited edition 1/10
100% of the profit of sales will be donated to the COVID-19 Emergency Relief Fund
.
.
.
.
.
.
#nyc #snow #bryantpark #candid #magnumphotos #intercollective… https://t.co/07r5cgmVa0",0.0,april23_april24
69,1.253215808781779e+18,"Nothing peaceful about a loaded semi-automatic. —————————————————————————
#coronavirus #covid_19 #menacing #whiteprivilege #terrorism #whiteterrorism #meme #memes #instameme #memesdaily #dankmemes  #instamood… https://t.co/EGoIaA1ORF",0.2272727272727273,april23_april24
70,1.2532159621840855e+18,We'll be updating this story throughout the day Thursday with the latest local news on the coronavirus pandemic. If you'd like to go through a roundup of https://t.co/BbP60K0XrK #atx #austin #all512,0.0,april23_april24
71,1.2532162016578642e+18,"Woodstock-the legendary city are closedown ! #newyork #woodstock #coronavirus #covid_19 #healthy #citylife #usa #fernandacalfat #fernandacalfat27 @ Woodstock, New York https://t.co/z34Fz36u4o",0.25,april23_april24
72,1.2532166795360707e+18,ICYMI: #Durham small business owners &amp; entrepreneurs looking for resources to help them with #COVID19 issues can now find those resources on our new website at https://t.co/xsvpnc2bIJ. https://t.co/IR8t4kgxci,-0.34542410714285715,april23_april24
73,1.2532171976498504e+18,"📣 New Podcast! ""How The Coronavirus Affected Your Life with Special Guest Ebony and Host Erica Roberts @2DaMaxRecords"" on spreaker #authorericaroberts #hostericaroberts… https://t.co/FH7XGgNfZ6",0.0,april23_april24
74,1.2532184392520172e+18,"Community Based Testing Sites
Houston's FREE COVID-19 drive-thru testing sites are available to ANYONE, regardless of symptoms. Call 832-393-4220 to be provided an access code and instructions on where to go. A FEMA… https://t.co/Px6NASOKmu",0.46875,april23_april24
75,1.253218639509164e+18,WMATA announces 34 confirmed COVID-19 cases   https://t.co/LfBbF7ek2b,0.06818181818181818,april23_april24
76,1.253218862985814e+18,"Things I miss...comment below if you can relate. Follow me on @tiktok_us for more antics @ jbiii 
.
.
.
.
.

#thingsimiss #missing #tiktok #follow #jbiii #humantouch #blackboyjoy #followme #quarantine #covid19… https://t.co/FkzY0IqRcB",0.0,april23_april24
77,1.253218946221736e+18,"Even with the new #COVID19 restrictions I can still help you list your home. While practicing social distancing and staying healthy, your home can still be readied and viewed for sale. I’m here to help and inform.… https://t.co/p8qPcIRZie",0.9,april23_april24
78,1.2532197185608049e+18,#MAGA #covid_19 #covid19 @ Washington D.C. https://t.co/xWxv6oHPMi,0.2,april23_april24
79,1.2532198556350136e+18,A great set of financial resources and tools in the age of COVID-19 https://t.co/rTEbmPy97c #coronavirus #covid19 #markets #economy #investing #finance,0.0,april23_april24
80,1.2532207821400023e+18,"Woodstock-the legendary city are closedown ! #newyork #woodstock #coronavirus #covid_19 #healthy #citylife #usa #fernandacalfat #fernandacalfat27 @ Woodstock, New York https://t.co/KnEjE5VTt5",0.08096590909090909,april23_april24
81,1.2532259288487854e+18,"Social distancing means I can’t punch anyone so knitting is even more important now! #covid_19 #covid19 #socialdistancing #washyourhandsyoufilthyanimal 

_ 
_
_.
_.
_.
#instagramnyc #instanyc #picoftheday… https://t.co/ObxQcm11I4",0.5083333333333333,april23_april24
82,1.2532274036205527e+18,"Stop COVID-19! ❌

CORONAVIRUS(COVID-19) Disinfecting and Sanitizing service Following  protocols developed from managing responses to Ebola, H1N1 and other health crises, Our certificated technicians are on standby to… https://t.co/W7cZPlDKTk",0.20803571428571427,april23_april24
83,1.253227553759912e+18,"I had plans to be in Japan with my parents, until covid-19 forced me to cancel my trip. I was really excited to finally spend some much needed time with my parents, as well as be there for my favorite Spring cherry… https://t.co/pxn46vkjcX",0.11428571428571427,april23_april24
84,1.253227786946388e+18,Does Traditional Media posses the resilience to creditably defend it's turf and compete??? COVID-19 Pandemic has enabled  Digital Media showcase it's diversity and capture global attention and eyeballs. Is this trend… https://t.co/yabPb4FTov,0.0,april23_april24
85,1.2532282671187558e+18,The Call Center evaluation will include individuals answering pre-screening questions regarding their signs and symptoms. Public Testing Sites for COVID-19  https://t.co/DjTqsLqR1Q,0.033712121212121214,april23_april24
86,1.2532293482844365e+18,"Woodstock-the legendary city are closedown ! #newyork #woodstock #coronavirus #covid_19 #healthy #citylife #usa #fernandacalfat #fernandacalfat27 @ Woodstock, New York https://t.co/KTMbXpXTjO",-0.16666666666666666,april23_april24
87,1.2532293608252908e+18,I’m still not sure why I’m so bad at making eggs. Isolation has taught me I should stick to fajitas and cocktails...🤨 #COVID19 #stuckinNJ https://t.co/bl1Xg3JSHi,0.0,april23_april24
88,1.2532362311289774e+18,"Watch Yogi live on Instagram &amp;3.00 pm PST on how to fight with Covid19 today? @ Palm Springs, California https://t.co/o0fkbbCpH2",0.0,april23_april24
89,1.253237964282499e+18,"Corona Baking 🍪 or should I say Corona No Bake!!! These are No Bake Monster Cookie Balls 😍. Another super fast, easy, delicious recipe from @thebakermama . I guarantee you have the ingredients in your pantry to whip… https://t.co/NAkQX45sbT",0.2684343434343434,april23_april24
90,1.2532380593210286e+18,"#PSA from Dr. Puglisi - How to wear a mask properly. Stay safe everyone! #covid #covid19 #covidmask #staysafe #wearamask #stayhealthy #socialdistancing #drpuglisi #yourgreenwichvillagedentist @ New York, New York https://t.co/f6KRvvSxWg",0.3069444444444445,april23_april24
91,1.2532388647953162e+18,"Vining's ramble walk discoveries 😎🥂 #COVID19 upside @ Vinings, Georgia https://t.co/9qsjn5rbZ8",0.16666666666666666,april23_april24
92,1.2532396565161615e+18,"#Hope &gt; the #virus 
A #World of #Hearts on stone lions instead of windows. Creative way to spread #positivity and #joy during the #caronavirus #covid19 #pandemic #Wisconsin @ Greenfield, Wisconsin https://t.co/RFRw8VB072",0.78125,april23_april24
93,1.2531940897653023e+18,Toilet Paper!!! Rarest Of Sites!!! Highlights!!! Life In Times Of Corona!!! #style #stylish #fashion #fashionforward #gq #esquire #modern #classic #details #dandy #dapper #gent #menstyle #mensfashion #menswear #gent… https://t.co/5GH5xpHueR,-0.5,april23_april24
94,1.2531941678884332e+18,"Missing the Realm Fam during these crazy times! Stay safe y'all!

#realmofcollectors #sobx #nyc #covid19 #coronavirus #realm #lockdown @ Bronx, New York https://t.co/Y6cYjOMVFk",0.2,april23_april24
95,1.253194232363397e+18,"COVID, but make it fashion. 

Silly picture, silly caption, but this virus is no joke. Keep doing your part to protect your family, neighbor, and self by being cognizant of the steps you can take to limit the spread… https://t.co/gmPuyyre8T",0.8,april23_april24
96,1.2531952136585667e+18,"These are some fake profiles I've found pretending to be me. instagram is suffering from staffing shortages due to covid-19 and cannot verify or take them down. Please, report them and tag instagram or #instagram… https://t.co/pqsT1ih49e",0.0,april23_april24
97,1.2531981094019113e+18,"Houston Texas shows you how presidents should do it. #coronavirus #htx #houston @ Houston, Texas https://t.co/8inwbsExzl",0.1340909090909091,april23_april24
98,1.253199185278464e+18,We out here corona 19 Menards being safe @ Menards https://t.co/m2yzlPH6bH,0.0,april23_april24
99,1.253199275972014e+18,"Quick test result came back today via email , I tested negative #covid_19 #negativeresults #coronavirus @bluesbuddha @bluesbuddha @ Waldwick, New Jersey https://t.co/cdFeq2Lvqf",0.3703703703703704,april23_april24
100,1.2532048444390523e+18,"🔥NEW POST: https://t.co/H1omP2T9v7 🔥
.
Today my personal reflections on COVID-19 continue including a very personal life changing event &amp; information on telemedicine.
.
Let me know what you think!
.
.
.
.
#sportsmedicine… https://t.co/J9xcTfbZJ7",0.6,april23_april24
101,1.253204882418434e+18,"This is my “if I were commenting on TV and needed a fly outfit and background” look.
⠀⠀⠀⠀⠀⠀⠀⠀⠀
But also…
⠀⠀⠀⠀⠀⠀⠀⠀⠀
Here’s what I’d talk about:
⠀⠀⠀⠀⠀⠀⠀⠀⠀
How COVID-19 has exacerbated and at times shed light on every… https://t.co/xsxER82N2c",0.0,april23_april24
102,1.2532060105309512e+18,"Damn bro, I just seen you the other day and i was just thinking about you this Morning. Hoping you was getting better...FUCK life is too short!!! Fuck CORONA ...RIP fredthegodsonmusic  WE WILL MISS YOU !!!!… https://t.co/Ff4FR3tvEc",0.2,april23_april24
103,1.2532067392620708e+18,Coronavirus: Family issues plea for 27-year-old Victorville woman in need of plasma donationLauren Acosta has been on a ventilator for nearly a week at St. Mary’s Hospital in Apple Valley. Her family is unable to see her but… https://t.co/uiDwKm4pn1 https://t.co/RYHtElbpk6,0.0,april23_april24
104,1.2532074575953797e+18,"When COVID-19 has got you stuck at home missing traveling 🧳
.
.
.
.
.
#rescuecat #catsofinstagram #losangeles #cats #adoptdontshop #cat #catstagram #instacat #meow #catlover #furbabies #catoftheday #catlife… https://t.co/zOKOegjUrr",0.3636363636363637,april23_april24
105,1.253207805076607e+18,"Yesterday’s interview style.💥The live sesh is still in my stories. ✨Get it while you can. ✨ 
•
•
#connectsharerepeat #artistsupportartist #covid19 #covid-19 #smallbusinessowners #smallbusiness #freelancer… https://t.co/yScPBta57P",0.0,april23_april24
106,1.2532078505429156e+18,"#Covid-19 #naturewatch #newfriends @ Berlin, Connecticut https://t.co/TMGCHk7eHn",0.025,april23_april24
107,1.253207948295385e+18,Hookem today and always!  #hookem #santonio #boerne #stayathome #corona🍺 #dunnstrong @ Robert V. Dunn - Mortgage Banker https://t.co/7M52TKr0tJ,-0.6,april23_april24
108,1.2532079986102477e+18,Are you feeling overwhelmed?  Our agency is local since 1985 with therapists located on Oahu &amp; Big Island. Let us support you &amp; your family during the ongoing global COVID-19 lockdown. We have Licensed Therapists… https://t.co/qWtSLbUgNx,0.0,april23_april24
109,1.2532080015881994e+18,"I went to Target for dishwashing soap and lotion. I came home with this. 
#likealways @target #covid_19 #covid19 #mentalhealth #essentials @ Casa Da Princesa https://t.co/rdKH52VvSO",0.0,april23_april24
110,1.253210218206503e+18,"#FRIPPTOPIA 

My coronavirus selfie... @ Fripptopia https://t.co/HshGgmHJxy",-0.15,april23_april24
111,1.2532159621840855e+18,"Yeah! #Nantucket
STAY HOME SAFE LIVES
Coronavirus in Massachusetts
https://t.co/vZmMsmCzqZ
#Boston #Celtics #Bruins #RedSox #Patriots #massachusetts #rhodeisland #connecticut #ct #newyorkcity #newyork #nyc #ack… https://t.co/hejB3gdrXj",0.0,april23_april24
112,1.2532162016578642e+18,"With the draft coming up, I think back to all of the people who’ve helped me and my family along the way to get to this point. During this coronavirus crisis, we wanted to give back to the hospital that my brother… https://t.co/ERczFFfI3q",0.25,april23_april24
113,1.2532163632015606e+18,"Because you know I'm all about that mask,
'Bout that mask, no covid
I'm all 'bout that mask, 'bout that mask, no covid
I'm all 'bout that mask, 'bout that bass, no covid
I'm all 'bout that mask, 'bout that… https://t.co/rwupUCIbaA",0.0,april23_april24
114,1.2532170214305055e+18,"It’s another stay at home video! Trying to stay creative here’s volume 2 for you all 😄
Stay safe, stay home! 🤘😄
.
.
.
.
.

#junnk #qurantine #stayathome #coronavirus #nhs #disneycruise #disney #disneycruiseline… https://t.co/LAVh52wlxi",0.0,april23_april24
115,1.2532171378812396e+18,"Stank toes! A new symptom of the COVID 19  shelter in place.  Victims are known to have overwhelming urges to climb trees and stand on power lines. #stinkinvirus @ Chillum, Maryland https://t.co/2XoWA5kHTP",0.5,april23_april24
116,1.2532172148341064e+18,No Lines!!! Just Walked In Bought My T.P. And I’m Out. Highlights!!! Life In Times Of Corona!!! #style #stylish #fashion #fashionforward #gq #esquire #modern #classic #details #dandy #dapper #gent #menstyle… https://t.co/KWPARxbBti,0.28750000000000003,april23_april24
117,1.253218639509164e+18,"Tomorrow!!! 
Don’t miss this.

REGISTER NOW
(Link in Bio)

Learn how to fix box color disasters post COVID.

Be your client’s HERO.

@wellahairusa wellaeducation @wellapro sonyadove @framar @ San Diego, California https://t.co/1sotV5e5VI",0.06818181818181818,april23_april24
118,1.253218862985814e+18,"Bahaha love this meme!

#Covid19 #coronavirus #coronapocalypse #cabinfever #nesara #Russianprobe #pizzagate @ Santa Fe, New Mexico https://t.co/oecVhZYShW",0.0,april23_april24
119,1.2532192736795566e+18,"I can’t wait to be part of this panel with twucwe discussing pivoting your business during COVID-19 on April 28th.  Link in their bio to register.🌿

.
.
.
#saltedsanctuarysoap #smallbrand #smallbizlife #soaping… https://t.co/qxQOHjDAuh",0.4,april23_april24
120,1.2532198556350136e+18,"Here is a #throwback to last years #mastergardeners #homeandgarden show in #elma #washington . Due to #covid19 the show was #postponed. We are looking forward to participating next time.⁠
⁠
⁠
⁠
#worktrucks… https://t.co/9vRSkfdZrt",0.0,april23_april24
121,1.253220100452356e+18,F*ck Corona! Shout Out To Essential Workers &amp; 1st Responders Keeping This World Rotating &amp; Perparing For War Everyday Against This Force. #Covid19 #FirstResponders #FuckCorona #EssientialWorker #War #Battle @… https://t.co/74dyO8sFI0,-0.023809523809523808,april23_april24
122,1.2532264928652616e+18,"3 CORONA VIRUS QUESTIONS FOR FOLKS - 
1) What level of the web do you have access to? 

2) If you listen to and REPEAT what YOUR LEVEL OF internet is telling you AT YOUR LEVEL OF ACCESS, then isn't it a great chance… https://t.co/pZ6wpaqwnv",0.0,april23_april24
123,1.2532266223012946e+18,"I refuse to let Covid-19 stop my progress. #sweatneverquits @ Robbins, Illinois https://t.co/IJz2H7a8rX",0.125,april23_april24
124,1.2532270260408156e+18,"Thank you grocery stores, pharmacies, and essential food service providers!

#MinutemanPress #InThisTogether #Covid19 #Coronavirus #ShopLocal #SupportLocal #RVA #Richmond #Virginia #printing https://t.co/Xo3PaN1J0l",0.4583333333333334,april23_april24
125,1.253227553759912e+18,"Since it looks like we may get to reopen May 1st, I took a sterilization course. I want you all to know Mystini is very clean and is always sanitized between each client, corona or no corona. This has been our best… https://t.co/nJ0gCnnyYx",0.11428571428571427,april23_april24
126,1.253227786946388e+18,"Please pay attention, America... Here’s a glimpse into the mind of the socialist powers that hope to be...
#donttreadonme🐍 
#socialismsucks 
#socialism 
#coronavirus 
#covid_19 
#liberty @ Moscow, Idaho https://t.co/GuUcpgxx5B",0.0,april23_april24
127,1.2532278530109317e+18,"The COVID-19 pandemic has affected all areas of life. For moms like Alyssa, hard-earned stability can disappear quickly. That's why Jeremiah Program is more committed than ever to maintaining our core values and… https://t.co/FYuxb3LhNv",0.0,april23_april24
128,1.253228601077633e+18,"Once the Quarantine lifts you still won’t see dudes out until their barber catches up... in the meantime rock a 🧢 and 🪒 your pubes *
*
*
*
*
*
*
*
*
*
*
#pubes #hair #barber #quarantine #covid #corona #marketing… https://t.co/PJMBrEgtpX",0.2222222222222222,april23_april24
129,1.2532293608252908e+18,"Creepy COVID-19 Tribute

#covid_19 #covid19 #isolation #socialdistancing @ Tim Engle Design https://t.co/4LLMAYxuaR",0.0,april23_april24
130,1.2532303209226363e+18,"Hayley’s Daily!
🍭🍬🍭
Store Hours:
Mon-Sat 11a-7p
Sun 12-6p
🍭🍬🍭
#hayleycakesandcookies #bestcookiesever #decoratedcookies #atx #atxcookies #atxbakery #cookies #yum #covid19 #weekendthings #houstoncrafts #cookies… https://t.co/sJTqOcdeiP",0.0,april23_april24
131,1.2532308992919265e+18,"Please Share. 

COVID-19 Screening Outreach - WCC. 

If you are working with students and families who have been impacted financially due to COVID-19, you can encourage them to do the… https://t.co/NeKYPiMmP0",0.05,april23_april24
132,1.2532362311289774e+18,"Sonuvabitch! Finished this #puzzle as best I could, 999/1000 pieces. Oh, well. On to the next one. #puzzles #HarryPotter #MaraudersMap #isolemnlyswearthatiamuptonogood #mischiefmanaged #covid_19 #coronavirus… https://t.co/EMkz6VXEh6",0.0,april23_april24
133,1.2532364287476326e+18,"I Wouldn’t Say I Was A Hero. But I Do Work There. Just Doin’ My Job!!! Highlights!!! Life In Times Of Corona!!! @ Torrance, California https://t.co/Z1Oy1UMO3f",0.13636363636363635,april23_april24
134,1.2532380626806497e+18,"This was originally going to be the view I would be having right about now. #Coronavirus forced a postponement of those plans. You got this, #Chicago - stay safe and take care of each other. Can't wait to see you… https://t.co/fcxmhFGQBD",0.125,april23_april24
135,1.2532383373909402e+18,"Happy Birthday William Shakespeare!
 
In your honor (and to send love and blessings for safety, peace and health to all - especially those most affected by and fighting this Coronavirus crisis) we offer this short… https://t.co/Jmc1rXSNOz",0.18068181818181814,april23_april24
136,1.2532388647953162e+18,"Business up top. (Swipe ➡️.) Casual down below. #ZoomDressCode #Covid19 #TheLastDance @ Fishers, Indiana https://t.co/mUN33ssQCM",0.16666666666666666,april23_april24
137,1.2532396017217946e+18,Sneak peek of maternity photos in the age of COVID-19... shout-out to my wonderful fiancé for taking these epic photos! We are so ready for you to make your appearance Baby Bush 🥰 @… https://t.co/WDKI3rOIxp,0.36666666666666653,april23_april24
138,1.2532396565161615e+18,Gotta keep this kid moving forward! 5 minute intervals! #COVID19 #thursdayvibes #ksde #homeschool https://t.co/7KslFuIf24,0.78125,april23_april24
139,1.253239732559065e+18,"Elite Women’s Health and Gordos reminds you to keep ur hands clean to protect against COVID-19!
#Covid19 #SafetyFirst #EliteWomensHealth  #Health #Humor #SafeCommunity #Gordos #TallahasseeFL @ Tallahassee, Florida https://t.co/Fzz7zOnpi7",0.0,april23_april24
140,1.2531930741902787e+18,"The Graduating Class of 2020. This class will always be remembered as the Covid-19 class. The class that also experienced 9-11. The virtual class. The class with no prom, no graduation ceremony, no celebration.… https://t.co/uHgIZzik24",0.6,april23_april24
141,1.2531940897653023e+18,I challenge you to ❤#SaveTheWorld from #Coronavirus! Recycle empty soda bottles into face shields and become a hero!   #BillionShields  Russian https://t.co/lunyFgs0l9 #BillionShieldsChallenge #earthday { https://t.co/p8pE9H7JA0,-0.5,april23_april24
142,1.2531943156874363e+18,"Covid exercise with Yen and Lawliet!  Had to masked up since there were many people on the trails this morning! @ San Marcos, California https://t.co/nSQw9ca1kz",0.3,april23_april24
143,1.2531956213281341e+18,"Yeah! #Nantucket
STAY HOME SAFE LIVES
Coronavirus in Massachusetts
https://t.co/zBBy9W3qTB
#Boston #Celtics #Bruins #RedSox #Patriots #massachusetts #rhodeisland… https://t.co/u2GDdgCwcX",0.2,april23_april24
144,1.2531966768289997e+18,"A clip from Covid Baking Competition: The Musical, Episode 1, The Introduction. Meet all the characters as they get ready to compete in the Covid Baking Competition. Who do you think is going to win?! Premiering in… https://t.co/qaql91tWwQ",0.0,april23_april24
145,1.2531972147651953e+18,We are currently conducting (relative to current COVID-19 guidelines) a research study in the Corpus Christi area in the Exercise Physiology and Biochemistry Lab at Texas A&amp;M University –… https://t.co/cNMj9EKvzl,-0.05625,april23_april24
146,1.2531981094019113e+18,How Argentina’s Strict Covid-19 Lockdown Saved Lives https://t.co/hbHtPoQuhX #science,0.1340909090909091,april23_april24
147,1.253198247826514e+18,I challenge you to #SaveTheWorld❤ from #Coronavirus! Recycle empty soda bottles into face shields and become a hero!   #BillionShields #Bottles2Shields  Spanish https://t.co/Dzh14k63m9  #BillionShieldsChallenge #earthday { https://t.co/SgSL5HVvKm,0.5,april23_april24
148,1.253198294244823e+18,More of my beautiful doggy friends on route! They never cease to amaze me with their sweetness ❤❤🐶🐶❤❤ #citycarrier #postalproud #Oakland #postallife #postalservice #covid #uspsdogs #dogsofinstagram #dogs… https://t.co/02AJjLb852,0.4301587301587302,april23_april24
149,1.2531987703822787e+18,Y’all Ready For Da Cure To Da Corona Drop 😷😷 In Da Comments If So 🤷🏾‍♂️Corona Out EveryWhere ! 🧑🏾‍🔬😷😈 @ Area 51 https://t.co/EXvubgVdsr,0.5,april23_april24
150,1.253199185278464e+18,#BillionShields Challenge is here! ?I challenge you to #SaveTheWorld:thanksdoc: from #Coronavirus! #BillionShieldsChallenge #earthday { https://t.co/UrROvtJwP6,0.0,april23_april24
151,1.2532047374214267e+18,"Hey Lakewood FFA! Your Chapter Treasurer understands how this Coronavirus has changed our lives, but still he encourages you to live to serve. Whether we are in the blue jacket or it is hanging up in the closet, we… https://t.co/WQ7YMLoat6",0.6,april23_april24
152,1.253204778093613e+18,"We need your help to keep our @dprplaymore parks, trails &amp; greenways open! When you visit, take your trash &amp; pet waste with you. Our park maintenance team is abiding by Durham's #COVID19 Stay-at-Home Order &amp; are not emptying trash regularly during this time. https://t.co/DSrGI2YHan",-0.6,april23_april24
153,1.2532050277679268e+18,"The in-person annual Zumba Instructor Convention (like a family reunion for us instructors), normally held in Orlando, FL, is canceled this year due to COVID-18.  But... 

to our great surprise, Zumba is bringing it… https://t.co/BNz8laRznR",0.4,april23_april24
154,1.2532067392620708e+18,"#Repost @EvolveStudio_SM
・・・
The response to our COVID19 short film ‘DISTANCE’ has been incredibly profound.

Please WATCH &amp; SHARE:
https://t.co/Ekyk5UD3mE

#sharehope
#distancefilm
#covid19
#coronavirus… https://t.co/o6boboYS0h",0.0,april23_april24
155,1.2532074575953797e+18,#BillionShields Challenge is here! ?I challenge you to #SaveTheWorld:thanksdoc: from #Coronavirus! https://t.co/b5luv6pEG3 #BillionShieldsChallenge #earthday { https://t.co/LvY4H9Euka,0.3636363636363637,april23_april24
156,1.253207805076607e+18,💔SMH I was so sure you were going to pull through I was so hopeful that you were...I can’t believe that your gone it’s unreal...covid-19 has affected so many of us in so many ways. The #hiphop community has taken… https://t.co/1MVStQFbRW,0.0,april23_april24
157,1.2532078505429156e+18,"Extraordinary Destiny ❤️ We'll all get through this and become stronger than ever from going through it. 💪 ❤️

・・・
#cslewisquotes 
#weareinthistogether #wewillovercome #covid19 #michelleleestyles #salonevamichelle @… https://t.co/RC5cleuMnT",0.025,april23_april24
158,1.253207948295385e+18,"I am going nuts 🥜 #quarentine #covid19  #covidmemes @ Lake Ronkonkoma, New York https://t.co/ffyzNeTgYF",-0.6,april23_april24
159,1.2532079892441457e+18,"Htown hol it dineeee 🤘🏽🤘🏽🤣🤣 #coronavirus #itsgettingreal #htown #houston @ Porter Heights, Texas https://t.co/u1lfmU5fRK",0.027000000000000003,april23_april24
160,1.253210218206503e+18,"Join Dr. Jazmine Highsmith and I on May 1, 2020 at 5p CST/6p EST to discuss #NCAA #Eligibility: Traditional #Rules, #COVID-19, and #Strategic #Planning.

Registration Links:

FB:… https://t.co/wnn3hYZgcc",-0.15,april23_april24
161,1.253215808781779e+18,What does Wednesday afternoon look like for us at @awakencolumbia during COVID-19?  Take a look. I wish I got all the different elements and people who make our online service possible. @ Awaken Church https://t.co/2KBRu051Cx,0.2272727272727273,april23_april24
162,1.2532163632015606e+18,I challenge you to ❤#SaveTheWorld from #Coronavirus! Recycle empty soda bottles into face shields and become a hero!   #BillionShields  Russian https://t.co/lunyFgs0l9 #BillionShieldsChallenge #earthday { https://t.co/NhiljTrOQc,0.0,april23_april24
163,1.2532170214305055e+18,Remember when we hung our tassels from here? 🎓 #coronavirus #wearafacemask #protectyourself #protectothers @ Publix Super Market at 4th Street Station https://t.co/q1fdYRWaAv,0.0,april23_april24
164,1.2532171976498504e+18,It's time to QUIT!!! Do it with Tobacco Free Living/1-800-Quit-NOW 👏 👏 👏 Corona Virus is still rampant all over Louisiana! #Covid19 preys on people with weak lungs or compromised lungs. Quit today! Thank me later!… https://t.co/NavjXkJek3,0.0,april23_april24
165,1.2532172037653463e+18,"Covid or not, I'm still eatin like a champ!! 🤔👊🏾✊🏾😎 #CovidandChill #BasedOnATruStory @ Canarsie, Brooklyn https://t.co/vDnuiwUZQ7",0.0,april23_april24
166,1.2532172148341064e+18,"Dear Family, 
    The Villainette Love Bag team is embarking on a Covid-19 adventure, and we need your help! We are collecting small donations from whomever is willing, to fill gift… https://t.co/BM9NVkXuX1",0.28750000000000003,april23_april24
167,1.2532184392520172e+18,"We’ll be ok 💕
•
•
•
#quarantine2020 #coronavirus #corona #selfisolation #garethemery #stuckathome #youllbeok #garethemerymusic #garethemeryphoto #100reasonstolive #northernlights #edmmusic #trance #trancefamily… https://t.co/ZbDkPokFM5",0.46875,april23_april24
168,1.253220100452356e+18,"I did it! Saved the deal three times which did the trick. Who's ready to close with me in this pandemic?
#closinglife #covid19 #pandemic #🏡#harperwoods #metrodetroit #😷 #puremichigan #tozzirealty @ Gino Tozzi - Real… https://t.co/EGBEj6JM0b",-0.023809523809523808,april23_april24
169,1.2532207821400023e+18,Welp it’s obvious at this point https://t.co/kAFNTG3X8J,0.08096590909090909,april23_april24
170,1.2532259288487854e+18,"Wanting to sell your home during COVID-19! Let us connect and see if we are a good fit! 

#sammamishrealestate #sellinginsammamish
#sammamish @ Sammamish, Washington https://t.co/SrOOKOw7vz",0.5083333333333333,april23_april24
171,1.2532266207452037e+18,"Today is a mac n cheese kind of day. 🧀
.
.
.
#macaroniandcheese #macncheese #comfortfood #stayhomesavelives #shelterinplace #socialdistancing #flattenthecurve #staysafe #staystrong #covid19 #coronavirus @ Uptown,… https://t.co/aJGGD2FBv7",-0.19166666666666668,april23_april24
172,1.253226938770088e+18,#BillionShields Challenge is here! ?I challenge you to #SaveTheWorld:thanksdoc: from #Coronavirus! https://t.co/b5luv6pEG3 #BillionShieldsChallenge #earthday { https://t.co/uxbgwmgsi7,0.0,april23_april24
173,1.2532270260408156e+18,#BillionShields Challenge is here! ?I challenge you to #SaveTheWorld:thanksdoc: from #Coronavirus! #BillionShieldsChallenge #earthday { https://t.co/UlwmVnHHFf,0.4583333333333334,april23_april24
174,1.2532274036205527e+18,"Quick test result came back today via email , I tested negative #covid_19 #negativeresults #coronavirus @bluesbuddha @bluesbuddha @ New York, New York https://t.co/Lp9Zr9g7X8",0.20803571428571427,april23_april24
175,1.253227553759912e+18,We are going to be posting a picture in honor of what Greek Week event would have been occurring today and for the rest of the weekend if it weren’t for the effects of COVID-19. First up is events day!! We will miss… https://t.co/QUeCmW8j8K,0.11428571428571427,april23_april24
176,1.253227580632621e+18,❤❤ I challenge you to #SaveTheWorld from #Covid-19! Recycle empty soda bottles into face shields and become a hero!  https://t.co/b5luv6pEG3 #BillionShieldsChallenge #earthday { https://t.co/smauF8l5tU,0.1,april23_april24
177,1.2532293608252908e+18,❤#SaveTheWorld from #Coronavirus!  Recycle empty soda bottles into face shields and become a hero!   #BillionShields  Arabic https://t.co/YrxltDqaph #BillionShieldsChallenge #earthday { https://t.co/2f9A4DSrsh,0.0,april23_april24
178,1.2532294849221345e+18,"#DEARBORN (TCD) | The number of confirmed cases of the coronavirus (COVID-19) in Michigan has risen to 35,291 as of Thursday, including 2,977 deaths, state officials report. @ Dearborn, Michigan https://t.co/rWjwdDeey4",0.2523809523809524,april23_april24
179,1.2532303209226363e+18,#BillionShields Challenge is here! ?I challenge you to #SaveTheWorld:thanksdoc: from #Coronavirus! #BillionShieldsChallenge #earthday { https://t.co/q1QQHbGi6y,0.0,april23_april24
180,1.2532306505527992e+18,❤❤ I challenge you to #SaveTheWorld from #Covid-19! Recycle empty soda bottles into face shields and become a hero!  https://t.co/b5luv6pEG3 #BillionShieldsChallenge #earthday { https://t.co/5SzAHejMiA,0.0,april23_april24
181,1.2532307814905897e+18,"Oh, my hair.... #CantorQuarantine #SequesteredSinger #Covid19 #CoronaVirus #StayHomeHair #Ghost #WhoopieGoldberg #DamnBaby @ Audubon Plantation Ridge https://t.co/r9NUp7fCbw",-0.2,april23_april24
182,1.2532308992919265e+18,❤#SaveTheWorld from #Coronavirus!  Recycle empty soda bottles into face shields and become a hero!   #BillionShields  Arabic https://t.co/YrxltDHLgP #BillionShieldsChallenge #earthday { https://t.co/q54d3HEVKF,0.05,april23_april24
183,1.2532364287476326e+18,"Am I singing 🎤 🎶 about you???  After all this Corona is over with 🕺🏾🕺🏾🕺🏾..... 😂🤣😅👀‼️.  #stillpoppintho @djKSwindle #PartyFavorsDjs™️🙌🏽 @ Lewisville, Texas https://t.co/z0ESoeX0Ig",0.13636363636363635,april23_april24
184,1.253237964282499e+18,"According to tmz_tv NY Hip Hop artist fredthegodsonmusic has passed away due to the Covid-19 virus. We send prayers, love and good energy to his family during this difficult time... 🙏🏽🙏🏽🙏🏽  #blvdave #blvdaveradio… https://t.co/26tYIUafGl",0.2684343434343434,april23_april24
185,1.2532380626806497e+18,"COVID-19 has changed life for all of us. While we trying to keep ourselves and each other safe from the physical effects of the virus, this new life can also affect our emotional health.      It’s important to take… https://t.co/atNqquioae",0.125,april23_april24
186,1.2532383373909402e+18,"I have to make sure the battery still works in the car. So. Here I sit reading my book. 
#amreadingfantasy
#amreadingfiction #covidreading #covid19 @ Squirrel Hill (Pittsburgh) https://t.co/PvLmuDiwls",0.18068181818181814,april23_april24
187,1.2532384890696294e+18,"Today, on the Covid19 Concert Series... #actorslife #actor #hollywood #losangeles #wildcatraf33 #comedy #sciencefiction #classicfilm #parody #pleasedontsueme #Imbroke #funny #humour #humor #tryingtosurvive #stayhome… https://t.co/ZSwJ9uiWZW",0.7,april23_april24
188,1.2532386520684913e+18,"Who knows what I mean when I say Grandma could have whooped Covid 19 if she were still alive today?  
Man, I miss her!  Tell me of some of your Grandmother's  'get well' concoctions:… https://t.co/HqpttJT03J",0.275,april23_april24
189,1.2532388647953162e+18,"#StayAtHome  work space!
What are you doing to create a workspace best for you while working from home?
.
.
.
.
.
.
#CoronaVirus #workfromhome #workfromhomelife #Realtorlife #RealtorThings
#RealtorBoss #RealtorWife… https://t.co/OyQ3UTXWXG",0.16666666666666666,april23_april24
190,1.2532396017217946e+18,Heroic. https://t.co/da8X1V9bwe,0.36666666666666653,april23_april24
191,1.253239732559065e+18,"I'm raising money for @ulmancancerfnd and have to channel my inner Bernie. Cancer hasn't stopped in the midst of Coronavirus.

Please consider making a donation today. Link can be found in… https://t.co/trTNCAl7PL",0.0,april23_april24
192,1.2532397937875722e+18,"Meet Andre Blocklife Johnson

His story is WILD! 

Get in the loop..I am #blocklifetheauthor 

#covid_19 #coronavirus #newnormal #blocklifetheauthor  

I’m gonna need you to go to Amazon and get yourself some new… https://t.co/FcspWizt4A",0.2619047619047619,april23_april24
193,1.2531930741902787e+18,"Always Great to catch up with my brother @terrycrews even if it’s via a Zoom Interview. Today we talked about a lot including Family, Football, #COVID19 , @WWE ,His new netflixfilm #TheWilloughbys streaming now and… https://t.co/uM4HLRJ7oA",0.6,april23_april24
194,1.2531940897653023e+18,"This is so meaningful and it says it all. In the wake of COVID19/SARS-CoV 2 a lot of people who have been saying they have faith has been losing that faith. I understand how easy it is to lose faith, every spiritual… https://t.co/NbIoyqvOTS",-0.5,april23_april24
195,1.2531941678884332e+18,"Impromptu marketing session with Chris Cano. 🎥Talking real estate during #covid19 , PCS  moves, life as a #milspouse and preparing for the market resurgence. 🇺🇸 #helpingveterans #vahomeloan #vatruth #pcs #military… https://t.co/R4t4VmqrGq",0.2,april23_april24
196,1.253194232363397e+18,I challenge you to ❤#SaveTheWorld from #Coronavirus! Recycle empty soda bottles into face shields and become a hero!   #BillionShields  Russian https://t.co/lunyFgs0l9 #BillionShieldsChallenge #earthday { https://t.co/Tt8eTZxdoO,0.8,april23_april24
197,1.2531952050183373e+18,"BREAKING NEWS: Administration tries to back Trump’s claim that warmer weather will kill coronavirus.

Should say desperately tries to back Trump’s unsubstantiated claim. #sad @ The White House https://t.co/xdSUypYFVr",0.0,april23_april24
198,1.2531952136585667e+18,"#missingyou #soccerlife #quarantine #covid19 @ Northborough, Massachusetts https://t.co/ltbEXJTNFa",0.0,april23_april24
199,1.2531952814888428e+18,"“Aren’t you supposed to be somewhere, dad?” Grateful for Charlie during this #pandemic, but I’m certain I’m interrupting his napping 💤 schedule. He’s been my shadow around the house. 

.
.
#coronavirus #covid_19… https://t.co/jPFOmpRNvf",-0.1,april23_april24
200,1.253196827974869e+18,I challenge you to ❤#SaveTheWorld from #Coronavirus! Recycle empty soda bottles into face shields and become a hero!   #BillionShields  Russian https://t.co/lunyFgs0l9 #BillionShieldsChallenge #earthday { https://t.co/sbUSW9G4T5,0.5,april23_april24
201,1.2531981094019113e+18,"Still doing business!  If you are looking to sell .... you can thank Covid for less competition today than one month ago #phoenixrealestate @ Glendale, Arizona https://t.co/FiMm4zhHo1",0.1340909090909091,april23_april24
202,1.253198247826514e+18,"🤘Decked out protection part 2🤘. #covid_19 #coronavirus #comegetmecovid #fuckingcorona #metal #metalguitar #slipknot #slipknotmasks #comeandgetitsucka @ Philadelphia, Pennsylvania https://t.co/FZs90DUT5Z",0.5,april23_april24
203,1.253198294244823e+18,"The Unisphere at Flushing Meadows-Corona Park #coronapark - hard HDR re-edit #gramheist #createnomatterwhat 
#streetphotography #streetphotographer #streetlife #socialenvy #picture #pictures #art #picoftheday  #focus… https://t.co/bPNJhLK2lV",0.4301587301587302,april23_april24
204,1.2531984656577126e+18,"Not pictured *another 16 piece 🦞 * lol
•
•
•
#quarantine #stayathome #stayathomeorder #losangeles #midwilshire #miraclemile #covid19 #covid19la #kazunori #lunch #goodfriday #imeangoodfood #ubtagency #DT #2020 #sushi… https://t.co/RVO0eGSR4E",0.1340909090909091,april23_april24
205,1.2531985585446216e+18,❤#SaveTheWorld from #Coronavirus!  Recycle empty soda bottles into face shields and become a hero!   #BillionShields  Arabic https://t.co/YrxltDHLgP #BillionShieldsChallenge #earthday { https://t.co/kaKAaKvqHX,0.0,april23_april24
206,1.253199185278464e+18,#BillionShields Challenge is here! ?I challenge you to #SaveTheWorld:thanksdoc: from #Coronavirus! #BillionShieldsChallenge #earthday { https://t.co/XWDfMXMVUy,0.0,april23_april24
207,1.2532047374214267e+18,Face masks are essential in helping to curb the spread of Covid-19 while out in public places (also washing hands and maintaining a 6 foot distance from others) so please cover up!  We have 100% cotton @rockmountrw… https://t.co/bBRys0oIQf,0.6,april23_april24
208,1.2532048444390523e+18,"Damn... I felt this one.. this show was rescheduled to August 1st... unfortunately we'll never have the chance to perform together 😞... #RIP fredthegodsonmusic 

#fredthegodson #coronavirus #covid19 #hiphop #rap… https://t.co/ckI5OlxX5G",0.6,april23_april24
209,1.253204882418434e+18,"REST IN PEACE MY BROTHER 💔🙏🏼
It was a pleasure meeting you. I know you fought hard 💪🏼 RIP 
.
.
.
#freddagodson #rip #hiphop #rap #artist #music #ny #nyc #corona #coronavirus #covid19 #staysafe #stayhome #stayhealthy… https://t.co/RsuUs2Qeor",0.0,april23_april24
210,1.2532050277679268e+18,"Hope for the #coronavirus  #covid_19  crisis @ Rockaway, New Jersey https://t.co/3D5Qj1cEUs",0.4,april23_april24
211,1.2532067392620708e+18,"Rest Up 🤲🏾🤲🏾 #FredTheGodson fredthegodsonmusic Its Being Reported he Passed away from Complications due to the #CORonavirus Condolences to His Wife and Family!! #SmashCashRadio #SmashCashTV @ Chicago, Illinois https://t.co/UK5cYwFrBS",0.0,april23_april24
212,1.2532071618633646e+18,Shaker Road Loudonville Fire Department a Covid safe “Happy Birthday” parade to someone on our street this afternoon... two laps of the street and a Bag Pipes serenade of ‘Happy Birthday’ in front of the house.… https://t.co/mO6dxtWP0P,0.8,april23_april24
213,1.2532074575953797e+18,"I don't leave venture out into the public often but, when I do I feel like a ninja. 
#takecare #stayathome #socialdistancing #socialisolation #ninja #stayhome #coronavirus #covid19 #covid_19 #backup #ninjamama @ New… https://t.co/24iQG2bqNo",0.3636363636363637,april23_april24
214,1.253207805076607e+18,"We wish to unequivocally thank each and every person for their help fighting #covid19 - and to those lost will never be forgotten.

We will come out stronger #togetherathome and #togetherapart @ Cape Coral, Florida https://t.co/6tAg0GdHld",0.0,april23_april24
215,1.2532078505429156e+18,"We’re all committed to slowing the spread of COVID-19. We’re offering custom printed masks for your group, business, team or organization. Washable and comfortable dual-layer stitched cotton.
Available now… https://t.co/4032rookO2",0.025,april23_april24
216,1.253207948295385e+18,#BillionShields Challenge is here! ?I challenge you to #SaveTheWorld:thanksdoc: from #Coronavirus! https://t.co/b5luv6pEG3 #BillionShieldsChallenge #earthday { https://t.co/VmGqOxPT5J,-0.6,april23_april24
217,1.2532079892441457e+18,"Materials for 90 more masks. Not including the 9 yards of fabric purchased today. # covid19 #facemask #teamkentucky #teamky #isewmasks #togetherky #sewtogether #safeathome @ Lexington, Kentucky https://t.co/5zIhSIGnU3",0.027000000000000003,april23_april24
218,1.2532079986102477e+18,#BillionShields Challenge is here! ?I challenge you to #SaveTheWorld:thanksdoc: from #Coronavirus! #BillionShieldsChallenge #earthday { https://t.co/iUO8vazCqC,0.0,april23_april24
219,1.253215808781779e+18,actually I miss walking trough all downtown LA and not knowing corona virus em Los Angeles City Hall https://t.co/cgqHGgUhJI,0.2272727272727273,april23_april24
220,1.2532159621840855e+18,"2nd Corona haircut by adb427 ... better watch your back adellcates 😂
#shesdonegreat
#shesreadyformetogobacktoadelle
#imjusthappyitgotcut @ Trussville, Alabama https://t.co/5xpMDWygbl",0.0,april23_april24
221,1.2532162016578642e+18,"Came out of the home office today and saw how my youngest is adapting to the solidarity that is #COVID19 stay at home order. #Friends #TheyNeverDisagreeWithHim @ Loma Colorado, Rio Rancho https://t.co/TfQvthzdFt",0.25,april23_april24
222,1.2532166795360707e+18,I challenge you to ?#SaveTheWorld from #Coronavirus! Recycle empty soda bottles into face shields and become a hero!   #BillionShields  Russian https://t.co/lunyFgaptB #BillionShieldsChallenge #earthday { https://t.co/3LwqwGH9a2,-0.34542410714285715,april23_april24
223,1.2532171378812396e+18,"COVID-19 Coronavirus Pandemic
 
We know “EVERYTHING GONNA BE ALRIGHT”

ALL IS WELL ~ Elder Cory A. McCarther #elderCAM #sirDOC #AllIsWell @ Charlotte, North Carolina https://t.co/DW2IpNHkTL",0.5,april23_april24
224,1.2532171976498504e+18,In our latest Robopsych podcast we interview Erin Bishop @RobotDiva of Sense Photonics about automated visual perception systems (Lidar &amp; beyond) &amp; the impact of the COVID-19 pandemic on robotics robopsychcom… https://t.co/pkJx2XG9RQ,0.0,april23_april24
225,1.2532173497858499e+18,"4-23-2020
Trips to PA! Good memories as covid keeps up stuck @ Hilo, Hawaii https://t.co/QxdCtLrrnX",-0.8928571428571429,april23_april24
226,1.2532184392520172e+18,"Ever try to stand up with an espresso in one hand and a donut in the other?⁣
⠀⠀⁣
It feels a whole lot like trying to work and homeschool and not catch the corona virus... 😂😂😂⁣
⁣
Thus I leave you with this ridiculous… https://t.co/MAJVjlXRSD",0.46875,april23_april24
227,1.253218862985814e+18,"Many thanks to Commissioner Kenneth E. Lawrence, Jr. for helping out with Meals on Wheels at our Norristown center this week. We appreciate all that you are doing to fight COVID-19 in Montgomery County. @ Norristown,… https://t.co/ab67HhdGr3",0.0,april23_april24
228,1.253218946221736e+18,"“I think culturally it would be devastating to lose a place like that,” @wildacrebrewing founder John Prichett said of craft breweries in jeopardy because of the coronavirus recession. While some breweries are doing… https://t.co/gNmnh5pc5d",0.9,april23_april24
229,1.2532192736795566e+18,"Yeah! #Nantucket
STAY HOME SAFE LIVES
Coronavirus in Massachusetts
https://t.co/jtiR9tErE8
#Boston #Celtics #Bruins #RedSox #Patriots #massachusetts #rhodeisland #connecticut #ct #newyorkcity #newyork #nyc #ack… https://t.co/5UIgW8p00H",0.4,april23_april24
230,1.2532197185608049e+18,"First video ready...

sexzchef ・・・
#SEXZCHEF 😷🔥 We strapped up with our #SEXZCHEFMASK cause ain’t no coronavirus gonna stop sexzchef @potionsinmotion dinnersinmotion lovelamblife  @ConchaSolutions #TEAMSEXZCHEF &amp;… https://t.co/dfAX0ALiOw",0.2,april23_april24
231,1.2532198556350136e+18,❤#SaveTheWorld from #Coronavirus!  Recycle empty soda bottles into face shields and become a hero!   #BillionShields  Arabic https://t.co/YrxltDqaph #BillionShieldsChallenge #earthday { https://t.co/68mzRMAEsj,0.0,april23_april24
232,1.253220100452356e+18,"Corona At-Home Workout
Day 42 
Thursday 4/23/2020

5 rounds for time: 
200 m run 
50 double unders or jump ropes or jumping jacks 
50 squats 
25 push-ups 
Rest the remaining time of each seven minute… https://t.co/eOwIh7Fs0G",-0.023809523809523808,april23_april24
233,1.2532207821400023e+18,I challenge you to ?#SaveTheWorld from #Coronavirus! Recycle empty soda bottles into face shields and become a hero!   #BillionShields  Russian https://t.co/lunyFgs0l9 #BillionShieldsChallenge #earthday { https://t.co/KRFrjikh8G,0.08096590909090909,april23_april24
234,1.2532259288487854e+18,"Color me RECOVERED!!! The recovered column just got its sexiest new addition! Oh COVID... you persistent little bitch. 

37 days from start to finish. 29 consecutive days of symptoms. 27 days with a fever, complete… https://t.co/pnlno5VMhq",0.5083333333333333,april23_april24
235,1.2532266223012946e+18,"Covid-19 testing available in south st pete @ Saint Petersburg, Florida https://t.co/LoTdAyZDGh",0.125,april23_april24
236,1.2532270260408156e+18,Corona NY Thu Apr 23rd PM Forecast: TONIGHT Partly Cloudy Lo 31 SATURDAY Sunny Hi 41,0.4583333333333334,april23_april24
237,1.253227553759912e+18,I challenge you to #SaveTheWorld❤ from #Coronavirus! Recycle empty soda bottles into face shields and become a hero!   #BillionShields #Bottles2Shields  Spanish https://t.co/Dzh14k63m9  #BillionShieldsChallenge #earthday { https://t.co/w2XGVprAp8,0.11428571428571427,april23_april24
238,1.253227580632621e+18,❤❤ I challenge you to #SaveTheWorld from #Covid-19! Recycle empty soda bottles into face shields and become a hero!  https://t.co/b5luv6pEG3 #BillionShieldsChallenge #earthday { https://t.co/pnsihEpBl9,0.1,april23_april24
239,1.2532278530109317e+18,"MASCARA SAGRADA!... 🇲🇽🇲🇽🇲🇽🇲🇽🇲🇽🇲🇽🎯🎯💯💯💯💯🙌🏽🙌🏽🙌🏽🙌🏽🙌🏽🙌🏽🚫🚫🚫🚫🚫🎮🎮🎮... THIS GON BE MY MASK..#CORONAVIRUS #MASKS #MASCARASAGRADA #MEXICAN #WRESTLING #LEGEND #NOETHECHIEF #pandemic #stayhome #stay #safe @ Houston, Texas https://t.co/WRUaU0CaCP",0.0,april23_april24
240,1.2532282671187558e+18,"Pour a glass of wine (if you haven't already) because #NationalSauvignonBlancDay is just another excuse to enjoy a glass (or 2)! 🍷 
#fortlauderdale #ftlauderdale #sauvignonblanc #sauvignon #wine #drink #drinks #cheers #covid19 #coronoavirus #stayhome #home https://t.co/WR5H9u65SL",0.033712121212121214,april23_april24
241,1.253228601077633e+18,"Remember, the cup is AWAYS half full! 🥛 With all that’s going on with the COVID-19 pandemic 🦠, it’s easy to lose focus. But it’s especially important in these times to set goals. And break them down into smaller… https://t.co/UOeUCOEqT3",0.2222222222222222,april23_april24
242,1.2532293482844365e+18,A couple of scenes from our interview with trtworld about the effects of Covid-19 on small businesses.  Hopping to reopen our doors soon! 🙏 @ Cafe Chocolat DC https://t.co/QrwhlbSXrl,-0.16666666666666666,april23_april24
243,1.2532303209226363e+18,"Classic counsel on cover letters!  Covid-19 and business closures mean more job seekers.  Get informed, boost your chances. #jobsearch #jobsearchcoach @ National Harbor, Maryland https://t.co/pnG8NF5n2G",0.0,april23_april24
244,1.2532307814905897e+18,❤#SaveTheWorld from #Coronavirus!  Recycle empty soda bottles into face shields and become a hero!   #BillionShields  Arabic https://t.co/YrxltDqaph #BillionShieldsChallenge #earthday { https://t.co/mGKTBbLfaL,-0.2,april23_april24
245,1.2532308992919265e+18,Stay Corona Free 🙏🙏🙏 #ongod #stayprayedup #sanitize #lovethosewholoveyou #power #shiftdanightchild #washyourhands #protectyourself #6feetapart #socialdistancing #virtualeverything #tv # #musicnevastops #thejourney… https://t.co/roxh9GULz8,0.05,april23_april24
246,1.2532362311289774e+18,"For Hawaii high schoolers in the class of 2020, COVID-19 has completely upended senior year — and it’s having a big impact on their plans for the fall as well. The effects of coronavirus on schools have been a big… https://t.co/QzrIhzKF31",0.0,april23_april24
247,1.2532364287476326e+18,I challenge you to ?#SaveTheWorld from #Coronavirus! Recycle empty soda bottles into face shields and become a hero!   #BillionShields  Russian https://t.co/lunyFgaptB #BillionShieldsChallenge #earthday { https://t.co/e5cdxfbaZx,0.13636363636363635,april23_april24
248,1.2532375518272143e+18,#BillionShields Challenge is here! ?I challenge you to #SaveTheWorld:thanksdoc: from #Coronavirus! https://t.co/b5luv6pEG3 #BillionShieldsChallenge #earthday { https://t.co/vfgLIQnNhg,0.18333333333333332,april23_april24
249,1.253237964282499e+18,"Thank you margiegutierrez53 for our amazing masks! We love them and you! Thank you Tucson for your orders we felt the love! #hometownpride #qlife #covid19 #facemask #custommade #love #SKC @ Tucson, Arizona https://t.co/jXOGZrBEU1",0.2684343434343434,april23_april24
250,1.2532380593210286e+18,chaaaahming. https://t.co/iY080lzRiP https://t.co/3N6d74ZB92,0.3069444444444445,april23_april24
251,1.2532383373909402e+18,"Did you know independent contractors, small business owners, substitute teachers, gig economy workers, child care workers from churches, cosmetologists, or anyone else that had to leave their jobs because of COVID-19 qualify for unemployment? Apply at https://t.co/O22fhhjjL1 https://t.co/4LgMBIYZAH",0.18068181818181814,april23_april24
252,1.2532384890696294e+18,#BillionShields Challenge is here! ?I challenge you to #SaveTheWorld:thanksdoc: from #Coronavirus! https://t.co/b5luv683Ov #BillionShieldsChallenge #earthday { https://t.co/WZ7TrAIZv5,0.7,april23_april24
253,1.2532385698896527e+18,"How am I doing? Hmmm... Well here’s my latest design idea...
#hereliesasmallbusiness#covid19 #howmanywillclose #covid19effects #tombstone #deathofsmallbusinesses @ Seattle, Washington https://t.co/RvOnglrUwZ",0.0,april23_april24
254,1.2532386520684913e+18,"Who has enough cash to get through the Coronavirus Crisis? Do you agree or disagree? #nytimes #popular #opinion #coronavirus #discussion @ South Hadley, Massachusetts https://t.co/OQHNQqFuxJ",0.275,april23_april24
255,1.2532393127218545e+18,Happy Thursday family and friends!!! Love you all. I hope you are all being safe and taking care of yourselves during this difficult time right now. 😘❤ #thursday #love #family #friends #safe #covid19… https://t.co/5vQWHxi2ci,-0.16294642857142858,april23_april24
256,1.2532396017217946e+18,"COVID-19 Style Haircut outside, in the backyard in rain and cold. Ready for telehealth consultations and/or a quick hello with my patients. #covid19haircut #telehealth #telemedicine #besafeandhealthy #stayhome @ AGH… https://t.co/VvHNew7l8y",0.36666666666666653,april23_april24
257,1.2531940897653023e+18,#BillionShields Challenge is here! ?I challenge you to #SaveTheWorld:thanksdoc: from #Coronavirus! https://t.co/b5luv683Ov #BillionShieldsChallenge #earthday &gt; https://t.co/zuGWeaUeh5,-0.5,april23_april24
258,1.2531941678884332e+18,❤❤ I challenge you to #SaveTheWorld from #Covid-19! Recycle empty soda bottles into face shields and become a hero!  https://t.co/b5luv683Ov #BillionShieldsChallenge #earthday &gt; https://t.co/deQPgUMmUL,0.2,april23_april24
259,1.2531943156874363e+18,#BillionShields Challenge is here! ?I challenge you to #SaveTheWorld:thanksdoc: from #Coronavirus! https://t.co/b5luv683Ov #BillionShieldsChallenge #earthday &gt; https://t.co/xXIPyrVQAz,0.3,april23_april24
260,1.2531951778392064e+18,Lazy rainy day!  Coronavirus Diet!   #SaraBCGOP… https://t.co/07phNAxI89,0.0,april23_april24
261,1.2531952050183373e+18,Hello community members. The Stockbridge Mayor and Council encourages citizens to continue to implement practices to help reduce the spread of COVID-19 as set by the Centers for Disease Control &amp; Prevention (CDC).… https://t.co/Og6u9lZhjg,0.0,april23_april24
262,1.2531952814888428e+18,"I had virtual sex ... After testing positive for COVID-19

#perspective #perspectives #perception #changeyourperception #coronavírus #coronamemes #coronavirusmemes😂😂😂 #corona #coronavid19 #covid_19 #covıd19 #covid… https://t.co/KpBtb79y6U",-0.1,april23_april24
263,1.2531956213281341e+18,My hero in &amp; out of the hospital #healthcareheroes #stayhome #flattenthecurve #nursepractitioner our priority is for a #vaccine for the #coronavirus #staysafe @ Mount Sinai Morningside https://t.co/Yli4e48m7M,0.2,april23_april24
264,1.2531966768289997e+18,❤❤ I challenge you to #SaveTheWorld from #Covid-19! Recycle empty soda bottles into face shields and become a hero!  https://t.co/b5luv683Ov #BillionShieldsChallenge #earthday &gt; https://t.co/t0Tj2yGVX7,0.0,april23_april24
265,1.253196827974869e+18,"i'm a little disappointed with peace corps red cross COVID-19 effort relief☮️❌👼🏾 @ Monterey Park, California https://t.co/yVvzJtOadR",0.5,april23_april24
266,1.253198247826514e+18,"Why do some people get sick, some have mild symptoms, and some suffer from many symptoms and even die?  It's all about how your immune system functions.  #arnoldchiropractor #covid19 #immunehealth #immunesupport @… https://t.co/3xdovJYZ0u",0.5,april23_april24
267,1.253198294244823e+18,"Only COVID-19 could make me even remotely fashionable @ Oxford, Mississippi https://t.co/TXXNI2sxaz",0.4301587301587302,april23_april24
268,1.2531985585446216e+18,I challenge you to #SaveTheWorld❤ from #Coronavirus! Recycle empty soda bottles into face shields and become a hero!   #BillionShields #Bottles2Shields  Spanish https://t.co/Dzh14jOsuB  #BillionShieldsChallenge #earthday &gt; https://t.co/LAlnOk7I0z,0.0,april23_april24
269,1.253199185278464e+18,"Vet life. COVID life. Retired life. 2020. @ University Place, Washington https://t.co/j40TOOU8A8",0.0,april23_april24
270,1.253199275972014e+18,❤❤ I challenge you to #SaveTheWorld from #Covid-19! Recycle empty soda bottles into face shields and become a hero!  https://t.co/b5luv683Ov #BillionShieldsChallenge #earthday &gt; https://t.co/Kp8q9BEw31,0.3703703703703704,april23_april24
271,1.2532047374214267e+18,"Repost from my company @cbdspaus. Get some excellent CBD product for a great price!

Worried about money while staying at home during Covid-19? We are here to help with 50% off all of our products during this… https://t.co/F38enmJxjD",0.6,april23_april24
272,1.253204778093613e+18,#BillionShields Challenge is here! ?I challenge you to #SaveTheWorld:thanksdoc: from #Coronavirus! https://t.co/b5luv683Ov #BillionShieldsChallenge #earthday &gt; https://t.co/e8vn6Tll47,-0.6,april23_april24
273,1.2532048444390523e+18,This man was elected president of the United States.  Think about that!   Trump suggests 'injection' of disinfectant to beat coronavirus and 'clean' the lungs https://t.co/U6wAyHMVM1 via @nbcnews,0.6,april23_april24
274,1.2532074575953797e+18,"Sadly, my 5K turned virtual due to the Coronavirus, but it was still my fastest 5K yet! My goal was under 30 minutes... Ugh, so close!
•
“There’s nothing wrong with having a tree as a friend.” - Bob Ross
•… https://t.co/KuOyQr74vD",0.3636363636363637,april23_april24
275,1.253207805076607e+18,"In an unprecedented move to continue delivering instruction through these coronavirus quarantine days, teachers everywhere have had to flip their classrooms. Sr. Patricia Dougherty, OP reaches her Dominican… https://t.co/WHJg5aiO4N",0.0,april23_april24
276,1.2532080015881994e+18,"Ghost your lover, come for another...Bacon Avo Burger @outcastgrillsd 
.
.
.
.
.
.
#burger #coronavirus #pandemic #stayhome #housearrest #burgerlover #lover #sunnyday #california #juicy #tomato #lettuce… https://t.co/loY5l7xIMQ",0.0,april23_april24
277,1.2532093818705592e+18,"Heading into the weekend during Covid be like...

Join us for some Quinn+Tonik tomorrow, or get us your notes and requests.

Cocktail kits, masks and pyjamas coming soon...

#duncanquinn #savilerowmeetsrocknroll… https://t.co/YRq7jiEstJ",0.0,april23_april24
278,1.253210218206503e+18,"New mask from @tjm412 #coronavirus @ Pittsburgh, Pennsylvania https://t.co/DizrNLt8or",-0.15,april23_april24
279,1.2532159621840855e+18,I challenge you to ❤#SaveTheWorld from #Coronavirus! Recycle empty soda bottles into face shields and become a hero!   #BillionShields  Russian https://t.co/lunyFgs0l9 #BillionShieldsChallenge #earthday &gt; https://t.co/stFYYCIgry,0.0,april23_april24
280,1.2532166795360707e+18,❤❤ I challenge you to #SaveTheWorld from #Covid-19! Recycle empty soda bottles into face shields and become a hero!  https://t.co/b5luv683Ov #BillionShieldsChallenge #earthday &gt; https://t.co/E2MMrfhDeC,-0.34542410714285715,april23_april24
281,1.2532170214305055e+18,"Workouts for Intermediate 🔥
Here are four tabata exercises you can do at home for fat-burning while building muscles. Hope this helps and stay away from #covid19 😷 :
-
1️⃣ Prisoner Squat 
2️⃣ MC
3️⃣ Deadbug… https://t.co/M6LBN4A8M5",0.0,april23_april24
282,1.2532171976498504e+18,I challenge you to #SaveTheWorld❤ from #Coronavirus! Recycle empty soda bottles into face shields and become a hero!   #BillionShields #Bottles2Shields  Spanish https://t.co/Dzh14jOsuB  #BillionShieldsChallenge #earthday &gt; https://t.co/L5rlFuBFEA,0.0,april23_april24
283,1.2532172037653463e+18,"New office; who dis?
•
•
•
#quarantinication #quarantinelife #caronapocolypse #coronavirus #covid19 #fortnite #fortnight @ Arbour Square Apartments https://t.co/kdn924z4Rk",0.0,april23_april24
284,1.2532172148341064e+18,#BillionShields Challenge is here! ?I challenge you to #SaveTheWorld:thanksdoc: from #Coronavirus! #BillionShieldsChallenge #earthday &gt; https://t.co/lDBRid0KNm,0.28750000000000003,april23_april24
285,1.2532173497858499e+18,No telling what bullshit I went through that I was thinking bout .  #HeatStroke out Now !!! #quarantine #covid #covid_19  #pressplay #youtube #martianGang #MaarsMartians #Maars #visual #new #linkinbio  GO ☝🏾 @… https://t.co/U5MpjchJDU,-0.8928571428571429,april23_april24
286,1.2532174317381837e+18,Lesson #2008548 of COVID Frozen is SOOOO MUCH BETTER THAN BABY SHARK!! 🤦🏽‍♀️ @ Lake Davidson https://t.co/2MEe5qztMo,0.4,april23_april24
287,1.2532184392520172e+18,❤❤ I challenge you to #SaveTheWorld from #Covid-19! Recycle empty soda bottles into face shields and become a hero!  https://t.co/b5luv683Ov #BillionShieldsChallenge #earthday &gt; https://t.co/k2V6YZPwdL,0.46875,april23_april24
288,1.253218639509164e+18,"On #TheUpdate this Thursday from Rockefeller Park, the city health commissioner Dr. Oxiris Barbot says that more than 142,000 people in the city have tested positive for coronavirus, but… https://t.co/lF2nTFgdxF",0.06818181818181818,april23_april24
289,1.253218862985814e+18,Ready to make this walk again. My ppl need #entertainment #beastboy #covid_19 #coronavirus #readytofight #staysafe #mma #ufc #bellator #roadfc #tkd #photography #love #imissyou #xfn #dog @ Barnett Tae Kwon DO Academy https://t.co/PJwQAbuFDG,0.0,april23_april24
290,1.253218946221736e+18,Read about the life of this hero.  Would you have been able to endure?! #UCSJ #partison #liberator #prisoner #survivor  https://t.co/ndWwvaRY33,0.9,april23_april24
291,1.2532192736795566e+18,"TikToking...
#tiktok #creative #believeinyourself #takechances #fearless #coronavirus #poetsofinstagram #writersofinstagram #neverstopexploring #comedy #babyboomer #idontcare #havefun @ New York City, N.Y. https://t.co/d4QQT3rDge",0.4,april23_april24
292,1.253219320370475e+18,I challenge you to ?#SaveTheWorld from #Coronavirus! Recycle empty soda bottles into face shields and become a hero!   #BillionShields  Russian https://t.co/lunyFgaptB #BillionShieldsChallenge #earthday &gt; https://t.co/z1sHQdunIT,0.0,april23_april24
293,1.2532259288487854e+18,"Okay, so my brilliant friend @MSchmidtStudios, inspired by his friend @cher, pretty much invented an amazing new shield/mask to fight COVID-19. Big whoop... I alphabetized my spice rack AND ate a whole box of graham… https://t.co/I5olJ6O8cg",0.5083333333333333,april23_april24
294,1.2532264928652616e+18,#BillionShields Challenge is here! ?I challenge you to #SaveTheWorld:thanksdoc: from #Coronavirus! #BillionShieldsChallenge #earthday &gt; https://t.co/YxBhwE9MKk,0.0,april23_april24
295,1.2532266207452037e+18,"""Be a beacon of Hope for one another.""
     - Sen. Wil Castro

Joint Information Center - JIC Release No. 89
April 23, 2020, 9:35PM, there are a total of 126 Cases Recovered.

For inquiries on COVID-19, contact 311… https://t.co/pC5uhYH8Dd",-0.19166666666666668,april23_april24
296,1.2532266223012946e+18,"States rushing to reopen are likely making a deadly error, coronavirus models and experts warn... And the math is retardedly simple.

Yeah. It's time we bring the R-word back for these #COVIDIOTS!
 https://t.co/4uMKPURYJz",0.125,april23_april24
297,1.253226938770088e+18,I challenge you to ?#SaveTheWorld from #Coronavirus! Recycle empty soda bottles into face shields and become a hero!   #BillionShields  Russian https://t.co/lunyFgaptB #BillionShieldsChallenge #earthday &gt; https://t.co/DCFAKe8G7L,0.0,april23_april24
298,1.2532270260408156e+18,"Grateful for a perfect little getaway from all the Corona chaos. 🏔🏔🏔 

#freshair #peaceandquiet #newhampshire #grateful @ Campton,N.H. https://t.co/Qkc4b0Rb5X",0.4583333333333334,april23_april24
299,1.2532274036205527e+18,"My sense of time seems to stretch and shrink in weird ways.
.
.
.
#manhattan #seeyourcity #tourismnyc #usatoday #streetphotography #streetlife_award #coronavirus #corona #virus #isolation #COVID19 #emptystreets… https://t.co/984b8sJGJ4",0.20803571428571427,april23_april24
300,1.2532282671187558e+18,Loved getting this photo of my high school friend Steve Wilcox and his beautiful daughter wearing custom masks I made for them! @stevewilcox2001 #protectyourself #covid19 #newnormal… https://t.co/upmuNPVPss,0.033712121212121214,april23_april24
301,1.253228601077633e+18,I challenge you to ?#SaveTheWorld from #Coronavirus! Recycle empty soda bottles into face shields and become a hero!   #BillionShields  Russian https://t.co/lunyFgaptB #BillionShieldsChallenge #earthday &gt; https://t.co/bXoNcAFUO5,0.2222222222222222,april23_april24
302,1.2532293482844365e+18,these boobs are realer than the news on CNN. interview with plastic surgeon drlisacassileth talking all about government overreach and corona virus coming soon! @ Cassileth Plastic Surgery &amp; Skin Care https://t.co/lNYXSmejY2,-0.16666666666666666,april23_april24
303,1.2532293608252908e+18,I challenge you to ❤#SaveTheWorld from #Coronavirus! Recycle empty soda bottles into face shields and become a hero!   #BillionShields  Russian https://t.co/lunyFgaptB #BillionShieldsChallenge #earthday &gt; https://t.co/q5eCLoeWBI,0.0,april23_april24
304,1.2532307814905897e+18,"Credit to tmz_tv : A police ""Operation COVID Crackdown"" sting nets 30 pedophiles attempting to meet up with children for sex. They preyed on youngsters spending more time online due to the lockdown. More of the… https://t.co/NhwC7O3ixX",-0.2,april23_april24
305,1.2532308992919265e+18,"Throwing it back to our volunteer experience at @𝐟𝐞𝐞𝐝𝐡𝐨𝐩𝐞𝐧𝐨𝐰!⁣
⁣
They are a critical piece to the hunger relief efforts in our community due to the effects of COVID-19. We commend your staff for their hard work and… https://t.co/U3eWsMFG8l",0.05,april23_april24
306,1.2532362311289774e+18,"I live a solitary life. No girlfriend. No money to go out even before #covid19 I never have visitors &amp; the only mail I ever get is bills.

I was so happy to get this custom printed postcard from my niece and nephew.… https://t.co/Pu9iKNRlss",0.0,april23_april24
307,1.2532364287476326e+18,#Thursday #covid19 #presser  #mayor #losangeles @ Los Angeles City Hall https://t.co/44btr8Nwwn,0.13636363636363635,april23_april24
308,1.2532375518272143e+18,I challenge you to ?#SaveTheWorld from #Coronavirus! Recycle empty soda bottles into face shields and become a hero!   #BillionShields  Russian https://t.co/lunyFgaptB #BillionShieldsChallenge #earthday &gt; https://t.co/x5dTqLjT0l,0.18333333333333332,april23_april24
309,1.2532380593210286e+18,❤#SaveTheWorld from #Coronavirus!  Recycle empty soda bottles into face shields and become a hero!   #BillionShields  Arabic https://t.co/YrxltDqaph #BillionShieldsChallenge #earthday &gt; https://t.co/8VMAVViggz,0.3069444444444445,april23_april24
310,1.2532383373909402e+18,"Here are the CGSL vaccarosbakery_nj 2020 spring team. Missing everyone! Riley put this together 💗🥎🥎#boocovid19 #girlssoftball #corona messing up the season. @ Clark, New Jersey https://t.co/VYUIJD0ahQ",0.18068181818181814,april23_april24
311,1.2532384890696294e+18,"In case anyone wanted to know what I’m doing this evening... #nfldraft2020 #virtualdraft2020 #covid19 @ Knoxville, Tennessee https://t.co/ihZwkIl1IQ",0.7,april23_april24
312,1.2532388647953162e+18,❤#SaveTheWorld from #Coronavirus!  Recycle empty soda bottles into face shields and become a hero!   #BillionShields  Arabic https://t.co/YrxltDqaph #BillionShieldsChallenge #earthday &gt; https://t.co/i5WbIE9wzQ,0.16666666666666666,april23_april24
313,1.2532393127218545e+18,Everybody put your peace ✌ up in the air if you fighting #Coronavirus. Let's fight for new York against coronavirus. https://t.co/IVb7nAXBlB,-0.16294642857142858,april23_april24
314,1.2531930741902787e+18,"Corona-Oni. Done in Manizales Colombia on my bro raulskullnbones. I miss South America and the best Coffee ever. 
For future appointments email: beauxbrady@gmail.com
Or dm me directly.
portcitytattooca 
#tatsoul… https://t.co/Xbw3MJbHVu",0.6,april23_april24
315,1.2531941678884332e+18,"We thought we’d be in Cabo celebrating 27 years of marriage, instead we settled for cheesecakefactory in our car due to the pouring rain &amp; #covid19  At least we’ve got #truelove Love you… https://t.co/HUbscqwS5f",0.2,april23_april24
316,1.253194232363397e+18,"Back when the world wasn’t spinning out of control..... #coronavirus @ Yuma, Arizona https://t.co/R2m9uWxSN0",0.8,april23_april24
317,1.2531943156874363e+18,#mask #facemask #coronavirus @ Rim Cafe https://t.co/48NxX5O9lh,0.3,april23_april24
318,1.2531951778392064e+18,"Bruh. Everybody SHOULD be in their basement right now if they can. Debates usually come after the conventions. You remember the last time, right? #COVID19 https://t.co/TXkMFbWUJN",0.0,april23_april24
319,1.2531952814888428e+18,"Updated at 7:00 p.m. ET More than a dozen states have unveiled formal plans to move from coronavirus disaster response and toward reconstruction, the White https://t.co/GcuDOQKBZX #atx #austin #all512",-0.1,april23_april24
320,1.2531956213281341e+18,"This has become my stress management. COVID-19 and Falcons meh drafting. @ Austin, Texas https://t.co/Euyz4nSg3r",0.2,april23_april24
321,1.2531966768289997e+18,"#covid_19 #coronavirus #essential #essentials @ Oceanway, Florida https://t.co/SNRs9wIzy6",0.0,april23_april24
322,1.2531972147651953e+18,"HELL YEAH!!  Most excitement since COVID19 hit.  #BOOMER #THEMBOYZ #OUDNA Better believe my boys will have CEEDEE jerseys this fall! @ Mesquite, Texas https://t.co/eFEtUjIHhh",-0.05625,april23_april24
323,1.2531980683019346e+18,"🇺🇸 US: ⚪✨✨✨✨⚪⚪⚪✨✨

Official cases: 840,351 = 2,538.80/M
Est. cases: 5,039,480 = 15,224.89/M
Change: 28,486 = 4%

Deaths: 46,622 = 140.85/M
Change: 2,178 = 5%

Mort.: 5.55%

👨🏽‍⚕️Breathing: https://t.co/5Wesp6gEJf
🧘🏻 https://t.co/1c00guckaR

🕛 24/04

2/4 https://t.co/e98nivciYk",0.1340909090909091,april23_april24
324,1.253198247826514e+18,A bit behind with sharing our COVID-19 Cocktail of the night. From a couple weeks ago ... page 61 The Perfect Manhattan was a bit strong yet there’s always something special about sipping… https://t.co/4LFHE0eVaA,0.5,april23_april24
325,1.2531984656577126e+18,"Take 2 shots of Lysol &amp; wash it down with some windex should do the trick smh 🤦🏽‍♂️ I’m lost for Words #coronavirus #cure @ Hyde Park, Massachusetts https://t.co/e8STNWoY4z",0.1340909090909091,april23_april24
326,1.2531985585446216e+18,"I know it looks archaic. But yup. We are already writing.  Covid can’t slow us down! The Plague Doctor protects us! Stay safe we’re almost on the other end! #badyearmke #badyear @ Milwaukee, Wisconsin https://t.co/SSZ5ejjBLB",0.0,april23_april24
327,1.2531987703822787e+18,"_We ain't going out like that. We ain't going out like that._

#nyc #brooklyn #gowanus #endtimes #crossfit #sandbagtraining #cadillac #1962 #showcar #carpushes #socialdistancing #masks #covid #cypresshill… https://t.co/aUBr4H7H1t",0.5,april23_april24
328,1.253199185278464e+18,"Congratulations to our 4th yr @smithers_lil teammates who will make it through the Covid19 crisis and will graduate! (Look how young they looked 1st yr!) 💙⚔️🧡💦🎓 @ Charlottesville, Virginia https://t.co/leVfM8vzmD",0.0,april23_april24
329,1.253199275972014e+18,"COVID-19 update @ New York, New York https://t.co/ulqEkCxerj",0.3703703703703704,april23_april24
330,1.253204778093613e+18,Rilynn Payne has needed a new kidney since birth. But her surgery has been delayed because of the COVID-19 pandemic.… https://t.co/qRBFoknPVm,-0.6,april23_april24
331,1.2532048444390523e+18,"Bless the Dead, if you still alive be grateful and thankful!
#coronavirus #staysafe #stayathome #essentialworkers #beatthecoronavirus #covid_19 @ Exposition Park https://t.co/se4qNenoyL",0.6,april23_april24
332,1.2532060105309512e+18,"#drivethru #callcenter #COVID19 #allinillinois❤️ #healthworkers @illinoispca peoriahealthdept @CityofPeoria_IL @ Peoria, Illinois https://t.co/PzEV3pZXYg",0.2,april23_april24
333,1.2532067392620708e+18,"Feeling tired but accomplished. Grateful for everything, the ups and the downs.

#covid #wfhlife @ Evanston, Illinois https://t.co/LfILsOjq9G",0.0,april23_april24
334,1.2532078505429156e+18,We are so blessed with this COVID19 thing... we know it has been a great problem for many but It is an amazing opportunity for us. We have been connecting with People from all over the World 🌎 in our homes and this… https://t.co/Kd65LmQTaY,0.025,april23_april24
335,1.2532079892441457e+18,"COVID-19 update @ Queens, New York https://t.co/sJHl4XDrTX",0.027000000000000003,april23_april24
336,1.2532080015881994e+18,Thank you to our amazingly talented and good friends @polatteu and @patriksimpson for our #covid19 couture face masks! For everyone one sold one is donated to our first responders and medical workers on the front… https://t.co/lFi2SXL8U4,0.0,april23_april24
337,1.253210218206503e+18,"🇺🇸 US

#Covid19: Very slow spread, and improving rapidly, epidemic. Est. 1.52% of pop. infected. Lot worse to come. Proj. death toll 179,979 in ~197 days.

🕛 24/04

1/4",-0.15,april23_april24
338,1.253215808781779e+18,"#TBT to figuring out how to pray taraweeh in the age of #COVID 🕋 Happy Ramadan ! 🌙 @ Bergen County, New Jersey https://t.co/aASc786ovT",0.2272727272727273,april23_april24
339,1.2532166795360707e+18,"Just closing the deal today ! 
https://t.co/trekSDl2Vm 
Thanks so much to Everyone  working together ❤ to make this happened ( during this time of crisis/ covid- 19) Stay Safe Stay Healthy 🙏 
( Glen Oaks Escrow,… https://t.co/oUyC9pkSJf",-0.34542410714285715,april23_april24
340,1.2532170214305055e+18,We'll be updating this story throughout the day Thursday with the latest local news on the coronavirus pandemic. If you'd like to go through a roundup of https://t.co/aD7k9oBycG #atx #austin #all512,0.0,april23_april24
341,1.2532171378812396e+18,"30 second dance party.

Covid-19 sanity strategies.

What have you been doing to stay sane?
#covoid19 #sanitysaver #30secdanceparty #beyourself #dance #yogidancer #fun #lovelife #breathe @ Saint Paul, Minnesota https://t.co/9d4wrxgYPc",0.5,april23_april24
342,1.2532174317381837e+18,"For beautiful Mary, and her very stylish family.

#thankyou 
#fabricmask #premiumfabricmask #clothmask #covid19 #socialdistancing #flatternthecurve #shelterinplace #alohamask #hawaiidesigner #aloha #citadinedesigns… https://t.co/PmrQJsGTYi",0.4,april23_april24
343,1.2532184392520172e+18,"Covid family portrait. We were out on a walk recently when we spotted a similarly attired individual—hat, mask, sunglasses—but we recognized her walk. She snapped this pic. It’s definitely going in the family… https://t.co/Nj25iOYVzd",0.46875,april23_april24
344,1.253218639509164e+18,"Thank God I pick up my Bevmo order tomorrow. Saving the La Marca for the weekend. #VitaminC #Quarantine #BoonesFarm #OldSkool #COVID19 @ Mesa, Arizona https://t.co/dmwDIWUqlt",0.06818181818181818,april23_april24
345,1.2532192736795566e+18,"Before the storms arrive. It’s amazing to be able to fit into clothes that I haven’t fit into before. #gettingfit 
•
•
•
•
•
#covid #covid19 #godisgood #quarantine #quarantinelife #dresseduptogogroceryshopping… https://t.co/vKtjT4zL8x",0.4,april23_april24
346,1.253219320370475e+18,"It was a good hair day and I am stuck at home so here ya go! #goodhairday #nowheretogo #coronavirus #selfie #thisisme @ Meridian, Idaho https://t.co/jeIVeyqa9H",0.0,april23_april24
347,1.253220100452356e+18,"It was great to see and hear many of our families from the Corona Youth Music Project , and that everyone is doing fine. It’s been hard not to be able to connect knowing that our kids and their families are right at… https://t.co/q9Lt0L0B6P",-0.023809523809523808,april23_april24
348,1.2532207821400023e+18,So proud to be working alongside members of @USTAMidAtlantic !! A group of women started a thing and now they’ve helped raise almost $4K and hundreds of meals to benefit front line workers fighting against COVID19.… https://t.co/fUqbzxfwtW,0.08096590909090909,april23_april24
349,1.2532259288487854e+18,"Thai for the @UCLA Fire Department team. Thank you for your your service 🙏 #feedthefrontline #teamla #LAFD #besthospital #covid #firstresponders #doctors #nurses #frontline
.
.
.
.
#foodporn #eat #happy #instagood… https://t.co/PJhgNVIxxt",0.5083333333333333,april23_april24
350,1.2532266207452037e+18,"Breakfast for dinner!  Sorta-Mickey Head shape buttermilk pancakes.  
#pancakes #mickeymouse #mickey #breakfastfordinner #flip #mickeyhead #disney #disneyathome @ Corona, California https://t.co/Uftw9mxi0M",-0.19166666666666668,april23_april24
351,1.2532274036205527e+18,"Sun, heat, UV, occasional humidity....all of the Coronavirus killers! Hawaii is the place to come for all that (and coffee) we need the business! It’s time to book a room with us. https://t.co/ZNRY4a12HU [red ⭕️… https://t.co/7adXZZvMYs",0.20803571428571427,april23_april24
352,1.253227580632621e+18,Teriyaki Cauliflower Rice Bowl .  Mixing it up  first Asian try since #quarentine Swipe for recipe!  I used @swervesweetie  instead of sugar #coronavirus #covıd19 #thenewnormal #passingtime #recipe #Ilovetocook… https://t.co/hhaycOOMUM,0.1,april23_april24
353,1.2532282671187558e+18,Thank you Kevin from San Fran on your purchase of my $99 painting ‘Silver’ we took $23.56 of it as promised and spent it at our local @modpizza to keep it in our community. I do this with any Covid $99 sales.… https://t.co/1EJuBL2xG0,0.033712121212121214,april23_april24
354,1.2532293482844365e+18,"Cali “physical distancing” day🤙🏼🌞

#cali #covid19 #physicaldistancing #pt #move #yo #👌🏽 @ Manhattan Beach, California https://t.co/jKhUEji5jt",-0.16666666666666666,april23_april24
355,1.2532294849221345e+18,"#UseYouWords #OneTwoThree #therona #mysharona #corona #saferathome #whosehome #howmany #tfm #TrumpVirus #TrumpPlague #TrumpNation @ Los Angeles, California https://t.co/lI1LPNRl5d",0.2523809523809524,april23_april24
356,1.2532307814905897e+18,"#coronavirus #dankmemes @ Lents, Portland https://t.co/OjORNw9w7z",-0.2,april23_april24
357,1.2532375518272143e+18,"Welcome @_CeeDeeThree Lamb to Cowboy National! #wethemboyz #cowboynation #cowboys #texasboyz #playmakers #letsgo #draft #draftday #fitnessking84 #covid19 #stayhome #staystrong #stayfocused @ Arlington, Texas https://t.co/v0yIsQJFrr",0.18333333333333332,april23_april24
358,1.2532384890696294e+18,"Masked up and ready for a post work walk #coronavirus #staysafe #stayhome #santamonica #mask @ Santa Monica, California https://t.co/jFBsRPuPWK",0.7,april23_april24
359,1.2532388647953162e+18,"Down the path we wander. Nice warm evening.
 #staysafe #coronavirus #lockdown
.
#appreciate #meditate
#mydarkenedeyes #blackeverything #darker #motolife #RideOrDie #triumph #StreetTripleR #wanderlust #zeitgeist… https://t.co/Ofz4pSVYgY",0.16666666666666666,april23_april24
360,1.2532393127218545e+18,The New Currency 💴 please stay healthy stay positive Stay safe stay home 🏡 #iparkmusic #thankshealthheroes #coronavirus #corona #allinthistogether2020 @ IPARK MUSIC CO. https://t.co/wFSRm1HUXB,-0.16294642857142858,april23_april24
361,1.2532396017217946e+18,"2020 Coronavirus House Arrest Day 39 - Temperatures are heating up as I did nothing! With the bar officially open until we are free to roam, tonight's elixir is this simple #cocktail filled with some… https://t.co/mrIskHstlO",0.36666666666666653,april23_april24
362,1.2531941678884332e+18,"#PressPlay #DonaldTrump suggests injecting “disinfectants” as a cure for the #Coronavirus 😳 #Thoughts? Via foxnews #2loudmag @ Houston, Texas https://t.co/hB5dDvj4cr",0.2,april23_april24
363,1.2531943156874363e+18,Damn...damn...damn... Rest in Power fredthegodsonmusic at 35 years old... this #covid19 is ruthless... aw man...😔 @ Glover Park https://t.co/PZhf4mzUsL,0.3,april23_april24
364,1.2531952050183373e+18,"#mycrazyvida #latinxtheatreartist #gettymuseumchallenge #fridakahlo #covid19 #shelterinplace @ Richmond, California https://t.co/tfjwIZBEO9",0.0,april23_april24
365,1.2531952814888428e+18,"Summer in the Hamptons...  miss any sign of normality right now!!!! #covid19 #quarentine #chefcarlapellegrino @ Sag Harbor, New York https://t.co/E2W6UhTgYn",-0.1,april23_april24
366,1.2531956213281341e+18,"Late night Covid-19 walks with Anonymous.⁣ 🐕 ❤️ 
⁣
#dog #dogdad #larealtor @ Los Angeles, California https://t.co/Hafrh4p8hR",0.2,april23_april24
367,1.253196827974869e+18,"Please share and help your local Southern California Sport Leagues stay afloat during the current Covid-19 pandemic!

#SmallBusinessRelief #sportleagues #socialleagues #adultleagues #youthleagues #coedleagues… https://t.co/87JoKbVTEV",0.5,april23_april24
368,1.2531972147651953e+18,"Kourtney doesn’t want her puppy getting Corona. @ Spokane, Washington https://t.co/4Ty23vXhjW",-0.05625,april23_april24
