,id,tweet,sentiment,date
0,1.3133472634276086e+18,"#mask #face covering #covid19 #ppe #protectionmask #eugeneoregon #good #partysafe #socialdistancing2020 #jimmychurchradio #gramhancock #marthastewartliving #workingmask #breathablemask @ Eugene, Oregon https://t.co/91bSh7Mgkt",-0.05,october6_october7
1,1.3133487732888945e+18,"An Oregon beach at sunset, with family and dog enjoying a cookout, is the most glorious kind of social distancing. @ Lincoln City, Oregon https://t.co/9llnAw28mN",0.0,october6_october7
2,1.3133535246637834e+18,"Watch ""'The Truth Will Make You Sick': Exposed Lies &amp; Cover-Ups Prove Trump Didn't Have COVID Under Control"" on YouTube https://t.co/sKETiXF2Tc",0.1340909090909091,october6_october7
3,1.313357076106629e+18,"I love Halloween!
Is the best time to wear a mask!
.
.
.
.
.
#halloween #mask #cornmaze #slc #saltlakecity #utah @ Thriller Park https://t.co/SW410zSlsN",0.0893939393939394,october6_october7
4,1.3133576169580585e+18,Despite our 2020 Halloween Season being ruined by our California Dictator Governor Gavin Newsom and #Covid19 I'll do my best to celebrate Halloween plus produce awesome short films. Stay tuned 😎 #halloweenforever https://t.co/ge9F8SotDk,0.0,october6_october7
5,1.3133589638244884e+18,"@arizona_a2z @andrewboxford Uh, the pandemic? You know, 210,000 dead and all that.",0.2333333333333333,october6_october7
6,1.3133632532596244e+18,"#DoorDash with @christen_michellex3 @ Corona, California https://t.co/dqJshgTeOW",0.0,october6_october7
7,1.3133676602022543e+18,"SMDH. 
.
.
.
.

.
.
#covid
#covid_19 
#covidmemes 
#covidwedding 
#covid2020 
#crazyashell 
#potus
#idiot 
#walterreed 
#whitehouse 
#nowtheyallgotcovid
#rona2020 @ Lodi, California https://t.co/gUES0dz5xB",-0.6,october6_october7
8,1.3133696603356447e+18,"20K+ #Google searches 4 @SparkMiddleton 2h old https://t.co/lIt5G1eK5M https://t.co/Co4eyDjKzJ 
#LosAngeles 🌅 6:51 🌆 18:29 PDT
#Covid19
#LosAngelesCounty 10/03/2020
New CS -578 14DCSΔ +4.3%
New D 16 14DDΔ +4.7% https://t.co/oRzkPPFlYT",-0.05,october6_october7
9,1.3133696927619727e+18,"#musicproducer #soul #jazz #rock #pop #greatblackmusic #kelynandkeite #newalbum #comingsoon #curtis #label #jazzbookrecords

My man Keite discovered the CD 💿 for the first time since 8 months cause COVID-19 🌚🎶👏🏾☮️❤️✊ https://t.co/ByTpw1bToU",0.0,october6_october7
10,1.3133711744920166e+18,"After recovering from coronavirus, Trump orders Obama administration spy records declassified https://t.co/kohK4CNK5u https://t.co/aUN7JW23yk",0.14285714285714285,october6_october7
11,1.3133777757981573e+18,@nyactor #coronavirus time will tell.,0.0,october6_october7
12,1.3133779957810135e+18,COVID-19 day #209 @ Forest Heights https://t.co/aOmv256ZFk,0.35714285714285715,october6_october7
13,1.3133810367897272e+18,"When you come home from work or late night hungry popcorn chicken and homemade macaroni and cheese find a birth certificate @ Bristol, Connecticut https://t.co/d5F7rXkDnO",0.4,october6_october7
14,1.3133872769493606e+18,"@christen_michellex3 #Kitty don’t play that bullshit. @ Corona, California https://t.co/iOe0sjHrlj",-0.15,october6_october7
15,1.3133872780524585e+18,Covid-19 updates in Overall Piedmont Area #traffic https://t.co/FWT2jwReVT,-0.053409090909090906,october6_october7
16,1.3133890986405847e+18,"Look at the timeline of Herman Cain, the ex-presidential candidate who refused to wear a mask and died after COVID-19 diagnosis.

#covid19 #RadioOnFire @radioonfire #coronavírus @ Baltimore, Maryland https://t.co/RdpUWZc5S3",0.2,october6_october7
17,1.3133958208306258e+18,"Quarantine sushi! This was actually quite good! @krispyrice by SBE @ Los Angeles, California https://t.co/G0H89MDSxF",-0.09523809523809523,october6_october7
18,1.3134008654415012e+18,"2020 day 279 - pink clouds
.
.
.
.
.
 #pinkclouds #pink #clouds #sunset #socialdistancing #venicebeach #losangeles #california #dankmedia #366photo #abc7eyewitness #nbc4you #shannasshots #cbsla #cloudscape #socal https://t.co/cFQl7cG8xe",0.0,october6_october7
19,1.3134037132146115e+18,"💚💛🏈Go Pack Go! 🏈💛💚
That empty Lambeau Stadium is begging for me to be there.  Darn COVID19! 
And I love that Rodgers smile!!! 😊 @ Lambeau Field https://t.co/ZXZABc2okJ",0.012499999999999995,october6_october7
20,1.3134041422331617e+18,"The Man #donaldtrump 
😂😂😂😂😂😂😂
•
#usa 
#uselections 
#uselections2020 
#coronavirus 
#beatpluz @ White House, Washington DC https://t.co/PDbK9oyzzh",0.15281986531986533,october6_october7
21,1.31340615625839e+18,"Just posted a photo @ Corona, California https://t.co/egD4gxbd4d",0.05000000000000002,october6_october7
22,1.3134113993312174e+18,"Economist Richard Wolff: Broken Capitalism is the reason COVID-19 is ravaging #TrumpsAmerica.

https://t.co/vwWfIgKihf #Economics",0.25,october6_october7
23,1.3133374733726884e+18,"Coaching at the pool, October 5, 2020
Still having to wear a mask in public and at work.
Stay safe, God bless.
Coach Jim Owens @ Santa Clarita Aquatic Center https://t.co/VZHyPjlXNB",0.3203125,october6_october7
24,1.3133381447547904e+18,"#Week29 …7+ months &amp; today is the first day I don’t feel like getting out of my pajamas… I will, but reluctantly. #WFH #grateful #ilovemyjob (@ Temporary Home Office in Utica, NY) https://t.co/T7p5rb63tQ https://t.co/tDEptCsZmY",0.6666666666666666,october6_october7
25,1.3133456572860334e+18,#SharingLoveInSB Daily inspiration for #EngagedCouples! Tunes Tuesday: COVID Can't Stop the Live Music  https://t.co/zHKUK6v99E,0.0,october6_october7
26,1.3133468843674583e+18,"Trump vs Media
-
#BreakingNews #DonaldTrump #covid #whitehouse #video #streetmedia @ White House, Washington DC https://t.co/O6mGQzCnv2",0.0,october6_october7
27,1.31334733070438e+18,"Y'all I remembered to bring my ID to work today.

✨😅✨

And just your daily reminder that if your working from home, I'm still bitter af &amp; I hate you 😘

#Enby #Dayjob #Pride #Philly @ Strawberry Mansion https://t.co/03x3zZapeK",0.0,october6_october7
28,1.3133487732888945e+18,"40% of adults have skipped #healthcare during the COVID-19 pandemic.

#eyehealth #vision #eyecare https://t.co/s2MxuKbssX",0.0,october6_october7
29,1.3133535246637834e+18,Corona NY Tue Oct 6th AM Forecast: TODAY Mostly Cloudy Hi 45 TONIGHT Partly Cloudy Lo 31,0.1340909090909091,october6_october7
30,1.313357076106629e+18,"100K+ #Google searches 4 @realDonaldTrump Twitter 3h old https://t.co/u2OhiGm4pH https://t.co/VQhj0dcRU4 
#UnitedStates 🌅 6:37 🌆 18:08 MDT
#Covid19
#UnitedStates 10/05/2020
New CS 37737 14DCSΔ +8.0%
New D 341 14DDΔ +4.9% https://t.co/S8RRwZtYpk",0.0893939393939394,october6_october7
31,1.3133589638244884e+18,"Just enjoying a morning in the backyard before getting to work. As much as the pandemic has negatively affected my family, gaining the ability to work from home has been a blessing. 🌿 @ Fort Worth, Texas https://t.co/8e6FInHneH",0.2333333333333333,october6_october7
32,1.3133632532596244e+18,"It’s here! After months of pandemic cooking, now I have a pro helping me! Thanks @inagarten for this! #moderncomfortfood #barefootcontessa @ Vinings, Georgia https://t.co/qBVZvKxrXO",0.0,october6_october7
33,1.3133654510831493e+18,"Everything's still shut down ☹️ How are you spending your quarantine? @ New York, New York https://t.co/KcczrWnAPc",-0.2,october6_october7
34,1.3133684016293274e+18,They tell me a quarantine has been a beast and a feast for everyone from moments to hours from weekends to months!!😂😂😂😂🤦🏽‍♂️ @ Miami Design District https://t.co/PGpdGNlfuu,0.0,october6_october7
35,1.3133711744920166e+18,Just posted a photo @ Corona Barbershop Plus https://t.co/0g1t5YQ1Yf,0.14285714285714285,october6_october7
36,1.3133721205383741e+18,"#MaskUpNOLA • #MaskingUp  
#Be a #GoodNeighbor #SocialDistancing #nola #onlyinneworleans #LOVEmyLouisiana 
#CityOfYes #LOVEmyNewOrleans #AllisaBlessing #RespectTheVoodoo @ House of the Divine Prince https://t.co/cENWaIszin",0.0,october6_october7
37,1.3133735772327444e+18,The Victorian School Renovation – Prioritising plans + the impact of Covid  https://t.co/1KkYmSmZzI,0.0,october6_october7
38,1.313375072732631e+18,"@realisiahwhitlock Thank You 

#Repost @balleralert @download.ins
---
#Trump said “don’t be afraid of Covid” 

Sane People: @ Atlanta, Georgia https://t.co/uL73Hhu50Z",0.16666666666666666,october6_october7
39,1.3133761928048517e+18,what a wild world https://t.co/DjNv84eZpj,0.2,october6_october7
40,1.3133777757981573e+18,Concrete and #construction workers need anti-vibration hand protection. Vibrastop work gloves dampen the vibes and help prevent HAVS. #safety #PPE https://t.co/MpR5yQucNw https://t.co/ylFcMU85kP,0.0,october6_october7
41,1.3133779957810135e+18,"Sign of the times on the Weehawken, N.J., waterfront. #covid19 #pandemic #wearamask @ Port Imperial Waterfront https://t.co/bKvWcK2Nr5",0.35714285714285715,october6_october7
42,1.313380374551163e+18,"We’re wearing masks (and not our favorite kind 😷), using all the hand sanitizer, and keeping our beautiful salon sparkling clean for your arrival. ✨Come see us! @ Becker Chicaiza salon https://t.co/RsLuIN39wJ",-0.10416666666666667,october6_october7
43,1.3133813628422554e+18,"Tuesday quote for Covid-19 #everydaytryingtobebetter #I ❤️u #staysafe #stayhealthy @ New York, New York https://t.co/5FkcnMGunk",0.3,october6_october7
44,1.3133862678920847e+18,Just posted a video @ Flushing Meadows - Corona Park https://t.co/h8g58FycHa,0.2272727272727273,october6_october7
45,1.3133899479452099e+18,"WFH Day 128: Off the Wall by @michaeljackson 

#workingfromhome @ Perry Hall, Maryland https://t.co/RsvVmoUUcp",0.0,october6_october7
46,1.3133956331562844e+18,"Exactly! 210,000 dead Americans from COVID-19... where is this acceptable?

#coronavirus #covid19 #socialdistancing #stayhome #staysafe #wearamask #washyourhands #usehandsanitizer @ Beaufort, South Carolina https://t.co/A2y8B4dksJ",0.0,october6_october7
47,1.3133996371481313e+18,"FUN FACT:

My haters are STILL hating....even during a pandemic 🤷🏾‍♂️

#DjLORD #KickRocks #2020Vision @ Rebel Base https://t.co/9rO2PuPi7l",1.0,october6_october7
48,1.3134028987186135e+18,"Eat healthy and move your body to avoid 'the COVID-19' @ Manhattan, New York https://t.co/JIz0sMyr9s",0.0,october6_october7
49,1.3134041333874442e+18,Word 2 @treysongz Down but not out! Stay safe y’all!  Wear your mask. Wash your hands. 🙏🏾 #covid_19 #corona @ WPGC 95.5 https://t.co/TiWjjvwZdY,0.0,october6_october7
50,1.3134041454291722e+18,They have more Covid cases in the White House than the whole of New Zealand! #numpty @ The White House. Washington DC https://t.co/OT1B9YIeTj,0.25,october6_october7
51,1.3134045322741023e+18,"Joe Biden says he will only debate coronavirus-infected plague-rat Trump ‘if scientists say it’s safe’!

https://t.co/XJdxujJhgT",0.125,october6_october7
52,1.3134048899097969e+18,This guy thinks it a good idea to steal cigars from a family business during a pandemic. Pathetic. @ Holt's Cigar Company https://t.co/tcrb4Hhkh8,0.009090909090909087,october6_october7
53,1.3134074127502172e+18,"😷 ( ( ( 💗 ) ) ) Buenos Días 👁👁🥰 Love It , Thanks, for sharing 🙏🏼  @mis_n_lo
•
Don’t just scroll past this post take a moment to read it !!! 🙌🏼
.
#covid19 #pandemic #2020 @ Al Chile con Marlene Quinto https://t.co/CRJgYMWV2M",-0.4,october6_october7
54,1.3134113993312174e+18,"One woke statue.
#blm #wearamask @ Washington D.C. https://t.co/rXGfU8Y0Sc",0.25,october6_october7
55,1.313415628338819e+18,My favorite quarantine buddies. #ryansinclaircampbell #babygirl #girldad @ DAOU Vineyards https://t.co/LMpLeFwFRO,0.2866666666666667,october6_october7
56,1.3134165917285417e+18,"Check out @HEandB's #COVID19 Perspectives papers covering topics such as experiences of women in the criminal justice system and student knowledge at the university, https://t.co/53x0WLLiwK #coronavirus #covid #sarscov2",0.0,october6_october7
57,1.3133374733726884e+18,"Carts all over the parking lot just like pre-Covid 🤬 (@ Costco in Naperville, IL) https://t.co/jwGLAz4Kz1",0.3203125,october6_october7
58,1.31333749931452e+18,"After working many evenings, nap times, and weekends, my updated website is ready for launch! It's been quite some time since I've updated, but the pandemic has given me the free-time to focus on it finally. Enjoy!

https://t.co/MC7OSsQbU3 https://t.co/nLzbu4aaJR",-0.7142857142857143,october6_october7
59,1.3133383673089597e+18,Oh boy do we know this one! Best Buy is an empaths Best Friend during a pandemic. https://t.co/fu44yjiy0H,0.4375,october6_october7
60,1.313340735568126e+18,Covid-19 testing site in Overall Piedmont Area #traffic https://t.co/FWT2jwReVT,-0.45,october6_october7
61,1.3133438712717353e+18,The President of the United States just managed to pull off the wet dream of every one of our countries adversaries. https://t.co/haxrI7pZ9T,0.25,october6_october7
62,1.3133456572860334e+18,"Help save a life today! Stop by Beverly Hospital from now till 4pm to #donate blood. Schedule an appointment at https://t.co/GbUZJAC3i4. Walk-ins are welcome!
.
All successful #blood donations will be tested for #COVID19 antibodies. Learn more: https://t.co/AHYYNne11q https://t.co/X6ZqKIt83V",0.0,october6_october7
63,1.3133461295562056e+18,Whoos doing a #rooftop #workout in beautiful #brooklyn with #owl and #headband #socks #thisguy #thatguy #whosyourcrabby #wearamask I am such a hoot. #getit @ Prospect Heights https://t.co/t4WPS40K5r,-0.1111111111111111,october6_october7
64,1.31334733070438e+18,I have found the thing I want master by the end of this pandemic. @ Southwest Waterfront https://t.co/h2MWBt3izo,0.0,october6_october7
65,1.3133499183928033e+18,"Current lockdown status: happy about my renewed relationship with my kitchen. @ Brooklyn, New York https://t.co/cSCPOUFCgt",-0.1,october6_october7
66,1.3133505856644588e+18,"You talk ignorant.. BITCH. @ Corona, California https://t.co/ezHGSsRi7c",0.16818181818181818,october6_october7
67,1.3133514247308943e+18,"Cute &amp; fiesty Shelly! 🧡😻🙀🧡 #shellycupcakestevens #gingercat #teamginger #thankful #grateful #blessed #love #pandemic #quaranteam @ Norwalk, California https://t.co/8SCHEP7ZGT",0.0,october6_october7
68,1.3133520698358292e+18,Oh boy do we know this one! Best Buy is an empaths Best Friend during a pandemic. https://t.co/TSv8ezmMNt,0.0,october6_october7
69,1.3133527321666478e+18,"RT: It is ON Again &amp; You are invited This #Thursday!
#Latin #Music #Wine #Tapas #DJ
w/ #SocialDistancing &amp; #NoCover
@ Eclipse Di Luna #Dunwoody

https://t.co/PyP5eRJlvC

#atl #fiesta #international #reggaeton
#salsa #free #party #LimeThursdays #atlanta https://t.co/8RnErz5yCv",0.0,october6_october7
70,1.3133535246637834e+18,"#wearamask #vote #bidenharris2020 #covid_19 #farfromover #protect #mask @ New York, New York https://t.co/SCXus6FnIw",0.1340909090909091,october6_october7
71,1.3133576169580585e+18,"Wear a mask 😷 #mask #maskon #covid_19 #coronavirusmemes😂😂😂 #coronavirus #gym #lockers #red #mask off #wearamask #wearamask😷 #gymlockers #october2020 #likeforlikes #fitnessmotivation #gymlife @ Houston, Texas https://t.co/AooofYqjdA",0.0,october6_october7
72,1.3133589649988936e+18,"20K+ #Google searches 4 Andrew Cuomo 4h old https://t.co/OmH6fuC3qS https://t.co/TWeZ0pokMJ 
#NewYorkCity 🌅 6:58 🌆 18:29 EDT
#Covid19
#NewYorkCounty 10/04/2020
New CS 72 14DCSΔ +2.3%
New D 0 14DDΔ +0.2% https://t.co/li4OGRxtzm",0.0,october6_october7
73,1.3133592188172042e+18,"First day of quarantine: my boy hits a lead off homer! #NLDS #ForTheA @ Fayette County, Tennessee https://t.co/LWrKwc5RqP",0.0,october6_october7
74,1.313360473211859e+18,Live updates: White House blocks FDA’s ramped up coronavirus vaccine guidelines - The Washington Post https://t.co/oLLDLpYyCt https://t.co/LW6DNdkEWp,0.4,october6_october7
75,1.3133624900722934e+18,Telework Day 132: Penelope stares longingly out the window. And then goes back to giving no shits and being weird. Normal Tuesday at #casadebaytay. #catsofinstagram #telework #quarantine https://t.co/500tEEmCm6,0.0,october6_october7
76,1.3133654510831493e+18,"As I'm sure with most of us I've been a little bored at times in lockdown. So I've been trying some changes with my hair a bit. @ Austin, Texas https://t.co/9FxXu988aa",-0.2,october6_october7
77,1.3133662536675942e+18,"Data includes 105 new positive coronavirus (COVID-19) cases, bringing the District’s overall positive case total to 15,652 and no additional COVID-19 related deaths. [PR] Coronavirus Data for October 5, 2020  https://t.co/yukmky7Ive",0.0,october6_october7
78,1.3133696603356447e+18,No. 32 in the continuing series of taking pictures of my wife taking pictures of things. Pandemic birthday edition. @sheilabarabad in her element taking in the beautiful landscapes of Vermont on Jenne Farm. #thisis40 https://t.co/VTguuGD00Q,-0.05,october6_october7
79,1.3133696927619727e+18,"@realdonaldtrump, we do not have to live with COVID and we do not have to live with you as our President. Our voices will be heard come November 3. #healthycityboy #LetYourVoiceBeHeard2020 #VoteHimOut https://t.co/xiWYXmI0HH",0.0,october6_october7
80,1.3133711744920166e+18,"Chris Badgett knows the coolest people. @ Corona, California https://t.co/w5vpZpDzFB",0.14285714285714285,october6_october7
81,1.3133721205383741e+18,"Just posted a video @ Corona, California https://t.co/PacFG1ojQ6",0.0,october6_october7
82,1.3133721809361797e+18,@spectatorindex More Coronavirus in the White House then many western nations.,0.1,october6_october7
83,1.3133735772327444e+18,"Congrats Portia Bocage on creating a fantastic film, Deaf Quarantine, and winning #bestshortfilm 
@ordinary_portia @ Boston, Massachusetts https://t.co/9dv6Ne2ETL",0.0,october6_october7
84,1.3133735778744852e+18,@CriddleBenjamin I thought ‘flatten the curve’ meant not overwhelming hospitals/ventilators which it seems like most states did. Just bc that happened doesn’t mean we can then ignore the virus and go back to regular life. Having safety precautions/wearing masks is a way to open things up.,0.0,october6_october7
85,1.313375072732631e+18,"It's just our weekly reminder that we are still in the midst of a pandemic and doing our part, so we ask that you do yours and read our guidelines before entering the store. #CAF https://t.co/aMfgAqbPGP",0.16666666666666666,october6_october7
86,1.313377211773141e+18,"This pretty much sums it up. #ugh (4.1 million uses of this hashtag = proof) #dailygrind #burnout #covid_19 #pandemic #enoughisenough @ Mount Pleasant, Michigan https://t.co/9zMxHKR7OJ",0.0,october6_october7
87,1.3133777757981573e+18,"#trump has no empathy - he’s a hypocrite who doesn’t care one bit about the lives lost to Covid. @ Pensacola, Florida https://t.co/Ke8notTII3",0.0,october6_october7
88,1.3133779957810135e+18,Quarantine Day 208 (@ The Acres in MI) https://t.co/QJMJ8NtLTM https://t.co/Xu7CuiFvwm,0.35714285714285715,october6_october7
89,1.313380374551163e+18,"Northumbria University is hit by a surge in coronavirus cases as hundreds of students contract the virus, but only one in 10 of those who have tested positive display Covid symptoms. https://t.co/tZjeQEgxWC",-0.10416666666666667,october6_october7
90,1.3133810589231596e+18,Pastor Appreciation Month continued. COVID has made things difficult for everyone this year and especially in our local churches. These guys inspire me by  keeping their hand to the plow and pressing forward. Luke 9:62 https://t.co/ozg0gA5uvn,-0.4416666666666666,october6_october7
91,1.3133862678920847e+18,"Sometimes it’s about the little things...
.
.
.
#foodie #twitch #covid #ramen #maruchan #togofood #homebound #quartinelife #quarantine #kitchen #gamer #eboy #vibes #arkansas @ Conway, Arkansas https://t.co/Dm43arin2S",0.2272727272727273,october6_october7
92,1.3133862688651305e+18,Guess which one of us is preggo!! Answer is both... I’ve got a quarantine FOOD 🍕🌮 baby and Solongo is having a baby girl 👶🏻👧🏻 come Thanksgiving! So happy and excited for my bootiful friend! 🥳🤗🥰 https://t.co/ewY1LJfIXI,0.0,october6_october7
93,1.3133872769493606e+18,"Amazing Times in New York with my brothers @authenticdelroy @thedcaristocrat pre 
COVID-19 🎷🖤🍾💎💯🏁

#parkhyattnewyork #delroylindo #skijohnsonlive #da5bloods #covid19 @ Park Hyatt New York https://t.co/JsJVaUOC7c",-0.15,october6_october7
94,1.3133888781920174e+18,"I went from flying every other day to this being my first flight out since COVID. 
I feel Ike a virgin again 😂 @ Delta Terminal - Hartsfield-Jackson Atlanta International Airport https://t.co/47rXu5f6a4",0.0,october6_october7
95,1.3133890986405847e+18,"Social distancing!

#paparazzi #twqapparal #quezmatic #socialdistancing #choptle #2020 @ U.S.A https://t.co/881OKvZBkE",0.2,october6_october7
96,1.3133949724948357e+18,"WHO IS READY TO SPILL THE TEA?!
TONIGHT WERE GONNA PARTY  
@PALACESOBE 6PM TILL 11PM
JOIN US....
#PERFORMANCES
#FOOD
#DRINKS
#DRAGQUEENS
#SOCIALDISTANCING
#MASKFORMASK @ Palace Bar https://t.co/QZFBj6nsFk",0.14285714285714285,october6_october7
97,1.3133958208306258e+18,"@CriddleBenjamin A frustrating part of covid besides the obvious that people are dying and getting sick is that guidelines are changing, sometimes daily. Annoying but it makes sense bc it’s a novel virus.",-0.09523809523809523,october6_october7
98,1.3133968852903977e+18,"#RoidRage, REALLY: Trump is on a steroid that is known to cause aggression and agitation!

 https://t.co/iVPeCnN89n",-0.45,october6_october7
99,1.313397625408942e+18,PRAYERS AND BLESSINGS 🙏🏾 to my bro @treysongz Down but not out! Stay safe y’all!  Wear your mask. Wash your hands. 🙏🏾 #covid_19 #corona @ 93.3 The Beat Jamz https://t.co/ayxagifmvY,0.0,october6_october7
100,1.3133996371481313e+18,"😷 Has quarantine stopped you! How many sneakers have you bought during COVID-19? 🦠 @ Atlanta, Georgia https://t.co/wmHDg5vHQL",1.0,october6_october7
101,1.3134018923666842e+18,"My Canadian husband &amp; I 
at immigration for our interview. Delayed because I was out of the Country &amp; then Covid. Finally here🙏🏻✨❤️😂 @aaronwilliamcameron @ Los Angeles, California https://t.co/gflBGrbS3Z",0.0,october6_october7
102,1.3134022492347146e+18,"Welcome, @news13! Our Director of Recruiting, Steven, is discussing the recruiting and staffing industry during a global pandemic // 🎥#behindthescenes #news13 #interview #recruiting #staffing https://t.co/J22B3MwcgM",0.0,october6_october7
103,1.3134028987186135e+18,New Covid-19 10 YR Bling!!! Thank You Jesus!!! We Made It!!! @ Genesis Church Sacramento https://t.co/XnNb5xZLSZ,0.0,october6_october7
104,1.3134029361318175e+18,"Quarantine kitchen dump! Here’s what I’ve been making, eating, and attempting to take pictures of @ South Side Flats https://t.co/A9U4CS1sCH",0.0,october6_october7
105,1.3134037132146115e+18,"When you're working but someone else wants to chill on your desk. #wfhlife #workfromhome #catsofinstagram #catlife #cats @ Orland, California https://t.co/HrCP0duGiu",0.012499999999999995,october6_october7
106,1.3134041422331617e+18,"When you work from home and have so much to do, you only have time to keep it easy and enjoy whipping up a comforting Tuna Melt and chips. 😋🍴👅💦🐟🥪🧀
.
.
📍#Home @ Nevada Trails Neighborhood https://t.co/tEBAK6uc9g",0.15281986531986533,october6_october7
107,1.3134061553481605e+18,"Free Food today at 1250 Gum Ave, Woodland, CA at 9:30am- while supplies last. Drive Thru &amp; Walk Up Service. Please wear a mask 😷 durning distribution. Thank you 🙏🏾😊 @ Yolo County https://t.co/LjkTWCqrTZ",0.05000000000000002,october6_october7
108,1.31340615625839e+18,"😃 Don’t forget to smile 💛 📸by: @randall.whitehead #wearamask #smile #dragqueen #sf #mua #bighair #superstar #beautiful #yellow @ San Francisco, California https://t.co/rO9YmcZ3Xv",0.05000000000000002,october6_october7
109,1.3134113993312174e+18,#awesome #tuesday #afternoon #socialdistancing #lunch #meal at #saint #john #university #murray #house with #student who  #privileged to #know #now for #3 #years #safe #mentor #program #food #fun #friendship https://t.co/AwiHKQbfPF,0.25,october6_october7
110,1.313411567443034e+18,"I wish for a non-pandemic life where this kid is in school, but distance learning ain’t too shabby today. @ Saint Anthony, Minnesota https://t.co/eCCwf72aGk",0.0,october6_october7
111,1.3133374733726884e+18,This was quite astonishing.  A monumental installation by @laurasplan at #biobatartspace at the Brooklyn Army Yard.  Covid-19 virus molecules and their music - a cathedral for the dead.  Very beautiful and moving. https://t.co/8nATixsh42,0.3203125,october6_october7
112,1.31333749931452e+18,"To those of you we met out on the road: We miss you guys! Hoping we get the chance to be back with y’all sooner rather than later. 🙏🏼 Here’s a shot of us playing in Boise, Idaho, approximately 1 B.C. (Before COVID). https://t.co/65ZDR24dZL",-0.7142857142857143,october6_october7
113,1.3133381447547904e+18,"Bible Study 10-6-2020
Minutes Away @ 7pm
@thesbcphilly on Facebook Live, IG @bishopkeithreed and Conference Call (978)990-5000, 186573#

#WeAreTheCHURCH
#SBC
#stayhome
#staysafe
#stayhealthy @ Sharon Baptist Church https://t.co/Ic449OfpzT",0.6666666666666666,october6_october7
114,1.3133390753661379e+18,"Little Lyin' #DyingDictatorDonny Trump, Laboring to Breathe, Says He’s Fine and Everything Else Will Be Too if You Just Believe Him... #LittleLyinDon.

 https://t.co/PLHkek1XVi #ICantBreathe #LetHimDie #LetTrumpDie #FuckDonaldTrump #WhatShouldHitlersDoctorsDo #TrumpLiesPeopleDie",-0.8,october6_october7
115,1.313340735568126e+18,Back into society (ish) 💁🏼‍♀️💕 #wearamask @ Downtown Moblie https://t.co/4GDQo97WAH,-0.45,october6_october7
116,1.3133438712717353e+18,"We are the plague.
.
Scratch board.
.
Did this 5 years ago maybe.
.
Ahead of the times.
.
Covid-19 times that is.
. @ Broadway Theater District https://t.co/semyqOzqP8",0.25,october6_october7
117,1.3133456572860334e+18,"Game day!!! Crazy that the NBA bubble did a better job at keeping Covid out then the Republicans. Yeah for Sports!!! #destress #Takethecake #padresfan #friarfaithful @ San Diego, California https://t.co/scoZj6ewfF",0.0,october6_october7
118,1.3133461295562056e+18,"Me in #2021 when #trumpLOSES!!! #LëslieHILARIOUS #LëslieTHOUGHTS ""How #parties will be after #Covid19 #lockdown."" @ Bronx Zoo https://t.co/VH8DX3rxCk",-0.1111111111111111,october6_october7
119,1.3133468843674583e+18,"This Covid session today pushed me full throttle into finishing my own stuff! So some of y’all be expecting a call ✊🏾🎹😷☎️🎶🎵🎶 #protectblackgirls #eternalquest #blacklivesmatter @ Los Angeles, California https://t.co/eliLCtt8oB",0.0,october6_october7
120,1.3133472634276086e+18,Just posted a photo @ Corona Heights https://t.co/wnguQKPNNW,-0.05,october6_october7
121,1.3133482314730414e+18,"COVID-19 update @ Westchester County, New York https://t.co/dnSQwxHeuX",0.0,october6_october7
122,1.3133499183928033e+18,"Just posted a photo @ Corona, California https://t.co/o0wigVykwM",-0.1,october6_october7
123,1.3133505856644588e+18,"COVID MADE US POSTPONE IT BUT QE WILL HAVE A NEW DATE COMING SOON 💪🏾💯💯💯💯 #BIEntertainment #realwomenradiofoundation #BeTheChangeVote #ShameLessPlug @ Pensacola, Florida https://t.co/BS0qdlwPRs",0.16818181818181818,october6_october7
124,1.3133514247308943e+18,"#Obama to #donaldtrump

Obama is saying to him stay positive with COVID-19. @ Los Angeles, California https://t.co/PviljJywo5",0.0,october6_october7
125,1.3133520698358292e+18,Lunchtime 🥟🥟🥟 #workfromhome #financialprofessional #supersinghs🙏🏽🕉🇺🇸 @ Kew Gardens https://t.co/LwN7yAO2gf,0.0,october6_october7
126,1.3133526723893903e+18,Barhop sunset kayak tour!!!! #splishsplash #photooftheday #aquaholic #islamorada #thefloridakeys #corona #kayak#sunset #girlstrip #girlsgetaway #islandhopping @ Aquaholic Adventures https://t.co/fSMg6nE90Q,0.06818181818181818,october6_october7
127,1.313357076106629e+18,"save a life, wear a mask 😷🙏🏼💕 @ Los Angeles, California https://t.co/AiNR3ZZ9jr",0.0893939393939394,october6_october7
128,1.3133576169580585e+18,"America we are still sucking at this. Mask, Distance and Wash Your Damn Hands. Keep your circle small. @ USA https://t.co/A8WynWK0mh",0.0,october6_october7
129,1.3133589649988936e+18,Anticipating full resurrection of my two bands from the ashes of Covid: @ Homeworks Music Studio https://t.co/qWYl2VUnW7,0.0,october6_october7
130,1.3133592188172042e+18,"How San Jose teacher and stay-at-home mom were able to afford to buy a home: Housing Trust Silicon Valley administers the loan program, called Empower. The pandemic has given some potential applicants cold feet. ""There is ... https://t.co/wiu9LJG5Fy",0.0,october6_october7
131,1.313360473211859e+18,"Another fun #StatementMask that went out today. #WearAFunMask #StopTheSpread of #Covid19 @ Irvine, California https://t.co/iSXFbco7bW",0.4,october6_october7
132,1.3133624900722934e+18,"Ran 4.58 miles with Nike⁠ Run Club!! Freedom Hall and PREP was getting a little stuffy, so I came out for a fresh air 🏃🏽 run!  As a friendly reminder hand 🖐🏽 sanitizer is to sanitize your hands. Use it. https://t.co/x0xnXnIxF7",0.0,october6_october7
133,1.3133632532596244e+18,Finding Your Center in the Time of Coronavirus  https://t.co/GDEtwXnl6g,0.0,october6_october7
134,1.3133647336895037e+18,"Too soon? Time will tell. #Trump2020 
#TrumpBlood
#QuaratineLife😷 
#LifeIn2020😷 
#covid_19😷 @ Las Vegas, Nevada https://t.co/CR9SVTuo6k",-0.008996212121212124,october6_october7
135,1.3133654510831493e+18,#NowWatching  Hair-Raising Hare (1946) #QuarantineCinema #Lockdown #Safety #Sanctuary #Seclusion #Solitude #Halloween - https://t.co/7tNli6MgiY,-0.2,october6_october7
136,1.3133658257645076e+18,Free covid-19 testing site in Kino Sports Complex #traffic https://t.co/bc4TAizExm,0.8125,october6_october7
137,1.3133684016293274e+18,"Thanks to @amyjaffe for my introduction to @thetellingroom during this crazy pandemic! I LOVE IT!! So very therapeutic. #theatrelover #coronaliving @ State Theatre, Portland, Maine https://t.co/z3kTRPHQzM",0.0,october6_october7
138,1.3133696927619727e+18,"Niggas Sayin They Outside , Got Corona They Gon Die , Mask Off Slide Madk Off Slide 👨🏿‍🍳👨🏿‍🍳👨🏿‍🍳💫🍝🍝🍝👁👁#explorepage✨ #viral #bow @ Brooklyn, New York https://t.co/1UHZg3J2bq",0.0,october6_october7
139,1.3133735778744852e+18,COVID POTUS @ The White House https://t.co/Q08Tl18GSN,0.0,october6_october7
140,1.313375072732631e+18,"Round 2 of grant funding is now available for businesses and individuals. If you have been financially impacted due to COVID-19 please submit an application through https://t.co/6qxGeztEUS. @ Clearfield, Utah https://t.co/zcMGuzkJVK",0.16666666666666666,october6_october7
141,1.3133761928048517e+18,"#NowWatching Tage Simpsons s07e06 ""Treehouse Of Horror VI"" (1995) #QuarantineTheater #Lockdown #Safety #Sanctuary #Seclusion #Solitude #Halloween - https://t.co/maw3xnQC6x",0.2,october6_october7
142,1.313377211773141e+18,#runner #cyclist #covid_19 #intenserecovery #georgetownsportsmassage @ Georgetown Sports Massage https://t.co/XIjw7nBngX,0.0,october6_october7
143,1.3133779957810135e+18,"My space 😅🥵 #homeschool @ Houston, Texas https://t.co/SmGiloCIUG",0.35714285714285715,october6_october7
144,1.3133810367897272e+18,"Crushing pins like a Trump does Covid! It's Bowling Night in America! (at @BowleroBowl in Lowell, MA) https://t.co/gRfeICifyd",0.4,october6_october7
145,1.3133813628422554e+18,"@imLeor Post-covid, man. That and Pete's 2, out on Montrose. None of that Western garbage.",0.3,october6_october7
146,1.3133862678920847e+18,"#Day65 of #100happydays - Social distancing for Game 4 #golakers @ Los Angeles, California https://t.co/16K0mXj5pH",0.2272727272727273,october6_october7
147,1.3133862688651305e+18,Incase you haven’t heard it 8 million times... wear a mask &amp; register to vote! @ All Seasons Apple Orchard https://t.co/9uXn476pA2,0.0,october6_october7
148,1.3133888781920174e+18,Hyperdrive!! #newyorkcity #queens #flushingmeadows #queenspark @ Flushing Meadows-Corona Park https://t.co/TPoyYcQL0Z,0.0,october6_october7
149,1.3133890986405847e+18,Haven’t been in our community #clubhouse since corona.  Pretty nice! @thecourtneyatbaypines @ The Courtney at Bay Pines https://t.co/JLZvHg1YHU,0.2,october6_october7
150,1.3133949724948357e+18,"Casualties of #homeschooling. We are reviewing words with a soft “a” and “i”: taco, backpack, pig. #guineapig #covidpets @ Chatham, New York https://t.co/Jj6vtJ6Z4E",0.14285714285714285,october6_october7
151,1.3133958208306258e+18,"Donald Trump Told His Followers Not To Be Afraid Of COVID, And Captain America Chris Evans Had A Scathing Response — ""This is reckless to a shocking degree, even for you.""

https://t.co/0S39O4cHJt",-0.09523809523809523,october6_october7
152,1.3133996371481313e+18,"#plastic #drop #overlay more #color #tests #silver #wash #ground #oiloncanvas #painting #partsofpaintings #cropped #artwork #wip #stayhome #staysafe @ Springs, New York https://t.co/3QMq2YylpV",1.0,october6_october7
153,1.3134008654415012e+18,"Things seen 
Funky van
Fleece rock
COVID face the corner elevator 

#thingsyousee #fleecerock #adventuregirls #smokies #facethecorner #covidsucks #cantexplain #cantexplainit #laterpost https://t.co/hTW48sM1sv",0.0,october6_october7
154,1.3134018923666842e+18,"#NowWatching The Simpsons s06e06 ""Treehouse Of Horror V"" (1994) #QuarantineTheater #Lockdown #Safety #Sanctuary #Seclusion #Solitude #Halloween - https://t.co/EUOFOsusHa",0.0,october6_october7
155,1.3134022492347146e+18,"They say I didn't have #Covid or #HIV at the #PsychWARD.
#MindOverMatter - #LoL. @ 61st and King Drive https://t.co/iBujsieHyk",0.0,october6_october7
156,1.313402250367099e+18,White House COVID-19 expert gives Rowan U. high marks for campus messaging amid local case spike  https://t.co/sma5PfqZhK,-0.03333333333333333,october6_october7
157,1.3134026282823066e+18,"Con el broskie @dueymeza 🇻🇪🇨🇴🇩🇴

#corona #NYC #NY #manhattan #rooftop #manhattanbridge #reggaeton #badbunny #ozuna #colombia #lisandromeza #venezuela #DR @ New York, New York https://t.co/lSTM3ou4Zw",0.0,october6_october7
158,1.3134037132146115e+18,"Don't be like our cowardly President...
WEAR A MASK AND PROTECT OTHERS! #DumpTrump2020 @ South Whitehall Twp, PA https://t.co/begPVDDl51",0.012499999999999995,october6_october7
159,1.3134041333874442e+18,"Wake up. #lakemurray #WFH @visitlakemurray @LiveLakeMurray it’s a new day, in so many ways. #2020  #krew  #kaiden  @lauren_aiken_morris  @krew_morris_ @krewmorris @ Shull Island Lake Murray https://t.co/P2DnayuMco",0.0,october6_october7
160,1.3134041454291722e+18,"Thank You All.

Info@steadyservices.nyc

#healthheroes #likeforlikes #frontlineheroes #china #startupbusiness #startup #election2020 #2020census #police #healthworkers #groceryshopping @ Brooklyn, New York https://t.co/xzGfoQoWwe",0.25,october6_october7
161,1.313404394386477e+18,Free Hot Meal for Meadowview!!! It’s Taco Tuesday 🌮 provides by @fresher.sac 2450 Meadowview Rd Sacramento CA please wear a mask 😷 durning pick up. ✌🏾❤️🙏🏾 @ Samuel Pannell Meadowview Community Center https://t.co/9ocOWKuKbM,0.12424242424242422,october6_october7
162,1.3134048899097969e+18,"@bella_strel at the river, in her cool cobra shirt from @rumors.preloved &amp; pandemic pink hair @articfoxhairpty @jrpsrichmond  #rva #wfh #fieldtrip #mybestgirl #love @ Pony Pasture https://t.co/5k9CKUgxK9",0.009090909090909087,october6_october7
163,1.3134061553481605e+18,"Every week starts with a negative, which is a positive. Or is that the other way around?
+

Weekly testing.
Health check.
+

#COVID #COVID_19 #health #hipaa #campuslife #anotherweekanothertest #TheHeritageHills https://t.co/AL3MiFiUND",0.05000000000000002,october6_october7
164,1.3134074127502172e+18,"When was the last time you had a camp fire? #covid19 @ Montauk, New York https://t.co/z3Sj40mYdw",-0.4,october6_october7
165,1.3134110406720553e+18,"Our Lakers play game 4 at 6 pm on ABC and our Dodgers play at 6:30 on Fox Sports 1. If you have Spectrum that's channel 400. 
#LETSGOLAKERS 
#LETSGODODGERS 
#wearamask😷 
#BidenHarris2020 
#votebluetosaveamerica https://t.co/1HDw8UQ5Fh",0.0,october6_october7
