,id,tweet,sentiment,date
0,1.3267447261086925e+18,"Just posted a photo @ Corona del Mar, Newport Beach, California https://t.co/hrwOfu9Tu2",0.5,november12_november13
1,1.3267464664554947e+18,Another COVID result.... the thorn bushes are gone. A live Christmas Tree is planted.  We are preparing for a joyous farm Christmas for us as a family and all of our students! https://t.co/cIxvcgG5PS,0.0,november12_november13
2,1.3267489259619246e+18,Zoo was so empty today. First time back in over a year. So much hand sanitizer and Clorox wipes were used today. @ San Diego Zoo https://t.co/HO6wGnudeV,0.7,november12_november13
3,1.3267491019128136e+18,"COVID-19 update @ Queens, New York https://t.co/aQpe8fA3Ps",0.13636363636363635,november12_november13
4,1.326749346612736e+18,"Just posted a photo @ Corona del Mar, Newport Beach, California https://t.co/SBtoVHU3Fu",0.13636363636363635,november12_november13
5,1.3267523670318408e+18,Haven’t seen these guys since last summer because of this damn Covid - #missthebros #family #wearamask @ Sprague's Maple Farms https://t.co/CNPNqKLQ0t,0.0,november12_november13
6,1.3267533532635873e+18,"Fewer Americans Traveling This Thanksgiving amid Pandemic: AAA advises caution and preparation for those who decide to travel ORLANDO, Fla. (November 12, 2020) – Thanksgiving will be on the lighter side when it comes to the typical number of… https://t.co/Nd7bHnMGzM @aaanews https://t.co/De3Lz0sEjg",-0.16666666666666666,november12_november13
7,1.3267547292763095e+18,My first covid symptoms were October 18th. I am still sick. I’m tired.,-0.03125,november12_november13
8,1.3267547314950267e+18,"Social distancing is not hard. Wednesday is going just fine. @ Key West, Florida https://t.co/GUPzAtWZlM",0.04545454545454545,november12_november13
9,1.3267547337348506e+18,How’s everyone’s quarantine going? @ The Great White Way https://t.co/uKBYdZ7gZ2,0.03333333333333333,november12_november13
10,1.3267588358355927e+18,"It seems that people who are #Vaccinated with the so-called 'ground-breaking' #CoronavirusVaccine still carry &amp; spread #COVID19… which is not great if 100,000 Americans are let loose by #TrumpSupporters to murder millions in a gis-plotted genocide plan.

https://t.co/hyGwP8RI6F",0.25,november12_november13
11,1.3267596407896105e+18,Just posted a video @ Corona Barbershop Plus https://t.co/m2itXrxOLl,-0.11666666666666665,november12_november13
12,1.3267603699232195e+18,How do you Quarantine? #views #quarantinelife #covidseason #portsmouthnh @theenvioportsmouth #chillin #outdoordrinking #nightlife #rooftops #onlyinnewhampshire #fromkittery #dranks @ Rooftop at The Envio https://t.co/oBEhnLuigv,0.0,november12_november13
13,1.3267608793466102e+18,"im so very tired of bullshit. i fight tooth and nail every day to remain sane, what is happening with the US and the presidency right now is making me question my own sanity. IN What world does this normality happen? Lying, misinformation &amp; covid. Its like a package deal. #tired",0.0,november12_november13
14,1.3267610057545523e+18,"💥30%💥 more Americans in hospital beds in *8* days! It would be a lot higher but for the thousands heading to morgues (and overcrowded ICU Death Panels)

65.4k hospitalized, 15k more than on #ElectionDay.

#TrumpKills: 1,421, 7-day avg over 1k! https://t.co/WSTbB6CFQQ #COVID19 https://t.co/tUCXinRP9r",1.0,november12_november13
15,1.3267627997800284e+18,"Just posted a video @ Corona, California https://t.co/R0DtWKuAci",-0.008571428571428591,november12_november13
16,1.3267647096269906e+18,"Me x @djskee x @themadvillain on set of @skeetv #memories @ Corona, California https://t.co/0Lluj80yEq",0.30000000000000004,november12_november13
17,1.3267652485531156e+18,This Friday we’re back for Lockdown 2.0 for bad sound quality insta beats and moves. Bring your own booze and skank along for one hour only. Chilled dub beats finished with some heavy dnb / breakbeat. #lockdownlive https://t.co/UL1jJbhmuc,0.30000000000000004,november12_november13
18,1.326774567499686e+18,"COVID-19 update @ New York, New York https://t.co/2dqL9kfw4y",0.17045454545454544,november12_november13
19,1.326775240773542e+18,"Me after watching the News on TV 📺 Who is feeling the same way? Guess what movie this scene is from😉 
.
#tv #news #election2020 #quarantine #covid_19 #selfisolation #2020 #funny #life #joker #scene https://t.co/C9mJ5wxv6v",0.4,november12_november13
20,1.3267813828954808e+18,"Las Vegas looks to attract Bay Area tech workers with lack of state income tax, more affordable ...: ""Silicon Valley is the most attractive destination for tech people,"" he said. Still, Las Vegas leaders are convinced the post-COVID work structure will… https://t.co/ysl5ScshpU",-0.1875,november12_november13
21,1.326787957676761e+18,"On the inside, I was thinking about washing my hands asap. #socialdistancing #covidcomedy #soap @ The Caravan Louisville https://t.co/Qu84rOSDmd",0.4666666666666667,november12_november13
22,1.3267924533247263e+18,Just posted a photo @ Quarantine Nola 2020 https://t.co/JPo5A3bJvz,0.2285714285714286,november12_november13
23,1.326798409362264e+18,"20K+ #Google searches 4 Real Housewives of Salt Lake City 1h old https://t.co/djSSpqJ6Bf https://t.co/UsPQ12kisU 
#SaltLakeCity 🌅 7:11 🌆 17:11 MST
#Covid19
#SaltLakeCounty 11/08/2020
New CS 1001 14DCSΔ +24.3%
New D 0 14DDΔ +10.4% https://t.co/rR7rkTu2kk",0.15,november12_november13
24,1.326802024911016e+18,"Just posted a photo @ Corona del Mar, Newport Beach, California https://t.co/EE8wOXQYhc",0.0,november12_november13
25,1.326809472967336e+18,Quarantine Bean... #chicago #milleniumpark #thebeanchicago @ The Bean @ Millennium Park https://t.co/phimrqQtgp,0.5333333333333333,november12_november13
26,1.3268105720258355e+18,"It’s The Onion, so it’s satire, but would this be such a terrible idea? Charge $10m a pop, use the resulting $20b to provide the vaccine to everyone else on earth for free? https://t.co/cmdecF7ANs",0.1875,november12_november13
27,1.3268125759889326e+18,"Just posted a photo @ Corona, California https://t.co/guaRRgnNfD",0.2,november12_november13
28,1.3268133885304627e+18,"Something about that quarantine in Maui! @ Wailea-Makena, Hawaii https://t.co/u9ybltxcsD",0.5,november12_november13
29,1.326750042972156e+18,"Working from home...sometimes. Lol!! #ValHalla @ Apex, North Carolina https://t.co/z0Pu3A7r4b",0.13636363636363635,november12_november13
30,1.326753150087426e+18,"The government has announced new winter break Covid-19 measures, including staggered travelling dates and mass testing, in an attempt to prevent the spread of coronavirus as students return home for the holiday period https://t.co/oqDQ3iqqxI",0.0,november12_november13
31,1.3267547292763095e+18,"A Police Swarm. Frantic Calls. Then 3,000 People Locked Inside.: On July 4, Australia’s second-largest city went into lockdown. But residents of nine public housing towers were singled out for even stricter treatment, leading many to… https://t.co/MPZK8kIX3o (vía NYtimes) https://t.co/Caehw765UW",-0.03125,november12_november13
32,1.3267627997800284e+18,Enroll today! COVID safe In-person and Telehealth sessions are offered. Call: 914-358-5613 @ Heartsong https://t.co/9Qp3epOnqq,-0.008571428571428591,november12_november13
33,1.3267663101524255e+18,Coworking making a comeback amid work from home fatigue. https://t.co/yHEdeJENtQ #coworking #remotework,0.30000000000000004,november12_november13
34,1.3267678807892419e+18,"When the pandemic hit, I never stopped working for my district; to make sure we had what we needed to keep people safe and solvent. When the systems failed, I refused to be silent. Help #KeepMeLoud

https://t.co/IIEiO2EXdZ

#DelegateBagnall #GetInTheRoom #ChangeTheNarrative https://t.co/m5Yie4nQpV",-0.11875,november12_november13
35,1.3267694601040814e+18,Corona NY Thu Nov 12th AM Forecast: TODAY Mostly Cloudy Hi 45 TONIGHT Partly Cloudy Lo 31,-0.25,november12_november13
36,1.3267726783222497e+18,"#outdoors #wfh @ Dallas, Texas https://t.co/C7NzcDvvIB",0.08281250000000001,november12_november13
37,1.32678430665259e+18,"N.Y.C. Schools May Close Again as Coronavirus Cases Surge: The school system, the nation’s largest, has had strikingly few virus cases. Even so, the mayor may end in-person classes because the city’s overall rate is surging. https://t.co/oUkd5Shgmb (vía NYtimes) https://t.co/Tnua8NKRAp",0.0,november12_november13
38,1.326784308040913e+18,"I want to be free. How about you all?
#StayWell 
#StaySafe 
#StayHealthy 
#WearYourMasks 
#WashYourHands 
#PracticeSocialDistancing @ Center Point, Alabama https://t.co/0lBZSS8epk",0.0,november12_november13
39,1.326787957676761e+18,Almost #thanksgiving!!! Just two weeks away! #florist #floristsofinstagram #flowers #floraldesign #holiday #holidaydecor #holidayseason #tropical #aifd #studioherbage #studioherbageflorist #stayhome #stayathome https://t.co/UdvlH7cXiI,0.4666666666666667,november12_november13
40,1.3267880750836654e+18,Stock the Shelves 🍫🧻🥤🧽🍟🧼🛒 #hoco2020 #quarantinelife Dress as an item you stocked during Quarantine! @ Ware County High School https://t.co/4h9XmWYvt5,0.0,november12_november13
41,1.326789175870419e+18,"Just when you thought it was safe to go back to the water...

#CoVid #CoVid19 sucks!

Play it safe,
EL_KaLt🇵🇷ro™ @ San Antonio, Texas https://t.co/o7BYs6MeU6",0.125,november12_november13
42,1.3267914724280197e+18,"FFS, people… 🤦‍♂️ https://t.co/BsV310K0kf",0.13636363636363635,november12_november13
43,1.326793103370543e+18,A Covid Winter  https://t.co/V22PRSy8NT,0.0,november12_november13
44,1.326799657867989e+18,"5 #Tools for Starting Your Own Professional #Podcast. It’s Easier than You Think...

https://t.co/nfxnu39eQ6 #Podcasting #Tech #Content #Branding #Media #PandemicLife #WFH #WFHlife #AudienceDevelopment #ProfessionalDevelopment #Streaming #StartupLife",0.0,november12_november13
45,1.3267998298178437e+18,Always #wearyourmask. #artforthehellofit #digitaldrawing #autodesksketchbookpro #wearamask😷 @ Inwood https://t.co/UCsYdcKGjK,0.25,november12_november13
46,1.3268091483659428e+18,"Please use a hand sanitizer. 
And wear as mask!
😷

#handsanitizer #masks @paulrichardnyc #streetart #nyc @ Manhattan, New York https://t.co/HKKwjsw0lv",0.0,november12_november13
47,1.3268121295010816e+18,"From art work emerging from the kiln e have at work on a plate, Vegan Scotch pie, mushy peas, home made coleslaw and hand cut chips........
#pie #mushypeas #coleslaw #chips #bestofbritish @ Lea's https://t.co/p6XXPasQxa",0.0,november12_november13
48,1.3268133885304627e+18,"20K+ #Google searches 4 Denzel Washington 2h old https://t.co/JfY99AKX71 https://t.co/EaSJqZ9a99 
#LosAngeles 🌅 6:23 🌆 16:50 PST
#Covid19
#LosAngelesCounty 11/08/2020
New CS 2400 14DCSΔ +6.6%
New D 13 14DDΔ +2.5% https://t.co/5yzwU6GBPT",0.5,november12_november13
49,1.326744398541906e+18,"Early morning fall foliage in display, as a Ridgewood bound Q58 turns off Corona Avenue onto Broadway in Elmhurst #elmhurst #fallfoliage #newflyer #newflyerxcelsior #q58 #nyctransit #nikonphotography #nikond3500 https://t.co/FcX39Y0eXm",0.16666666666666666,november12_november13
50,1.3267491019128136e+18,"It doesn’t get more socially distant than @stormkingartcenter ... I’d been missing museums!

#latepost #socialdistancing #staysafe @ Storm King Art Center https://t.co/E6Unup9uhY",0.13636363636363635,november12_november13
51,1.3267516165240218e+18,"Virtual travel during COVID

Thank you, @onepeloton @ Frisco, Texas https://t.co/fCos8A0xej",0.0,november12_november13
52,1.3267547292763095e+18,Looks like SIU won’t start their season for awhile https://t.co/nRwiRBo2WI,-0.03125,november12_november13
53,1.3267547314950267e+18,Grandfathering in the time of COVID. @ Arlington Reservoir https://t.co/nN4dI9mD5D,0.04545454545454545,november12_november13
54,1.3267553611902444e+18,"Buffalo chicken sub today at Scalpers and Sharpys , dine in and takeout 
Must wear a mask coming in and walking around ( same as it’s been since July ) , stay safe @ Scalpers BAR &amp; Grille https://t.co/kPePZKwbPN",0.5,november12_november13
55,1.3267588358355927e+18,"Holiday bearing down on us!  #demarestfarms has a covid safe drive through holiday lights experience.  I know I could use some good cheer...  #chubaldwinhomes #holidayfun @ Hillsdale, New Jersey https://t.co/PvwgzKyJCM",0.25,november12_november13
56,1.3267603699232195e+18,"Another Thursday dropping all the jams to make you forget your troubles.    Come grab a table and enjoy some great tunes, food and drinks.  Mask up and social distancing required 🙃🙃🙃 @ Awful Arthur's Salem https://t.co/3JQpqjcAkU",0.0,november12_november13
57,1.3267610057545523e+18,"I think @nkjemisin had it right: Jersey City should replace Staten Island as the 5th borough, and Staten can fuck off and become a suburb of R’lyeh. https://t.co/rR2Ho0BO9L",1.0,november12_november13
58,1.326774567499686e+18,This means you Merica 🖕🏿✊🏿😂😘⚜️🤢 @ Quarantine Nola 2020 https://t.co/Ht1fxc2wSX,0.17045454545454544,november12_november13
59,1.326775240773542e+18,"Sometimes a filter just makes me feel better! .
.
.
.
.
#2020 #selfie #filter #quarantinelife #cutie #me #snap #fallvibes #goodvibes #positivevibes @ Quarantine https://t.co/0OZ8iIuCaI",0.4,november12_november13
60,1.3267843094543933e+18,"What do you think of my new #mask? #covid @ Abilene, Texas https://t.co/U46da627fl",0.12727272727272726,november12_november13
61,1.3267847150771446e+18,"WFH Day 154: Flower Boy by @feliciathegoat 

#workingfromhome @ Perry Hall, Maryland https://t.co/QfIEk8JviV",0.17532467532467533,november12_november13
62,1.3267874025690317e+18,Jamie had a fever last night so I’m working from home today. Certainly looks fine to me! 😍 Wish me luck on my classes today. Intro to Greece with a crazy toddler in tow😳. @ Grandin Village https://t.co/J18ZiHuoDn,0.0,november12_november13
63,1.3267880750836654e+18,Music bingo tonight #denver #musicbingo #tennyson #divebar #fun #pickleshots #musicbingo #getoutthere #socialdistancing #supportsmallbusiness #suppportlocal #keepusopen @ Berkeley Inn https://t.co/NgCR41ITfu,0.0,november12_november13
64,1.3267914724280197e+18,"Work from home life 🏡 be like 👍🏻 let’s see how this zoom goes with a toddler 🙏🏻 @ Tampa, Florida https://t.co/77wOH80fqP",0.13636363636363635,november12_november13
65,1.3267929321590825e+18,#WorkFromHome most certainly has it’s benefits 🙌🏽😎 @ The Jagged Fork https://t.co/CBLvsrUmUD,0.5625,november12_november13
66,1.326793103370543e+18,who I trust on Earth when it comes to getting a vaccine #DumpTrump #TrustFauci @ Protein Bar &amp; Kitchen https://t.co/TcnNgB9Ho0,0.0,november12_november13
67,1.326798409362264e+18,"#CoronavirusLongHaulers tell all about their symptoms and how the Trump-spread disease has devastated their lives forever…So you can see what Trump is about to do to you, next!

https://t.co/HgNEgXtIYM #TrumpVirus #SuperspreaderTrump #COVID19 #Coronavirus #LongHaulers",0.15,november12_november13
68,1.3267996568278467e+18,Just posted a photo @ Quarantine https://t.co/3wuXx3CNIC,0.1,november12_november13
69,1.3267998298178437e+18,#new #work #postcard #painting #5x7 #acrylicpainting #repetition of a #motif #intuitive #artwork #worksonpaper #smallworks #vertical #grid #format #layout #paintings on #paper #staysafe #wearamask #democracynow https://t.co/0U4QKxLY0B,0.25,november12_november13
70,1.326800659933487e+18,"New round of coronavirus has Sankey, SEC office scrambling but 'sticking to the plan'  https://t.co/XWEqt0az9N",-0.2384615384615385,november12_november13
71,1.326802024911016e+18,"COVID-19 quarantined Commission for Downtown Kingston. FINAL phase of completion. Next stop installation at Port Authority on Duke Street. Thanks and Praises. @ Hawthorne, California https://t.co/hocAfyGRBa",0.0,november12_november13
72,1.3268021381194834e+18,"50K+ #Google searches 4 Jean Trebek 1h old https://t.co/AbSHOuhDsJ https://t.co/QeahywbBFD 
#LosAngeles 🌅 6:23 🌆 16:50 PST
#Covid19
#LosAngelesCounty 11/08/2020
New CS 2400 14DCSΔ +6.6%
New D 13 14DDΔ +2.5% https://t.co/cGr2CiNH03",0.0875,november12_november13
73,1.3268123671083868e+18,"🚨JOB ALERT! ""This is a part-time (30 hours a week) position that requires a person to be in the office 5 days a week (once Covid restrictions are lifted)."" 🌟 The Meditation Center at THEARC seeks Administrative Assistant [SP]  https://t.co/IHKKxbkkv9",0.4166666666666667,november12_november13
74,1.3268125759889326e+18,#wearamask @ Starbucks https://t.co/XxTfmsebO9,0.2,november12_november13
75,1.326812756041982e+18,"#tbt pre-covid times. 🥊 be safe ya'll!

#MendezBoxing | #TenemosTodoMenosMiedo @ Mendez Boxing Gym https://t.co/YUgNI7r9du",0.1431818181818182,november12_november13
76,1.3268134942813184e+18,"This whole “COVID home baking” thing is getting way out of hand...  👶 
#dadlife #attempteddadding round 2. @ North Adams, Massachusetts https://t.co/90PpK9FAJ2",0.0,november12_november13
77,1.3268139982269604e+18,It’s scary to think how many Americans are going to die because the Trump administration went from barely caring about COVID to actively avoiding it now,0.12121212121212124,november12_november13
78,1.3267435839997501e+18,"The Work Never Stops, State to State! That Doesn’t Mean You Can’t Be Safe While Getting To The Money! WEAR YOUR MASK! Cases Still Going Up! Keep A Distance!! Be Safe Colorado! #StepUpColorado #echaleganascolorado https://t.co/dPHTBG7uDx",0.10714285714285714,november12_november13
79,1.3267447261086925e+18,"Let us know what you think! #covid_19 #vaccine @ Denver, Colorado https://t.co/NPufi3pUm4",0.5,november12_november13
80,1.3267464664554947e+18,Had a great discussion about leadership during the COVID-19 pandemic with our ODK Circle yesterday. Thanks for the invitation. #millersvilleu @ Millersville University https://t.co/wNV7mxQocF,0.0,november12_november13
81,1.3267489259619246e+18,"Fuk a #Covid 19 Fuk a #Quarantine We Been On The Roads Touring Getting To It 🤑!!!! #hottestinthecity  #promotour  #wegetyaheard 🏆 @ Chicago, Illinois https://t.co/cX7fPoH4Jj",0.7,november12_november13
82,1.326749346612736e+18,"Just posted a photo @ Corona, California https://t.co/68DnkxIu0v",0.13636363636363635,november12_november13
83,1.3267511336421868e+18,"I can train you in our group fitness room with no other members in there if you are concerned about social distancing.  We can also go virtual and do sessions via zoom! @ Fitness 19 Buffalo Grove, IL https://t.co/EEysXDVV2k",-0.2880952380952381,november12_november13
84,1.3267533532635873e+18,"#repost @thegatebrooklyn
・・・
Making a go of it! Open 3:00. #outdoordrinking #alfrescoorbust #maskup #socialdistancing #washyourhands #besafe @ The Gate https://t.co/CthBtKi5qf",-0.16666666666666666,november12_november13
85,1.3267547292763095e+18,"Yes there are individuals who are young, with kids who get really sick with covid19. Yes, there are human beings who are teaching young kids in classes who get really sick with covid and their lives and families matter #fullStop",-0.03125,november12_november13
86,1.3267547303500145e+18,"Chasing the blues away with some rainy afternoon apple fritters.  Thanks for the inspiration, @jacquespepinfoundation 🍎
.
#apples #baking #beer #flour #jacquespepin #homeschool @ Newport, Rhode Island https://t.co/JEzPRlrJl4",-0.08333333333333333,november12_november13
87,1.3267547314950267e+18,Please wear a mask @ Ohio Basketball Club https://t.co/xxPAaj0OyS,0.04545454545454545,november12_november13
88,1.3267553611902444e+18,"Next Gen Gaming 🎮 #XboxLaunchCelebration 🥳 #XboxSeriesS 🎮 #GameTime 🥳 #TechGeekGaming 📸 #Xbox 🎮 #XboxSeriesX #StayHome 😷 @ Nashville, Tennessee https://t.co/zyUXwu9w6A",0.5,november12_november13
89,1.326756298025816e+18,"50K+ #Google searches 4 @DominionSyfy 2h old https://t.co/J8MKSpthi6 https://t.co/EQ4rFfJhrS 
#Denver 🌅 6:41 🌆 16:46 MST
#Covid19
#DenverCounty 11/08/2020
New CS 267 14DCSΔ +27.3%
New D 1 14DDΔ +2.0% https://t.co/Y1WmJkuT6P",0.0,november12_november13
90,1.3267588358355927e+18,"Repost from @thankudoctorwho
•
#Lockdown 2.1.  And more good advice from the Doctor.  Stay safe everyone.  #ThankUDoctorWho @ Moore, Oklahoma https://t.co/0nuAIKtbUL",0.25,november12_november13
91,1.3267603699232195e+18,"When you have to go into the #office after working from #home for the last couple of months... you wear actual clothes and not #workout gear or #pajamas 😜
#thatRNlife #CaseManager #lovemyjob #actuallyputmakeupon https://t.co/1jtuQAfEU3",0.0,november12_november13
92,1.3267608793466102e+18,"COVID-19 update @ Mount Vernon, New York https://t.co/NRKzHZOjTU",0.0,november12_november13
93,1.3267610057545523e+18,"I #love that my #iphone does these #videos .. I know I took more pics than these but what #awesome #memories ! Can’t wait to #covid is over to take more #vacations with #miamor ❤️ @ Casa Grande, Arizona https://t.co/f6mVZPI92M",1.0,november12_november13
94,1.3267621881288704e+18,"Rossi’s out of danger: third swab also negative: Valentino will be taking part in the Valencia Grand Prix this weekend, after two negative Coronavirus swabs  https://t.co/W9bHb3xkSc https://t.co/BFti1j8gzJ",0.21944444444444444,november12_november13
95,1.3267718980223222e+18,Maryland... day two of the pandemic monsoon... @ Cape Anne https://t.co/gmMDGwV0nz,0.45,november12_november13
96,1.326774122811183e+18,Is it safe to get medical care during COVID-19 Pandemic? Article in Northwest Herald. #northwestherald #medicalcare #covid_19 #pandemic #drmundozie @ Mercy Harvard Clinic South https://t.co/VrUezXsYLN,0.0,november12_november13
97,1.3267789462061752e+18,"!!sigalert!! a multiple vehicle injury crash has the 4 right lanes blocked. in #Corona on 91 (SR-91 Riverside Fwy) WB after Main St (Corona), stopped traffic back to I-15 #LAtraffic https://t.co/e2e6MWkOvI",0.0,november12_november13
98,1.3267843094543933e+18,"So much for thinking nobody would be looking over my shoulder when working from home...... @ Methuen, Massachusetts https://t.co/uBTONfPhLE",0.12727272727272726,november12_november13
99,1.3267872883413565e+18,"It happened! 1000 subscribers on my #youtibe channel! Thank you for your support! Content has changed a bit due to covid but there is hope for group outings in the future. @ San Diego, California https://t.co/sjQPZYFlkX",0.0,november12_november13
100,1.326789175870419e+18,"Show us what you are rockin' under your desk! 
.
.
.
#AtLarts #artsgig #artadministrators #thursday #thursdayvibes #coronavirus #workfromhome #atlanta #artists @jessyca.holland @thisisnajah @allthatsmash https://t.co/JC70UA0XeS",0.125,november12_november13
101,1.326789224813785e+18,"Could this installation of Father Bill and Jennyfer Stratman be any more perfect? 😍 @ Corona del Mar, Newport Beach, California https://t.co/HBX6HnRhXX",-0.025,november12_november13
102,1.3267914724280197e+18,A Holiday Travel Guide for Decoding COVID-19  https://t.co/10m4EKoZts,0.13636363636363635,november12_november13
103,1.3267926791502807e+18,Ready to launch our #pregnantinapandemic support group! #covid_19 #2020pregnancy @ Prenatal Fit https://t.co/zIRdfFF56V,0.0,november12_november13
104,1.3267953855668675e+18,"You can still order local and pick up! #wearyourmask #washyourhands #watchyourdistance Support local business! #food #merchandise #services #Colorado @ Colorado Springs, Colorado https://t.co/Cfk6nSvv2C",0.0,november12_november13
105,1.3267961458431222e+18,"Find someone you can BUILD with not just CHILL with 👌🏻💋 #comingforeverything #allandeverything
#parentgoals
#husbandandwife
#workfromhome
#retiredrns
#palmharborfl 
#workfromhomelife @ Palm Harbor, Florida https://t.co/0sDgEeNMJC",0.0,november12_november13
106,1.326798409362264e+18,"Valentino Rossi: ""A positive swab is like being in an endless nightmare"": ""These are things that often happen to those who have caught Covid. I feel close to Iannone, 4 years is an eternity. Dovizioso will realize how much he will miss MotoGP"" https://t.co/mV7VrZ88QA https://t.co/8uLYxeEof7",0.15,november12_november13
107,1.32679915326822e+18,COVID-19 update @ Tri-Technologies https://t.co/O7inXoD1qe,0.08333333333333333,november12_november13
108,1.3267996568278467e+18,"Mask up. Ride on. Wear a helmet. Let's conquer 2020 😎
#evolvrides #urbanmachina @ New York City, N.Y. https://t.co/Ox7jxlN6KO",0.1,november12_november13
109,1.326800659933487e+18,"!!sigalert!! a multiple vehicle injury crash has the 4 right lanes blocked. in #Corona on 91 (SR-91 Riverside Fwy) WB after Main St (Corona), stopped traffic back to Mckinley St #LAtraffic https://t.co/e2e6MWkOvI",-0.2384615384615385,november12_november13
110,1.3268058169687e+18,YES! Mrs. Potts is serving straight facts here. It's really not that difficult - seriously! No excuses - wear a MASK! #wearamask #covid_19 #covid #maskup #maskitorcasket @ Maine https://t.co/l1sIefAFxD,0.7,november12_november13
111,1.3268064348525076e+18,"Me watching my city go into code a purple lockdown.. My birthday is next week. I had plans. Now I’m feeling a bit out of sorts. What did you do for your birthday this year?!📸 @philliptowles @ Sacramento, California https://t.co/FdAxe2o0Bj",0.5,november12_november13
112,1.3268091483659428e+18,"Just about thru Week 34, #WFH … it’s coworker nap time apparently. (@ Temporary Home Office in Utica, NY) https://t.co/fSwRRZqM9F https://t.co/zKqc0S33TM",0.0,november12_november13
113,1.3268105720258355e+18,"IRS urged any eligible self-supporting college student who doesn't need to file a tax return to register by November 21 so they can receive an Economic Impact Payment.
Search Non-Filers in https://t.co/RAzXlr1ASh or click below:
https://t.co/vIxoCKsdZC https://t.co/D6U2IJRMPC",0.1875,november12_november13
114,1.3268121295010816e+18,"ROMEO AND JULIET director Stephanie Shine says, “Life as we know it is now on stage.” See the country’s first modern, pandemic version of ROMEO AND JULIET this Saturday, Nov. 14 at 2 PM at Wiseacre Brewery’s Broad Avenue location. https://t.co/rzgh9vsoXs

#tsc #memphis #theatre https://t.co/AdSYn27i9T",0.0,november12_november13
115,1.3267435839997501e+18,ICYMI: Our new Durham CARES Small Business Grant Program is offering more financial support for our local small businesses adversely affected by #COVID19. Applications for up to $10K are now being accepted beginning today! More details here: https://t.co/CmrYBhx1Cu https://t.co/Hg9sncKTPz,0.10714285714285714,november12_november13
116,1.3267488893959455e+18,"I think AOC and Beto are right that Dems not having a ground game hurt them, and they could have done it safely in a pandemic. But I agree with this that the messaging on certain issues was the bigger problem. https://t.co/JuApKgcMRl",0.2390151515151515,november12_november13
117,1.3267489259619246e+18,"Just posted a photo @ Corona de Tucson, Arizona https://t.co/PPIbXOkOc2",0.7,november12_november13
118,1.3267491019128136e+18,Suicides up 200% 🗣SHUT THE FUCK UP!!!! https://t.co/DLYxjieqxk,0.13636363636363635,november12_november13
119,1.326749346612736e+18,"We are located at 2378 Dogwood Dr. SE, Conyers, GA 30013

In-Person Worship Service on Sundays at 11:00 AM

We follow the recommendations of the CDC for COVID-19 https://t.co/VQnVhOHr0Q",0.13636363636363635,november12_november13
120,1.3267511336421868e+18,Easy: No❤️ https://t.co/fmS1hrbER1,-0.2880952380952381,november12_november13
121,1.3267516165240218e+18,"Neatly timed to coincide with the spike in Covid, the weather has turned cold, bleak, and rainy in NYC, rendering outdoor dining considerably less appealing. #winteriscoming❄️ @ New York, New York https://t.co/NhGnUkPmsJ",0.0,november12_november13
122,1.326753150087426e+18,"At this point, we should just say that the US is a hotspot country.  https://t.co/EgC09fbg4Q",0.0,november12_november13
123,1.3267533532635873e+18,"All major US #COVID19 metrics rose sharply from last week. #Coronavirus #TrumpVirus cases are up more than 40%, while tests only rose 13% thnks to Trump. Currently hospitalized continued to follow cases upward.

Deaths increased nearly 23% from a week ago! https://t.co/JhYNAvy6SX",-0.16666666666666666,november12_november13
124,1.3267539687274824e+18,"Check out another one of these amazing submissions for the @WeAreReachOut Masks are Medicine Art Contest! 
.
#stopthespread #covid19recovery #masksaremedicine #wearamask #artcontest #wearereachout #washyourhands #6feetapart https://t.co/nbYlkZy0S7",0.0,november12_november13
125,1.3267547292763095e+18,"The fam @tbudcrawford fights this Saturday.  If it weren’t for #COVID I’d be right there front and center...  so instead come thru and watch the fight with ya boy #boxing #omaha @ Chicago, Illinois https://t.co/ZafC4YGkOu",-0.03125,november12_november13
126,1.3267547303500145e+18,We got new board games in preparation for the stay at home orders brought on by the second wave of the pandemic @ Anyone Comics https://t.co/gDZbrk5kmD,-0.08333333333333333,november12_november13
127,1.3267547314950267e+18,Odd day for meal prep. Perk of #WFH #cornedbeef #cabbage #potatoes #carrots @ Maple Village https://t.co/gwLitqYwck,0.04545454545454545,november12_november13
128,1.3267547337348506e+18,"Students, Faculty and Staff, please see my email to you for an important COVID-19 update! #StillAU @ Anderson University https://t.co/eHRBs2YXeR",0.03333333333333333,november12_november13
129,1.326756298025816e+18,Somebody getting pregnant tonight 😂😂 @ Quarantine Nola 2020 https://t.co/wyvh4G3Lzg,0.0,november12_november13
130,1.3267588358355927e+18,"Suicide figures are up 200% since lockdown. Could 2 followers please copy and re-post this tweet? We’re trying to demonstrate that someone is always listening. 

Call 1-800-273-8255 (USA hotline)

Just two. Any two. Copy, not retweet.",0.25,november12_november13
131,1.3267596407896105e+18,Thursday's Lenoir County COVID-19 results  https://t.co/vxDdTo4r8M,-0.11666666666666665,november12_november13
132,1.3267608793466102e+18,"20K+ #Google searches 4 Rex Linn 5h old https://t.co/HXk24dPZXL https://t.co/l1134U5NMr 
#Miami 🌅 6:36 🌆 17:33 EST
#Covid19
#Miami-DadeCounty 11/08/2020
New CS 1710 14DCSΔ +6.5%
New D 1 14DDΔ +1.9% https://t.co/arCdcTpLGm",0.0,november12_november13
133,1.3267610057545523e+18,Arsonist: Fires aren't going to magically leave us alone if we decide we're fed up with talking precautions. https://t.co/JRS9xgCa1H,1.0,november12_november13
134,1.3267621881288704e+18,What do I do the moment I find out I (temporarily) have covid antibodies? Chop chop. Thanks @gaby_salonbuzz!!! @ Salon Buzz https://t.co/F51lP2S10q,0.21944444444444444,november12_november13
135,1.3267627997800284e+18,Never knew love like this before 🙏🏿⚜️☕️☕️☕️☕️💤 @ Quarantine Nola 2020 https://t.co/ekqZ3eZAu7,-0.008571428571428591,november12_november13
136,1.3267652485531156e+18,KidWorks University: Engaging creative young minds during COVID  https://t.co/wUaT5E5mnR,0.30000000000000004,november12_november13
137,1.3267663101524255e+18,Just posted a video @ Quarantine Nola 2020 https://t.co/NOArr0WOdJ,0.30000000000000004,november12_november13
138,1.3267678807892419e+18,"#Repost @abc7la
・・・
President-elect Joe Biden's COVID-19 adviser is proposing a nationwide lockdown of 4 to 6 weeks to control the pandemic. What do you think? Link in bio for full story. https://t.co/8BC7nk8sK1",-0.11875,november12_november13
139,1.3267694601040814e+18,"Follow these tips, put together by the @CDCgov to make your Thanksgiving holiday safer: https://t.co/Qb47YMTHwH https://t.co/iUGS8d2Gdo",-0.25,november12_november13
140,1.3267726783222497e+18,Dumb dumb and more dumb @ Quarantine Nola 2020 https://t.co/KslNd5NPKF,0.08281250000000001,november12_november13
141,1.326775240773542e+18,Toya putting in some work taking older brother Fitty home from the body shop #workingvan #VK #VanKulture #businessandpleasure #SiennaSE #truckwhattruck @ Car N Bike Moto https://t.co/Htxp3FG5k6,0.4,november12_november13
142,1.3267789462061752e+18,"50K+ #Google searches 4 USMNT 1h old https://t.co/k6zvIL5MTS https://t.co/Atzp4SE3UD 
#UnitedStates 🌅 6:18 🌆 16:19 MST
#Covid19
#UnitedStates 11/09/2020
New CS 119820 14DCSΔ +14.9%
New D 600 14DDΔ +5.3% https://t.co/wbZZ7TwbpS",0.0,november12_november13
143,1.3267813454697718e+18,Done.  https://t.co/Bpum9svtyd,0.0,november12_november13
144,1.3267843094543933e+18,When the homie needs to rob a bank and stop the covid of spread at the same time. @ The Burbank Pub https://t.co/QOs8vPemIu,0.12727272727272726,november12_november13
145,1.3267844190054072e+18,"QUESTION: Can You Survive A Horror Movie? ANSWER: We certainly did, even with COVID-safe measures intact! (For @mattybrooks116’s bday of course) #tbt #latergram #escaperoom @ Cross Roads Escape Games https://t.co/UEdyVmOp2P",0.01666666666666669,november12_november13
146,1.3267874025690317e+18,"20K+ #Google searches 4 Grey's Anatomy season 17 1h old https://t.co/GP2832CVFi https://t.co/UqTmhEqNHZ 
#UnitedStates 🌅 6:18 🌆 16:19 MST
#Covid19
#UnitedStates 11/09/2020
New CS 119820 14DCSΔ +14.9%
New D 600 14DDΔ +5.3% https://t.co/2WftCLQ2y8",0.0,november12_november13
147,1.326789175870419e+18,"Today’s motivational message: make the best of any shitty situation, improvise and overcome. You got this you beautiful flower. 

#Motivation #Weekend #Corona #2020 #Gay #Slay #Werk #Queen @ Hancock Park, Los Angeles https://t.co/p2RvvdMoA3",0.125,november12_november13
148,1.326789224813785e+18,Quarterfinals... here we go... 2 hour delay.. thanks to COVID ... but winning.. up 2 games one more to go!! ❤️💛💙🏐🏆 @ Pontchartrain Convention &amp; Civic Center https://t.co/N4TH0mJWTU,-0.025,november12_november13
149,1.326790546971562e+18,"Getting my Rapid COVID test. They only had one room open. Might as well get a good 20 minute nap!
•
•
#covid_19 #rapidtest #covidtesting #relax #naptime #itsthelittlethings #travel #covidtravel https://t.co/drqCBH30nQ",0.0,november12_november13
150,1.3267914724280197e+18,"Do not underestimate THE POWER OF PRAYER!!!!

Prayers appreciated as we continue to fight the covid uphill battle with both nonprofits- thanks, friends! So very thankful for this community.",0.13636363636363635,november12_november13
151,1.3267918605647503e+18,"I'm at SEJUICED Organic Juice Bar in Corona del Mar, CA https://t.co/u9lBkK85tc",0.15000000000000002,november12_november13
152,1.326793103370543e+18,Very interesting read. https://t.co/YmxjjcQhXD,0.0,november12_november13
153,1.326793761909842e+18,"Measles Deaths Soared Worldwide Last Year, as Vaccine Rates Stalled - The New York Times https://t.co/84Bp5yBJcQ https://t.co/ReEbv22wwR",0.35000000000000003,november12_november13
154,1.326798409362264e+18,Wait.. you mean this is THE FIRST SHOW IN SB SINCE COVID???? Tickets are in the link in my bio! Jus 10 bucks for a great night of really good local hip hop live! Let’s get litty with our masks on!! @ Music Alley https://t.co/YjwU1QyCZj,0.15,november12_november13
155,1.3267987106894275e+18,"How Quibi imploded less than six months after launch...

https://t.co/HE0jR1rZqc #Startup #Fail",0.03333333333333333,november12_november13
156,1.326799657867989e+18,"I don’t feel sorry for my Trump-voting neighbors. Forgive me if I don’t jump to embrace the people who wanted to ‘make liberals cry again’ and ended up disappointed!

#FuckYourFeelings,just get #COVID and die already you Nazi scum.

https://t.co/6j5KC5ZxS3",0.0,november12_november13
157,1.3267998298178437e+18,A moment of #covid_19 #GenX #Zen #Prince #raspberryberet @ Phaya Thai Street Food https://t.co/SZfiLxHVwt,0.25,november12_november13
158,1.326802024911016e+18,A pandemic portrait I'll always remember by @ccasbo @ Julie Soefer Photography https://t.co/OmfB5qocHk,0.0,november12_november13
159,1.3268021381194834e+18,Only in my songwriting class can one of our class mates get Covid and we make a song about him lol,0.0875,november12_november13
160,1.3268058169687e+18,"Sewing classes during covid -&gt;
Limit 6 people to classes
Face mask required at all times 
Windows open, fans on &amp; air filters!
You get your own table with a sewing machine &amp; serger. 
Sanitizers for you &amp; supplies https://t.co/hwCHzhMi3C",0.7,november12_november13
161,1.3268091483659428e+18,Thank you @nypd for working #nycfinest #tryingtimes #pandemic #UWS #ilovenyc #notaghosttown @ Upper West Side https://t.co/XtMScX3ngl,0.0,november12_november13
162,1.3268121295010816e+18,"Bozeman Health, local participants contribute to promising vaccine research https://t.co/STNhMbXhz4",0.0,november12_november13
163,1.326812756041982e+18,Crispy Tofu Banh Mi. #winnerwinnertofudinner #eatlikeyoumeanit #thanksforvoting #wearamask😷 @ The New Oxford Canteen https://t.co/tVhknS5KSG,0.1431818181818182,november12_november13
164,1.3267432453936865e+18,This might be true @ Quarantine Nola 2020 https://t.co/hNm2ZmCzZM,0.14895833333333333,november12_november13
165,1.3267435839997501e+18,"COVID-19 update @ New York, New York https://t.co/XdK4n797c7",0.10714285714285714,november12_november13
166,1.326744398541906e+18,A very #Covid birthday. @ ft Lauderdale fla. https://t.co/7Z1uoZYgGl,0.16666666666666666,november12_november13
167,1.3267447261086925e+18,"Dinner tonight, the name is seriously “Keto Crack Chicken”.  Hope it lives up to its name. #betterthancrack  #quarantine #quarantinefood #instapotrecipes #quickrecipes @ Santa Clarita, California https://t.co/k9bBEsvbsf",0.5,november12_november13
168,1.3267450593251697e+18,#TBT Remember the days before #SocialDistancing ? Will they ever come back?  #Texans #tailgating in years past. #GameDay #WeAreTexans @ NRG Park https://t.co/brYofVSLFO,-0.2,november12_november13
169,1.3267470114005606e+18,"Each family will receive one bag of food while supplies last. 
Bags contain milk, eggs, yogurt, fresh produce and bread. 
Everyone must wear a mask and stand 6 feet apart. @ Alliance for Community Empowerment https://t.co/epeGuSwqws",0.0,november12_november13
170,1.3267489259619246e+18,"What’s a guy gotta cook to find a wife during a global pandemic? #covid_19 #chef #mapotofu w #charredbroccolini #losangeles #dating #nicejewishboy #cook #humorme #pandemic #madness @ NoHo Arts District, Los Angeles https://t.co/zvrT4AnToe",0.7,november12_november13
171,1.3267516165240218e+18,"Only rich countries are going to provide vaccines for a majority of there people... Canada bought like 9.5 doses per person... USA bought 3 @ Elizabeth, New Jersey https://t.co/weZFPrIt3C",0.0,november12_november13
172,1.3267523670318408e+18,"Dinner night with my main squeeze (aka my only squeeze). Stay safe fam wear a mask. God bless Texas! 
#Godisgood #Pizzaisgood #datenight #love #sheismine #marriedlife #food #funtogether #havingfun #pizza #spicy https://t.co/mtbHsVyMx9",0.0,november12_november13
173,1.326753150087426e+18,The bees are getting tucked in for the winter. They’re still out and about but they are starting to hunker down in the hive. I see a parallel to my life. #hive #bees #dancingleaffarm #stayhome @ Dancing Leaf https://t.co/cmYjE3ncNn,0.0,november12_november13
174,1.3267533532635873e+18,"If I make a lil zine of my quarantine photos y’all copping? 

Also...I need someone that wears a medium or large tee for some promo pictures for @spkngintongues this weekend. HMU🙏🏿 @ Oxford, Ohio https://t.co/qMdwiF1lJP",-0.16666666666666666,november12_november13
175,1.3267539687274824e+18,Want something that will help you pass the time in quarantine? Something to really “stimulate” your senses? Well go over to @honeyplaybox &amp; purchase the Seduction Stimulator Vibrator &amp; loose your mind!♥️👏🏾 https://t.co/8KGoriNMkb,0.0,november12_november13
176,1.3267547292763095e+18,#covid_19 #usacovid19 #covidcases #wearefine #everythingisfine #nyt #newyorktimes @ United States https://t.co/Nb0apLhpR3,-0.03125,november12_november13
177,1.3267547303500145e+18,Joe and Kamala may wanna slow their roll going to the white house til they can disinfectant that mug from all that coronavirus floating around that place. Every day somebody's breaking down with it in THAT camp. 🤷🏽‍♀️Ijs,-0.08333333333333333,november12_november13
178,1.3267547314950267e+18,If you value your life 😂😘 @ Quarantine Nola 2020 https://t.co/z0OXNw6QKG,0.04545454545454545,november12_november13
179,1.3267547337348506e+18,"Don’t #StayHomo (#StayHome).

#Bolsonaro 🇧🇷 @ New York, New York https://t.co/1nIjy3wKPI",0.03333333333333333,november12_november13
180,1.3267553611902444e+18,"Everyone Please Be Safe Stay Stocked Up On Sanitizer And Wash Your Hands Continuously And Wear A Mask At All Times! 
The Storm Isn’t Over Yet So Stay Strong You All 🙏🏿🙏🏿🙏🏿 @ Millennium Park Loft https://t.co/yROa1AaLfQ",0.5,november12_november13
181,1.326756298025816e+18,No less detected @ Quarantine Nola 2020 https://t.co/U73bqJnEjs,0.0,november12_november13
182,1.3267588358355927e+18,"Look what arrived today. Who wants one?

#ROCKTHAT
#Photography
#mask
#masks
#covid_19 
#protection @ Detroit, Michigan https://t.co/ZHn5JcQQ36",0.25,november12_november13
183,1.3267596407896105e+18,"Shooting today at the #beach #longbeach @animalkingdomtnt back at it during #covid19 @warnerbrostv #tnt 🇺🇸📷📸🌊🏝 #tv @ Long Beach, California https://t.co/wcUyxwYrKk",-0.11666666666666665,november12_november13
184,1.3267603699232195e+18,"Finally figured out my work from home setup 🙌 @ Los Angeles, California https://t.co/SFDM86UeaM",0.0,november12_november13
185,1.3267608793466102e+18,"COVID-19 spike straining Gallatin County, state health systems https://t.co/dMynr7VOhx",0.0,november12_november13
186,1.3267621881288704e+18,"COVID-19 update @ Queens, New York https://t.co/7rejzxb3MM",0.21944444444444444,november12_november13
187,1.3267627997800284e+18,First time back in a studio today! Thanks @kingrobgss @greenstreetstudiosvo for keeping it covid-safe! #voiceover #recordingstudio #covidsafety #gaming #grateful #bluehairdontcare @ Green Street Studios https://t.co/WpWafvlob7,-0.008571428571428591,november12_november13
188,1.3267652485531156e+18,Just in. My new and improved Covid mask.  #Sparcohelmet #maskup @ LeMay - America's Car Museum https://t.co/EcLiSg3izo,0.30000000000000004,november12_november13
189,1.3267663101524255e+18,"Tired of working from the dining room? Let's change that with a new home or renovating the one you already have! Call us today - Contact information in Bio 
#MetrolinaMortgage #FairwayNation @ Lake Wylie, South Carolina https://t.co/BmbUW7VI5b",0.30000000000000004,november12_november13
190,1.3267678807892419e+18,"Harper likes to help me work during COVID quarantine. @ Prosper, Texas https://t.co/isP5QMy0LR",-0.11875,november12_november13
191,1.3267694601040814e+18,"@chelseathepope Give her covid this year, that'll shut her up!",-0.25,november12_november13
192,1.3267718980223222e+18,"Ate half a loaf of hot homemade sourdough for dinner. Fully on target with my life plan, COVID edition. @ Tulsa, Oklahoma https://t.co/t8bUDmJPqS",0.45,november12_november13
193,1.3267726783222497e+18,"Visited my old man back in September up near Traverse City. One of his friends/neighbors talked up Gretchen’s role in governing during this pandemic, and was visibly frustrated w/ her orders. Even referred to her as “that cunt in Lansing”

Well, that “cunt” was on to something. https://t.co/BjlSy5XQKO",0.08281250000000001,november12_november13
194,1.326774122811183e+18,"#PfizerVaccine trial: A participant on side effects and what it's like... #ReleaseTheVaccine

https://t.co/l1X8pxZ8Oi #VaccinateUs #VaccinesWork #CoronavirusVaccine #COVIDvaccine #Coronavirus #SARSCoV2 #COVID19 #Pandemic #PandemicLife",0.0,november12_november13
195,1.326775240773542e+18,"What bothers me about this (aside from the obvious emasculation from an old, rich white asshole) is that everything about this pandemic was avoidable. Yet when certain leaders try and follow the science and protect the masses, some feel it’s a violation of their shit",0.4,november12_november13
196,1.3267789462061752e+18,"Stunning November sky the day before 11-13-2020. And just hours before the first major school shutdown for the new school year...😢 #2020 #covid_19 #tryingtostaypositive @ Hershey, Pennsylvania https://t.co/gkglkitaRu",0.0,november12_november13
197,1.3267813454697718e+18,"I totally was Meredith when this pandemic first broke out. I've never seen death at the rate I was seeing it, I had a breakdown and I didn't think I was going to make it. Nursing has never been so stressful!😔😔 #GreysAnatomy",0.0,november12_november13
198,1.32678430665259e+18,@KHomatose I copped my first cert (CompTIA Security+) right before COVID now I’m on Cisco’s CCNA,0.0,november12_november13
199,1.326784308040913e+18,"Thank you to Faith from @designfixation for the Crafty Hour! We made some paper trees! Nice break from the quarantine norm...

#quarantinecrafting #crafts @ Midtown, KCMO https://t.co/yxkMZuZ3ab",0.0,november12_november13
200,1.3267844190054072e+18,"Harvard Moves globally: Zoomed with a classmate 7950 miles away (social distancing!). Simultaneously crushed a 14km HIIT &amp; Hills workout on stationary bikes! @harvardalumni #harvardmoves @ Boston, Massachusetts https://t.co/X96hME2jew",0.01666666666666669,november12_november13
201,1.3267847150771446e+18,Folktale Winery in Carmel Valley with friends!  Another great adventure in monterey county! And it’s all outdoors COViD ready! @folktalewinery @sothebysrealty @jetteferguson @CynthiaHerrera https://t.co/iykodgvqVy,0.17532467532467533,november12_november13
202,1.3267872883413565e+18,The latest on the coronavirus pandemic https://t.co/dFrcsgyNE2 https://t.co/XDdbrBtiT7,0.0,november12_november13
203,1.3267874025690317e+18,#rockstars dont #quarantine.... playing some #originaltunes @ Red Star Rock Bar https://t.co/maHFdpHXaM,0.0,november12_november13
204,1.326787957676761e+18,"@realDonaldTrump... Making ""Merry Christmas"" irrelevant again. 😖 https://t.co/m22g4m8owu",0.4666666666666667,november12_november13
205,1.3267879783126917e+18,@tenishagarth.  Donating a shakleecares packet to our healthcare workers at Decatur Morgan Hospital. To help serve our community.😃 @ Shaklee Smith Health and Wellness https://t.co/oX5sZq4yzx,0.0,november12_november13
206,1.326789175870419e+18,Corona CA Thu Nov 12th PM Forecast: TONIGHT Mostly Clear Lo 45 FRIDAY Mostly Sunny Hi 69,0.125,november12_november13
207,1.326789224813785e+18,"New Matti Rouse Leather Face Mask On Sale Now https://t.co/h3bYwFq0WI link in bio #mask #covid_19 #pandemic #buynow #followforfollowback #followme @ New York, New York https://t.co/JibbfXf8mS",-0.025,november12_november13
208,1.3267894651053793e+18,"Additional good news on the pandemic front...

https://t.co/3lLsDEtpGN

  . @ New Windsor, Illinois https://t.co/qfhUOCXDYy",0.13333333333333336,november12_november13
209,1.3267918605647503e+18,The nation’s top infectious disease doc Anthony Fauci speaking at Wash National Cathedral #dmv #covid #2020 @ Washington National Cathedral https://t.co/dxIASpYJlR,0.15000000000000002,november12_november13
210,1.3267924533247263e+18,"This is how I found my room at 380 winter street does this hotel know that it’s a National pandemic 😷 @ Waltham, Massachusetts https://t.co/IsZcxi37NB",0.2285714285714286,november12_november13
211,1.3267926791502807e+18,SEC PRIMER (Week 9): COVID won't let go of the football season  https://t.co/JLfZa9g5yY,0.0,november12_november13
212,1.3267929321590825e+18,Thanks for the gratitude reminder @raisingangels #gratitude #givethanks #humble #stayhumble @ Corona del Sol High School https://t.co/uHOvGoPpQS,0.5625,november12_november13
213,1.326793103370543e+18,"Also remember that Trump assumed that on November 4th (after his win 😂) that we wouldn’t hear about COVID COVID COVID anymore. Aside from his loss, it’s all we’re hearing about. It’s not going anywhere because it’s a fucking virus and viruses don’t just goddamn disappear",0.0,november12_november13
214,1.326793761909842e+18,"#TBT Find you a good friend of 14 years who will go with you to explore a city, commiserate about a stalled election, and celebrate fun times — all while being pandemic safe! Here’s to more trips 🤣😂 https://t.co/mCVvZEzgyW",0.35000000000000003,november12_november13
215,1.326798409362264e+18,"Suicide figures are up 200% since lockdown.

Check in your people!",0.15,november12_november13
216,1.3267987106894275e+18,#maskandlaughs Friday Nov 13th at @thehitonecafe 282-284 N. Cleveland Memphis TN 38104. #maskrequired #limitededition #socialdistancing #laughsguaranteed @ Hi Tone https://t.co/JZVL1emtgK,0.03333333333333333,november12_november13
217,1.32679915326822e+18,"Frankly, I’m sick as shit of having to wear a mask for 9-10 hours per day and I’d really like us all to get back to some kind of normal but some of you fucking anti-mask cowards are stopping all of us from achieving that",0.08333333333333333,november12_november13
218,1.3267996557498368e+18,"When it rained Covid 19 on the news, I got some great lessons in chess at this corner of the park! Now it’s all sunshine and golden. So much happier. @ Washington Square Park https://t.co/9d2yV4kJLL",0.03,november12_november13
219,1.3267996568278467e+18,"#duet with @godschild318 @danthreetwo #stayhomestaysafe #donotengage #whatwouldbidendo #bebetter #dogood #bekind #besafe @ Canyon Creek West, Austin, Texas https://t.co/SYalPW0nOL",0.1,november12_november13
220,1.326800659933487e+18,"Yeah!! I’m thinking it might be time to get into the merch game - what do you think? Pretty snazzy mask with our logo. The Global Healing Has Begun!! #reggae #covidsucks #wearamask @ San Diego, California https://t.co/DOiOnnmuEz",-0.2384615384615385,november12_november13
221,1.326804306725499e+18,"Our mask game is strong! 
Grab yours today. 

#sherwoodbrewing #brewery #maskup #mask #socialdistancing #supportsmallbusiness #namaste @ Sherwood Brewing Company https://t.co/52GNjo3NBc",0.6,november12_november13
222,1.3268058169687e+18,"Pandemic gift for the kiddies! YOLO @ Overland Park, Kansas https://t.co/hvdhTFhKfo",0.7,november12_november13
223,1.3268064348525076e+18,Vegas to Dallas ... Texas roadshow with Jesse and his hockey tournament...  no drinks on the flight 😫 .. Covid sucks @ McCarran International Airport https://t.co/G7QnZZ3t6S,0.5,november12_november13
