,id,tweet,sentiment,date
0,1.3470490690264146e+18,"When you work from home and your job ask you to come into the office!!!! ..... ME: is this really what you want lol @ Capital Hill,  DC https://t.co/eTy629ML6s",-0.2083333333333333,january7_january8
1,1.3470648237759816e+18,"Wow! You'd never guess there was a pandemic with how crazy this place is! ✈ #LAX (@ Tom Bradley International Terminal (TBIT) - @flylaxairport in Los Angeles, CA) https://t.co/1lfqmWtVNa https://t.co/jKUDWT7k96",0.0,january7_january8
2,1.3470675815350313e+18,"Day 6 of #75hard rough one today, but it is what it is...Let’s Get it! CheeeHooo! @ Corona, California https://t.co/RkMRmZ3NPP",0.3,january7_january8
3,1.347069597338325e+18,"University students have been largely neglected throughout the coronavirus pandemic. A survey distributed among 30 UK universities sheds light on student experiences, with 85 per cent believing that some form of compensation is deserved https://t.co/09TSeekN8J",0.13333333333333333,january7_january8
4,1.347069598370132e+18,The Covid-19 Pandemic Isn’t Making—Or Letting—Everyone Work From Home https://t.co/i8oRhjgwFk https://t.co/7fSgrT8Cye,0.04999999999999999,january7_january8
5,1.3470700184464548e+18,Join the College of the Canyons team! See our latest job opening here: https://t.co/qmKcGhOxHp #StayHome #highered,0.0,january7_january8
6,1.347075881139802e+18,"My #topnine2020 Biking, eating, running, hiking, weight loss and still managed to get a hockey game in before the pandemic hit @ Santee, California https://t.co/DzdJJ4bqK4",0.0,january7_january8
7,1.3470770701201285e+18,#turnOFFtheTV wash your hands not your brain... @ California https://t.co/HJnj9DJO1h,0.0,january7_january8
8,1.3470771425347052e+18,"Are you up to date on all things COVID19? AAY is a resource for information and resources related to COVID19. Learn more at our site. #AAY206 @ Seattle, Washington https://t.co/WVKVRgnaxD",-0.04999999999999999,january7_january8
9,1.347081043560448e+18,Got my SARS-CoV-2 vaccine (Pfizer)! #vaccine @ UIC College of Pharmacy https://t.co/nLM7aBKFFQ,0.0,january7_january8
10,1.347084322516263e+18,"Dr. Scott Gottlieb says getting vaccinated doesn't mean people can just return to pre-Covid life

https://t.co/OZhmUEf1Gp",0.07616161616161618,january7_january8
11,1.3470911754219725e+18,6am getting ready for 3 procedures and a rapid covid test. @ Endoscopy Center At Baptist East https://t.co/Qn0PrwxkhK,0.3750000000000001,january7_january8
12,1.3470986851765043e+18,"Got Covid19 ? Tea to help.. #covid_19 #covidsucks #covid2020 #corona #coronaviruspandemic #pandemic #2021 #coronavirustea #tea #tearemedies #remedy #teas @ Norwalk, California https://t.co/wHImZE6wfK",0.0,january7_january8
13,1.3471058586233078e+18,"Save a life, wear u mask, properly. 
Fyi. Trust me, I'm a nurse. Safe, Ameica. @ Tennessee High School https://t.co/6jmVScAmpS",0.0,january7_january8
14,1.3471059520849756e+18,"Day 6 of #75hard ... rough one today no doubt....it is what it is...proud of you @noelle_afualo  Let’s Get It! CheeeHooo! @ Corona, California https://t.co/UTHEEzeNJr",0.0,january7_january8
15,1.3471203059998106e+18,Health department distributes COVID-19 vaccine to health care workers at Gallatin County fairgrounds https://t.co/Zna9Qq6jp0,1.0,january7_january8
16,1.3470490690264146e+18,"Good Morning Deucers! 
🌴✊👁👍🌴 

#wearamask #cashonly 
#happyhour #divebar #miamivice #miamibeach #oldbar #crockettandtubbs @ Mac's Club Deuce https://t.co/Kuc4q3ZgtR",-0.2083333333333333,january7_january8
17,1.3470648237759816e+18,"COVID-19 update @ Westchester County, New York https://t.co/ejxrkSOjpY",0.0,january7_january8
18,1.3470675815350313e+18,"WFH Day 184: Katy Lied by Steely Dan

#workingfromhome @ Perry Hall, Maryland https://t.co/u99u6nMcIw",0.3,january7_january8
19,1.347069598370132e+18,Letter from Mrs Cope - Delayed return to school because of lockdown  https://t.co/WCMm27yvw9,0.04999999999999999,january7_january8
20,1.3470745426242642e+18,So apparently I got the Covid-19 Vaccine today. I thought I was getting the Captain America serum. 🇺🇸 @ Cumberland County Department of Health https://t.co/fOQUl6vF9m,0.35,january7_january8
21,1.3470779346793554e+18,"Working from home : 30% say they would quit if forced back to office!

https://t.co/qZwO082jQg",0.5,january7_january8
22,1.3470797036020777e+18,"History in the making. Just received my first coronavirus vaccine. Never ever dreamed I’d be working in the midst of a pandemic when I signed up for this profession. 😷🦠😷🦠

#fuckcovid19 
#coronaviruspandemic https://t.co/6tOjIpx196",-0.2,january7_january8
23,1.3470875712355697e+18,#Homeschooling #DoubleDown style! Do you snuggle in your blanket for home school? Show us and tag us!! 💕📖📚💻 @ Double Down https://t.co/qFD0N6VrDw,0.275,january7_january8
24,1.3470911754219725e+18,"Covid times make lines at Chipotle seem so long!! @ Las Vegas, Nevada https://t.co/jXKBIizNZb",0.3750000000000001,january7_january8
25,1.3470986851765043e+18,Who else drove through and took this photo while getting your Covid test? @ Desert Shores/Summerlin Las Vegas https://t.co/aaFHvsQrfK,0.0,january7_january8
26,1.3471140157433733e+18,"From heist thrillers to dystopian dramas, here are six books to whisk you away from the struggles of lockdown https://t.co/9ylN9u1mFA",0.2333333333333333,january7_january8
27,1.3471160233553797e+18,"Today is my Grammy’s birthday. It’s been a while since I’ve seen her, and I miss her so much. Please wear a mask, so I can see my Grandma again! @ Austin, Texas https://t.co/8886JsyPRw",0.0,january7_january8
28,1.3471246067175916e+18,"I think we all need to take a break from politics, riots and the pandemic. I’m going to flood my social feeds with my favorite shots taken in our great country. Please join me! @ Torrey https://t.co/llXTJ3k7yt",0.04444444444444443,january7_january8
29,1.3470419921239818e+18,"Day 20 - it’s never too early to start wearing your green.  
#besteverstpats #wearamask #100days @ Kansas City, Kansas https://t.co/z4urEewndF",0.13636363636363635,january7_january8
30,1.347050337207685e+18,"20K+ #Google searches 4 Fascist 2h old https://t.co/AsiozmRWtk https://t.co/z5kqHdBTdi 
#Washington 🌅 7:26 🌆 17:02 EST
#Covid19
#DistrictofColumbia 01/05/2021
New CS 0 14DCSΔ +6.6%
New D 0 14DDΔ +4.2% https://t.co/YFdZNDz0Ms",0.0,january7_january8
31,1.3470536631733084e+18,"GOOD MORNING‼️ BAE TOOK THE VACCINE SHOT 😩🤣🐎 @ Orlando, Florida https://t.co/B66jck1vMd",0.05,january7_january8
32,1.3470546210516132e+18,"Following @CityOfNOLA's new #COVID restrictions, the CAC will remain open, admitting a max of 15 ppl per timeslot across our expansive 1st &amp; 2nd floor galleries.  Mask-wearing and advance reservations are required.  Review our Health &amp; Safety Guidelines: https://t.co/NtQ9tPA8iU",0.0,january7_january8
33,1.3470551648642785e+18,Personally I think at-home COVID tests should be mailed to all of us free like stimulus checks but at least $5 at every Walgreens is better than $110 on Amazon and you have to mail it back and wait.,0.0,january7_january8
34,1.3470606572423127e+18,Another #covidcake with a whole set of #poopemoji💩 #minicupcakes #toiletpaper #tinycake #caketruffles #handsanitizer and a #facemask #funnycake #cutecakes #quarantinecake #coronacake #chocochica @ South Florida https://t.co/8TbTKd0Uzl,-0.4,january7_january8
35,1.3470625446790717e+18,In case anyone forgot shit still sucks here https://t.co/OK65v3E1dp,0.0,january7_january8
36,1.3470641748540826e+18,"CVS Health is hiring in Boca Raton, FL! Click the link in our bio to apply: Pharmacist - COVID 19 Vaccine Support #pharmacist #pharmd",-0.4,january7_january8
37,1.3470648237759816e+18,I got shit to do ✊🏾😘 @ Quarantine Nola 2020 https://t.co/DKlIIRq9Sr,0.0,january7_january8
38,1.347069597338325e+18,"Pfizer Covid-19 Vaccine Dose 2/2 ✅. Beyond grateful, wish y'all could see the smile on my face. #notthrowingawaymyshot💉  #covid19 @ Swedish Medical Center https://t.co/Nqk2YjBU37",0.13333333333333333,january7_january8
39,1.347069598370132e+18,"We rent out room space!!! 2hr. minimums required! No shoes and covid rules apply!!!! #woodbridgenj #eastharlem #statenisland #nyc #njroomrental #nyrental @ Pole to Pole Fitness, LLC NY/NJ https://t.co/E0H6kZmtXV",0.04999999999999999,january7_january8
40,1.3470732085629624e+18,#2 in the books.  #advocatechristmedicalcenter #pfizervacine #covid_19 #abimcertified #scai #interventionalcardiology #advocatemedicalgroup @ Advocate Christ Medical Center https://t.co/71i6h64tzX,0.12323232323232325,january7_january8
41,1.3470776493242737e+18,"Negative for covid but still not feeling well. @ Rockford, Illinois https://t.co/L90s9OS3CY",0.75,january7_january8
42,1.3470797036020777e+18,"Want to work at 3M Corona? We're hiring in Corona, CA! https://t.co/TwD8QHep6q Mechanicjobs",-0.2,january7_january8
43,1.347081043560448e+18,"What I am watching today = January 7, 2021  https://t.co/dy73GEEJAp  #Shock #CapitolHill #Virus #Pandemic #Insurrection #GM #EVs #OSU #JustinFields",0.0,january7_january8
44,1.3470820143152701e+18,"Quarantine just got a little more exciting at my house 🏀 @ Los Angeles, California https://t.co/I2WK7qzwYf",0.25,january7_january8
45,1.3470877930681262e+18,Vaccination appointments at the Urgent Care for those in Phase 1B are full.  #vaccine #covid19 #coronavirus #STCN #SouthTexasCommunityNews  Vaccine Roll Out Continues in South Texas  https://t.co/wv0zRZ7WHU,0.0,january7_january8
46,1.3470884290252595e+18,The joys of 2021.   At least when I get my vaccine in two weeks I will already have antibodies in my system.    I am doing ok.   Work from home so will keep working as long as I can.     So far seems like a mild case. https://t.co/2GbBdTUAhz,0.078125,january7_january8
47,1.347089062402773e+18,Round 2 #covid_19 #covidvacccine #healthcareworkers #frontlineworkers #healthcareheroes @ Staten Island University Hospital https://t.co/uoMyJfQPY0,0.3750000000000001,january7_january8
48,1.3470935318910362e+18,"I THINK it SHOULD be covered under CARES act mandatory $0 copay for anyone who has healthcare but

a) I’m still waiting for @uhc to process my claim for out-of-pocket expenses for a COVID test nearly a month ago",0.0,january7_january8
49,1.347097908596912e+18,"Getting so frustrated that we care more about yelling at people for not wearing masks than authorizing and mailing everyone an at-home test kit every morning.

Most people will change behavior if they find out they have COVID. Better than masks of unknown effectiveness.",0.0,january7_january8
50,1.3470986851765043e+18,"Still Covid free. Please wear your masks and wash your hands and don’t give the fever station any grief!   #covidfree #covidsucks #littlebrowngirl @ Manhattan, New York https://t.co/g1TmcbZJMo",0.0,january7_january8
51,1.3470992863879168e+18,"Grab your weights and a mat. Let’s make a fresh start. #stressreducer #workout #workoutmotivation #workfromhome #strengthtraining #strength #twitchstreamer @ Santa Barbara, California https://t.co/yllAkNkAuc",0.2,january7_january8
52,1.347102811025068e+18,Is there a global pandemic? Yes. Is there an impending civil war? Possibly. Are @andersoncooper and I ready to teach journalism virtually to a whole new batch of students? Of course. #teacherlife #virtuallearning https://t.co/vKa5v9yv8R,0.0,january7_january8
53,1.3471053197978583e+18,I cannot be quiet about yesterday’s disturbing events events in our once great country - we have so much more than COVID to heal from @ United States of America https://t.co/Lx32mG5RqJ,0.5166666666666667,january7_january8
54,1.3471061921250304e+18,Part 1 💉✔️ #COVID19 #CoronaVirus2021 #BakerCounty #Macclenny #YesIStillBeliveInJesus #DontGetItTwisted @ Ed Fraser Memorial Hospital https://t.co/3YMfKUFxFx,0.0,january7_january8
55,1.3471078807308452e+18,"50K+ #Google searches 4 Conor Lamb 8h old https://t.co/0Zu3L21atK https://t.co/kv3T6QeLoE 
#Pennsylvania 🌅 7:35 🌆 17:00 EST
#Covid19
#Pennsylvania 01/06/2021
New CS 9474 14DCSΔ +15.8%
New D 368 14DDΔ +14.9% https://t.co/v2w0Jy8u1U",0.0,january7_january8
56,1.3471140183479951e+18,"20K+ #Google searches 4 George Floyd 1h old https://t.co/HfDaPZqRgB https://t.co/LrpWWfHolt 
#Fargo 🌅 8:11 🌆 16:55 CST
#Covid19
#ClayCounty 01/05/2021
New CS 19 14DCSΔ +3.8%
New D 0 14DDΔ +6.8% https://t.co/Pkot5SOtiC",0.09166666666666663,january7_january8
57,1.3471206773718426e+18,"vaccine time for my parents! #COVID #COVID19 #COVID20 #COVIDVACCINE (@ Anniston City Meeting Center in Anniston, AL) https://t.co/p0uh10n7Ef https://t.co/j8wJ8xplar",0.2083333333333333,january7_january8
58,1.3471220339021496e+18,In the News: Novavax Supports Vaccine Development at 700 Quince Orchard  https://t.co/S46QZV38bP  @novavax @gburgmd @montgomerycomd #gaithersburg #montgomerycounty #quinceorchard @cushwake,0.0,january7_january8
59,1.347123546359812e+18,"Find your path in health care. Banner Health wants to change the lives of those in our care – and the people who choose to take on this challenge. If you’re ready to change lives, we want to hear from you. Apply now in. https://t.co/q4tUrhRgIU #Healthcare",0.3625,january7_january8
60,1.3471236788033577e+18,"20K+ #Google searches 4 State Capitol 1h old https://t.co/Wllc3x2mt2 https://t.co/8T3rDde0BN 
#Michigan 🌅 8:13 🌆 17:19 EST
#Covid19
#Michigan 01/06/2021
New CS 4326 14DCSΔ +0.1%
New D 51 14DDΔ +4.1% https://t.co/ps3BZcfhlA",0.1787878787878788,january7_january8
61,1.3470397716971397e+18,"Be well, stay healthy, wear a mask!  #psbearweardotcom #bearwearps @ Bear Wear https://t.co/GvUFcFpnf5",0.25,january7_january8
62,1.3470459450415555e+18,"Monday's I work from my home office, at my desk, very proper.⠀
By Thursday, (and on cold days) I love to work from my couch.⠀
Where is your favorite place to work? @ Sewickley, Pennsylvania https://t.co/p8mmWDdvBf",0.05,january7_january8
63,1.3470474448952648e+18,So happy and grateful for the COVID vaccine. Stay safe everyone. @ Orange County Fire Authority https://t.co/bbYuStJ0sw,0.0,january7_january8
64,1.347054748260733e+18,"@orcinus First there was working from home, then there was",0.22727272727272724,january7_january8
65,1.3470551648642785e+18,I got my COVID-19 vaccine #covid_19 #covid #covidvacccine #covidselfie #covidseattle #uw #longtimecoming @ Northwest Hospital University of Washington https://t.co/07R28YrzGG,0.0,january7_january8
66,1.3470613827605627e+18,Just posted a photo @ Quarantine Nola 2020 https://t.co/eBpNmHpwzx,0.25,january7_january8
67,1.3470614159289426e+18,"🗣🗣COME SHOP THE NEW ARRIVALS FIRST‼️‼️ PULL UP‼️‼️

✨NO KIDS

✨EVERYONE MUST WEAR A MASK @ JusLavish Boutique https://t.co/c1VkO8oFJD",0.2083333333333333,january7_january8
68,1.3470625446790717e+18,Did a thing today! FINALLY got my Covid-19 vaccine in everyone!! Wasn't too bad but I encourage you all to get yours if you haven't already. #DefeatCovid #BeBlessed 💉🩸✌🏾❤🏩 https://t.co/qaq7Y5S8Id,0.0,january7_january8
69,1.3470641748540826e+18,"I think we all need to take a break from politics, riots and the pandemic. I’m going to flood my social feeds with my favorite shots taken in our great country. Please join me! @ Malta, Montana https://t.co/QmmPhgPPl0",-0.4,january7_january8
70,1.3470648237759816e+18,Got my second round of the Hep B vaccine at work. One more to go! @ Greater Elgin Family Care Center https://t.co/PAYlw9yjy5,0.0,january7_january8
71,1.3470675815350313e+18,"60-minute Guided Meditation + Reiki IN PERSON at A Holistic Solution on The Strand. Swipe &gt;&gt;&gt; for details and covid-19 protocol. #Galveston #meditation #Reiki #healing #selfcare #RSVP @ Galveston, Texas https://t.co/blPZKYTLqy",0.3,january7_january8
72,1.3470676023933133e+18,"Anyone looking for a Part-Time opportunity they can do from anywhere. Comment ""AGENT"" &amp; I I'll send you more information.
.
.
#Growth #Mindset #Success #WorkFromAnywhere #WorkFromHome #ResidualIncome #LetsConnect https://t.co/LChe2vYGFy",0.22,january7_january8
73,1.3470700184464548e+18,"Need a sweet pick me up today!? We’ve got ya covered! 😋 Fresh, housemate desserts served with a smile— you can’t beat it! 

-

We are open until 8 pm tonight! Picture was taken prior to covid-19 &amp; mask mandates. https://t.co/aFVVEBJOsp",0.0,january7_january8
74,1.3470732085629624e+18,I hope she know we friends 👸🏻👑👑💅🏿❤️💜 @ Quarantine Nola 2020 https://t.co/EejMsCnpbc,0.12323232323232325,january7_january8
75,1.347075881139802e+18,"Grateful, Humbled, and Excited to be fully vaccinated 12-18-20 ➡️ 01-07-21 🦠 #COVID19vaccine @uchicagomed supporting patient care and herd immunity @ The University of Chicago https://t.co/cUrp2jL5jB",0.0,january7_january8
76,1.3470771437217423e+18,Posted @withregram • @melroot1974 @ Quarantine Nola 2020 https://t.co/YKCrKbbq4S,0.16666666666666666,january7_january8
77,1.3470776493242737e+18,Covid: “New year new meeeee.....” 😩 @brandonbored @bogan_lubar @ Hollywood https://t.co/aTyFqb1PCC,0.75,january7_january8
78,1.347081043560448e+18,"Back at it. 
The effed up status of my country almost made me forget that #COVID19 is STILL infecting &amp; killing our fellow humans. #wearamask😷❤️
#covid19maskmaker #COVID19stories @ Cape Cod, Massachussets https://t.co/dFxLpw7HzA",0.0,january7_january8
79,1.347084322516263e+18,"The United States has passed 370,000 confirmed COVID-19 deaths.",0.07616161616161618,january7_january8
80,1.3470843236193649e+18,"I was wrong about that one on Amazon being Bluetooth. It’s the first to be unsupervised but you still have to mail specimen in.

I was thinking of https://t.co/g1SIBgKvBz, which is @internetofshit dumb, currently the only approved FULLY DIY test, and I guess still not available.",0.0,january7_january8
81,1.3470848785132052e+18,Thank you to my Mother for donating these meals to the Boulder Community Health workers today! @ McDevitt Taco Supply https://t.co/DUbyf0PSav,0.1558762225428892,january7_january8
82,1.3470877930681262e+18,"Looking for a career that is both challenging and rewarding? A Automotive Claims Adjuster- $21/hr. Benefits-Work from home-Must live in AZ is a great position to start! Learn more and apply today! https://t.co/6l3kd8dheR #automotive #Tampa, FL",0.0,january7_january8
83,1.3470879652820705e+18,"DeRousing my house 
I forgot the cranberry sauce for my compost pile @ Quarantine Nola 2020 https://t.co/x7dAJN8cvj",0.0,january7_january8
84,1.3470884290252595e+18,"""The COVID-19 vaccines, which use a technology called messenger RNA (mRNA), are thought to be safe in pregnant and lactating people. ""

https://t.co/n6St3HUBEO https://t.co/iUpPw8mqfY",0.078125,january7_january8
85,1.347089062402773e+18,"#Repost @miamischools
• • • • • •
Attention families! @miamischools has partnered with @umiamihealth to provide free #COVID19 testing to all children, ages 4-18 in Miami-Dade County over Winter Recess. #MDCPSWellness https://t.co/8LKPEikVp1",0.3750000000000001,january7_january8
86,1.3470911754219725e+18,"If I drove for Uber/Lyft I definitely would reject a Trumper after DC yesterday.

Well, probably before then but definitely after.

If you can’t trust them not to try a coup you certainly can’t trust them with your upholstery and a tip. https://t.co/G24TcgZrm5",0.3750000000000001,january7_january8
87,1.3470969057220362e+18,"20K+ #Google searches 4 Mitch McConnell speech today 11h old https://t.co/1CswuD8YSg https://t.co/8rAZWLRxYO 
#UnitedStates 🌅 6:57 🌆 16:24 MST
#Covid19
#UnitedStates 01/06/2021
New CS 225025 14DCSΔ +13.7%
New D 3670 14DDΔ +9.8% https://t.co/m9Ajxblfxq",0.0,january7_january8
88,1.347097500688261e+18,"Introducing our captains for 2021!  Isabella, Kirsten and April...and our Junior Captain Emma!  #unitedleadership #2021 #wearamask @victoriaisd @vehstitan @ Victoria East High School https://t.co/XiKatKMELI",0.0,january7_january8
89,1.3470986851765043e+18,Just posted a photo @ Quarantine Nola 2020 https://t.co/E2CjaAwGfp,0.0,january7_january8
90,1.347099294931714e+18,"I think we all need to take a break from politics, riots and the pandemic. I’m going to flood my social feeds with my favorite shots taken in our great country. Please join me! @ Cadillac Mountain, Acadia, Maine https://t.co/ld9BtSVaDQ",0.0,january7_january8
91,1.3471000638147174e+18,"Working from home now with yogurt face! #workingfromhome #catsofinstagram #blackcatsofinstagram #jackasaurus🦖 #coworkersbelike #yogurtfiend @ Santa Cruz, California https://t.co/Pki9zeAvfC",0.0,january7_january8
92,1.3471045951269683e+18,"I think we all need to take a break from politics, riots and the pandemic. I’m going to flood my social feeds with my favorite shots taken in our great country. Please join me! @ Napa, California https://t.co/50bGDPF7hy",0.0,january7_january8
93,1.3471053197978583e+18,"I think we all need to take a break from politics, riots and the pandemic. I’m going to flood my social feeds with my favorite shots taken in our great country. Please join me! @ Seattle, Washington https://t.co/cbyJiz1gJp",0.5166666666666667,january7_january8
94,1.3471055194173727e+18,"I think we all need to take a break from politics, riots and the pandemic. I’m going to flood my social feeds with my favorite shots taken in our great country. Please join me! @ Pine Island, Hernando Beach https://t.co/WH4Rer7yBz",0.0,january7_january8
95,1.3471058586233078e+18,"Even with the #BlackedOut versions, N95 and #KN95 masks offer little in the way of style. It’s #TheNewAbnormal 🤔😷😅 @ Southwest Airlines Honolulu Airport https://t.co/ZLOfTTvUaz",0.0,january7_january8
96,1.3471059520849756e+18,"THROWBACK THURSDAYZ CLICK THE LINK IN MY BIO TO CONNECT TO THE STATION 24/7 REQUEST SHOUTOUTS OR BUSINESS CALL OR TEXT 786.262.2476...BE SAFE AND WEAR A MASK 😷 @ Miami Beach, Florida https://t.co/aNwItBtZyx",0.0,january7_january8
97,1.3471061921250304e+18,"We’re reaching the likely peak of the pandemic in the next few weeks.  We’re about to see a tremendous loss of life.  Please wear a mask, practice social distancing if you have to leave the house, and consider take-out instead of eating inside restaurants.",0.0,january7_january8
98,1.347106219987587e+18,"Swipe left for the full Instagram effect! Come on everybody, let’s practice the 3W ‘s! Wear your mask, wash your hands, and watch your distance! #CovidKillers #DefeatTheVirus #100Days @ Jackie Robinson Stadium https://t.co/EWcpI3xkNW",0.05000000000000001,january7_january8
99,1.3471078807308452e+18,We said peace out #pandemic &amp; #politicalproblems and reconnected with nature on this bright &amp; breezy day😎🌾☀️ #puppybackpack #binoculars @ Springton Manor Farm https://t.co/2fB0eFSmzo,0.0,january7_january8
100,1.347107908157395e+18,Round 1 of 2....#covidvaccine #covid_19 @ Indiana University Health Methodist Hospital https://t.co/lbbPmWTfDX,-0.15625,january7_january8
101,1.3471106193511834e+18,How Resort Brand Saint Holiday Survives Its Sophomore Year In A Pandemic  https://t.co/8wZTj5R4Sx,0.4666666666666667,january7_january8
102,1.3471140194133156e+18,"50K+ #Google searches 4 Ariel Pink 1h old https://t.co/soYXbKzg57 https://t.co/3ErDsrSZMq 
#Washington 🌅 7:26 🌆 17:02 EST
#Covid19
#DistrictofColumbia 01/05/2021
New CS 0 14DCSΔ +6.6%
New D 0 14DDΔ +4.2% https://t.co/oIx4LCbLXu",0.0,january7_january8
103,1.3471206773718426e+18,I just got my vaccine for COVID-19. Thank God for all the Blessings in my Life today 🙏❤ 🙏 @ El Proyecto Del Barrio https://t.co/3o21gcmIWu,0.2083333333333333,january7_january8
104,1.3471209301375058e+18,"100K+ #Google searches 4 Conor Lamb 10h old https://t.co/0Zu3L21atK https://t.co/kv3T6QeLoE 
#Pennsylvania 🌅 7:35 🌆 17:00 EST
#Covid19
#Pennsylvania 01/06/2021
New CS 9474 14DCSΔ +15.8%
New D 368 14DDΔ +14.9% https://t.co/j58zWtjGzE",0.009999999999999992,january7_january8
105,1.3471209612592415e+18,Just posted a photo @ Quarantine Nola 2020 https://t.co/2eq5E6Khp0,0.3071428571428572,january7_january8
106,1.347123546359812e+18,How Resort Brand Saint Holiday Survives Its Sophomore Year In A Pandemic  https://t.co/zT04zJpiIF,0.3625,january7_january8
107,1.3471246067175916e+18,"https://t.co/j63MD2MZVU The potential cost of $2,000 stimulus checks for Americans far exceeds what Democrats gave up when they stopped pushing for $160 billion in state and local government aid in latest Covid relief bill. OSO TAX SERVICE https://t.co/X2xubUmuje",0.04444444444444443,january7_january8
108,1.3471250514102927e+18,"#TheSaintTheShop my #Coworker for the day #WorkFromHome #Ginger #SaggyBellyBaby #CatsOfInstagram @ Des Moines, Iowa https://t.co/SUCTOZpoBb",0.0,january7_january8
109,1.3470419921239818e+18,"50K+ #Google searches 4 Washington, D.C riots 12h old https://t.co/HbnFlsO9dZ https://t.co/Z2LnLHvDBI 
#Washington 🌅 8:06 🌆 17:43 EST
#Covid19
#DaviessCounty 01/05/2021
New CS 16 14DCSΔ +10.0%
New D 0 14DDΔ +9.5% https://t.co/ZKO2XVT906",0.13636363636363635,january7_january8
110,1.3470474448952648e+18,"I just took the Covid antibody test and found out I have the Covid antibodies. #antibodies #antibodytest #antibodytesting #covid_19 #covid #covidantibodies #covidantibodytesting #covidantibody @ Marc Kerner MD, FACS https://t.co/P59Cau4l8s",0.0,january7_january8
111,1.3470490690264146e+18,"#maskupnola #maskupamerica #masktogetheramerica #socialdistancing works #survivecovid19 #doyourfamilynoharm #StayHome #stayhealthy #StaySafe @ New Orleans, Louisiana https://t.co/F4ZOsGwQiu",-0.2083333333333333,january7_january8
112,1.3470536631733084e+18,"Just posted a photo @ Corona, California https://t.co/EokfTinaOH",0.05,january7_january8
113,1.347054748260733e+18,Oh Jesus. https://t.co/Vh82b6Rl0a,0.22727272727272724,january7_january8
114,1.3470606572423127e+18,"100K+ #Google searches 4 Warriors 2h old https://t.co/LCctw2IgVj https://t.co/VNoNSxg1Nn 
#LosAngeles 🌅 6:59 🌆 16:59 PST
#Covid19
#LosAngelesCounty 01/05/2021
New CS 9490 14DCSΔ +27.8%
New D 77 14DDΔ +20.3% https://t.co/qaiAWq450m",-0.4,january7_january8
115,1.3470609550798397e+18,Shadowboxing by the ocean 🌊. Where’s the 1st place you want to travel post covid? Comment below⬇️⬇️⬇️ @ Flawless Boxing &amp; Fitness https://t.co/RAR8RwT2aa,0.0,january7_january8
116,1.3470614159289426e+18,"Interested in a Workers Comp / Health And Safety Specialist job in Albany, NY? https://t.co/cuvyQ6Zlbr This could be a great fit.",0.2083333333333333,january7_january8
117,1.3470625446790717e+18,"Huge thanks to this incredible Talent Team for all their hard work and ability to safely film a new TV series in the middle of a pandemic 💙

Go-Big Show premiers TONIGHT at 9/8c on TBS. @ Macon, Georgia https://t.co/u1UTfufzWx",0.0,january7_january8
118,1.3470631770669384e+18,"Link in the Bio for Full Eps.: 
https://t.co/113UTTprhi
SUBSCRIBE, LIKE, SHARE, COMMENT 
#podcast
#zmbsqd 
#zombieapocalypse
@glennericnelson
@deadonpictures
#comics 
#quarantine 
#nvrdun
#isolation 
#corona https://t.co/DqBZhopQNy",0.0,january7_january8
119,1.3470641748540826e+18,"COVID-19 update 
 I cannot even access my NYU Langone medical chart  Because of the Sprint mobile T-Mobile merger @ Tri-Technologies https://t.co/hZG12HAz4u",-0.4,january7_january8
120,1.3470641815483146e+18,"Hardest part of sending your children/loved ones back to Chicago in a pandemic: being masked up when saying goodbye curbside.  #fuckcovid #safetravels #ilovemyfamily #mommoment #hurryback @ Kailua-Kona, Hawaii https://t.co/fnD2oDcMaw",-0.3125,january7_january8
121,1.3470648237759816e+18,Good News in 2021! I received my first Covid vaccine today! #goodnews #covidvacccine @ Honor Franklin Myofunctional &amp; Speech Clinic https://t.co/Vsg1orJyim,0.0,january7_january8
122,1.3470676023933133e+18,"So glad my parents have recovered from Covid. It has left them weak and me spending January ( at least) in Pennsylvania but glad the worst seems to be over. @ Ebensburg, Pennsylvania https://t.co/7d5ljd1lVd",0.22,january7_january8
123,1.3470691855165727e+18,"Calm morning walk after a day of chaos #morningwalk #socialdistancing #sunrise @ Fort Lauderdale, Florida https://t.co/KBL74Ljn2f",0.0,january7_january8
124,1.347069598370132e+18,"296 days later, still working in the same spot. Wondering how many more to come... #COVIDchanges #covid #newnormal @ Richmond, Virginia https://t.co/BgPr2FjCtw",0.04999999999999999,january7_january8
125,1.3470700184464548e+18,4 year old makeover while working from home.. Sure why not... Want to get away from distractions while working? #projectYnot @ ProjectY cowork Los Alamos https://t.co/PtxGAbgOH8,0.0,january7_january8
126,1.347075537605419e+18,"New Year's Eve from a van. 

#newyear #newyearseve #van #vanlife #california #coast #surf #surfing #travel #covid #socialdistancing #socialdistance 
@glampfiesta hooking up the van @ Pismo Beach, California https://t.co/xIcYxCSzD8",-0.5,january7_january8
127,1.347075881139802e+18,"All new hair and no where to go! #covid @ Hebron, Ohio https://t.co/I8K4QvT8Sw",0.0,january7_january8
128,1.3470770701201285e+18,"I had my first Pfizer Covid-19 vaccination today! @ Concord, New Hampshire https://t.co/NJzQKTmvnB",0.0,january7_january8
129,1.3470779346793554e+18,"20K+ #Google searches 4 Camp David 1h old https://t.co/xDwgjQ0TkK https://t.co/TaZUmwTwAz 
#Washington 🌅 7:26 🌆 17:02 EST
#Covid19
#DistrictofColumbia 01/05/2021
New CS 0 14DCSΔ +6.6%
New D 0 14DDΔ +4.2% https://t.co/uuFYyiXbzk",0.5,january7_january8
130,1.3470797036020777e+18,"Cannabis For Gastrointestinal Disorders 💚
#COVID19 #coronavirus #covidtreatments

https://t.co/d9uyBlkG5P

#Leaftopia #411on420 #IBS #IBD #gastroparesis #LymeDisease #HIV #Lupus #chronicpain #cancer #cancersucks #CBD #medicalmarijuana #medicalcannabis #medicalstudy https://t.co/4ddCG0DPAY",-0.2,january7_january8
131,1.347081043560448e+18,"#tbt to blonde hair, Niagara falls, and no social distancing...especially at carnivals 🥲 @ Toronto, Ontario, Canada https://t.co/B4236hhQed",0.0,january7_january8
132,1.3470848785132052e+18,"Take the wheel as a Automotive Claims Adjuster-Work from home!-$20hr in #Mesa, AZ. Learn more about our core values by applying here. https://t.co/XvkWryjjKH #automotive",0.1558762225428892,january7_january8
133,1.3470875712355697e+18,"#TheArtist wears #themask #maskupnola #maskupamerica #masktogetheramerica #socialdistancing works #washyourhands frequently #StayHome #stayhealthy #survivecovid19 @ New Orleans, Louisiana https://t.co/mXpo6mnN4W",0.275,january7_january8
134,1.3470877930681262e+18,"Hey Greenville! We missed you and can’t wait to see your faces this weekend! Friday, January 8th, we reopen for normal business hours. Monday-Friday: 11am-10pm. #christys #eatlocal #supportlocal #lovegvl #wearamask https://t.co/nOHSamq1Bw",0.0,january7_january8
135,1.3470884290252595e+18,"Link in the Bio for Full Eps.: 
https://t.co/113UTTprhi
SUBSCRIBE, LIKE, SHARE, COMMENT 
#podcast
#zmbsqd 
#zombieapocalypse
@glennericnelson
@deadonpictures
#comics 
#quarantine 
#nvrdun
#isolation 
#corona https://t.co/kQgx2sCvQx",0.078125,january7_january8
136,1.3470911754219725e+18,"Looking to switch lanes in your career? Merge on over as a Automotive Claims Adjuster- $21/hr. Benefits-Work from home-Must live in AZ in #Sanford, FL! Start the application process today https://t.co/wAqEgX8W1T #automotive",0.3750000000000001,january7_january8
137,1.3470935318910362e+18,"#wearthemask #wearamask #maskup #maskupnola #maskupamerica #masktogetheramerica #wearamask #survivecovid19 #doyourfamilynoharm #StayHome #stayhealthy #StaySafe @ New Orleans, Louisiana https://t.co/ybX30pawch",0.0,january7_january8
138,1.3470986851765043e+18,#tbt to my care free days of doing what I want when I wanted and still getting things done. Now I just work from home. #precovidtimes #endofanera @ Whatever Forever https://t.co/3ldroQxkCW,0.0,january7_january8
139,1.3470991425190912e+18,"If you're looking for work in #Westborough, MA, check out this #Healthcare job via the link in our bio: COVID Molecular Lab Supervisor - 2nd Shift Westborough, MA at LabCorp",0.0,january7_january8
140,1.3470992863879168e+18,"This is what I think about politics and the pandemic 😷 @ Culver City, California https://t.co/ALpT1lsSsL",0.2,january7_january8
141,1.347102811025068e+18,Happy New Year! Second Vaccine is done 💪🏻One small step for future family reunion #provaxer @ Houston Methodist Hospital https://t.co/pc759Utxn9,0.0,january7_january8
142,1.3471039942971146e+18,"5 years later... the reason for working from home is different- and there’s a bit more hair- but the breakfast view is just as beautiful. @ South Hill, Washington https://t.co/HLcWggHu6t",0.0,january7_january8
143,1.3471045951269683e+18,#donate #blood or if you are a #covid_19 #covid #COVID19 #survivor #give #convalescentplasma #convalescent #plasma @ Vitalant - Arizona https://t.co/AoB4iGcxMX,0.0,january7_january8
144,1.3471053197978583e+18,"Does the charred orange remedy actually work for people who have lost their taste/smell from #covid_19? I’ll tell you tonight at 7! @ Charleston, South Carolina https://t.co/Voo0yxTkkj",0.5166666666666667,january7_january8
145,1.3471055194173727e+18,"✅ vaccinated #covid19 #covidvacccine @ Harlem, New York City https://t.co/QWOJelRJnr",0.0,january7_january8
146,1.3471059520849756e+18,My COVID test at Cumberland Hospital @nychealthsystem was so fast I had time for lunch @peacheshothouse - loved their #nashvillehotchickensandwich ! #fortgreene #brooklynbroker #agentsofcompass @ Fowler Square https://t.co/Nr7at23qXv,0.0,january7_january8
147,1.347107908157395e+18,Just posted a video @ Corona Barbershop Plus https://t.co/nEe429VjHo,-0.15625,january7_january8
148,1.3471088691563028e+18,"Throwback Thursday 

Broadway before COVID @ 42 Nd Street &amp; 8th Ave. Time Square Manhattan Ny City https://t.co/Gon6UJA1lu",0.5,january7_january8
149,1.3471106193511834e+18,Tough going in Berea. CoVid hittin’ the Browns. Finally make the playoffs &amp; then this. #brownsfootball @ Cleveland Browns https://t.co/7Aez5el36i,0.4666666666666667,january7_january8
150,1.3471140157433733e+18,"#BoysBasketball #BronnyJames #emonibates #highschoolbasketball #stn COVID-19 issues scrap Emoni Bates, Bronny James matchup https://t.co/alyAcmpJ6I https://t.co/xaK3AVUBpD",0.2333333333333333,january7_january8
151,1.3471140194133156e+18,"I'm Negative for COVID-19, and I the Vaccine for COVID-19 today...Yeah... @ El Proyecto Del Barrio https://t.co/kei39mCUEC",0.0,january7_january8
152,1.3471160233553797e+18,#wearthemask #wearamask #maskup #maskupnola #maskupamerica #masktogetheramerica #socialdistancing works #washyourhands frequently #StaySafe #survivecovid19 #SurviveTrump https://t.co/Z5SsYsEZyx,0.0,january7_january8
153,1.3471203059998106e+18,"Yesterday virtual learning gym class with these awesome peeps!  

What are you doing to keep your young ones active while not in school?  #covid_19 #hybrid #virtuallearning #gym @ Flexx Mobility &amp; Performance LLC https://t.co/CeLXZlyJiH",1.0,january7_january8
154,1.3471209301375058e+18,"Take us back to summer, the ball park and pre-COVID ⚾️ #indianapolisindians @ Downtown Indianapolis https://t.co/PMNSBeRQpZ",0.009999999999999992,january7_january8
155,1.3471209612592415e+18,"Fun with #ticktock @coreybrooks.44 @justforquiggles #homeschooling #comedyvideos @ Boston, Massachusetts https://t.co/5nEX8ZRoju",0.3071428571428572,january7_january8
156,1.3471220339021496e+18,"20K+ #Google searches 4 Riot in D.C 3h old https://t.co/lyABkTOP73 https://t.co/pf6h0NLFbw 
#Washington 🌅 7:26 🌆 17:02 EST
#Covid19
#DistrictofColumbia 01/05/2021
New CS 0 14DCSΔ +6.6%
New D 0 14DDΔ +4.2% https://t.co/gKEY0AgdEw",0.0,january7_january8
157,1.3471236788033577e+18,Moderna Covid Vaccine 1st dose done! The first step to putting this pandemic behind us😷👍#covidvacccine #trustscience #doyourpart to a #safer #2021 for all! #🙏 #❤️ @ Vardy Orthodontics https://t.co/gbJK49SQu7,0.1787878787878788,january7_january8
158,1.3471245276548342e+18,"Second Covid vaccination, let’s finally put an end to this pandemic #covidvacccine @ Guymon, Oklahoma https://t.co/2JYzcfJkjN",0.0,january7_january8
159,1.3470397716971397e+18,"Pandemic Freestyle from the summertime! First time using #finalcutprox what do you think ? #govangoes #phillyhiphop #orlandohiphop #uptownopenmic #realfreestyle @ Philadelphia, Pennsylvania https://t.co/3rQrYwzUHW",0.25,january7_january8
160,1.3470459450415555e+18,"I think we all need to take a break from politics, riots and the pandemic. I’m going to flood my social feeds with my favorite shots taken in our great country. Please join me! @ Killington, Vermont https://t.co/pMaOvc8aVZ",0.05,january7_january8
161,1.3470474448952648e+18,"I think we all need to take a break from politics, riots and the pandemic. I’m going to flood my social feeds with my favorite shots taken in our great country. Please join me! @ Miami Beach, Florida https://t.co/6zE6mc2TP7",0.0,january7_january8
162,1.3470490690264146e+18,"COVID-19 update @ Queens, New York https://t.co/yMVU3CzWwg",-0.2083333333333333,january7_january8
163,1.3470500860653445e+18,Asked shop foreman to put all the operations in one machine he said no and covid-19 testing tomorrow @ Tri-Technologies https://t.co/UB9eoDM5aA,0.6000000000000001,january7_january8
164,1.3470547440790118e+18,Another hike at Hawk Rock means another stop at Liquid Noise. Love the Covid-Kai! @ Liquid Noise Brewing Co. https://t.co/woPXY3zw5g,0.11904761904761905,january7_january8
165,1.3470551648642785e+18,"Soft smiles or real smiles... what else is there to do during quarantine besides take selfie’s @ Columbus, Ohio https://t.co/42KvO4KRUN",0.0,january7_january8
166,1.3470602146216182e+18,Stay Home 🏠 &amp; Keep walking 🚶‍♀️ #stayhome #keepwalking #stayhealthy #collegepoint @ College Point https://t.co/J0GLA3eR8G,0.0,january7_january8
167,1.3470606572423127e+18,"I think we all need to take a break from politics, riots and the pandemic. I’m going to flood my social feeds with my favorite shots taken in our great country. Please join me! @ Boston, Massachusetts https://t.co/9Te24ZWLo4",-0.4,january7_january8
168,1.3470625446790717e+18,If life gives you lemons then make lemonade! #panedemiclife #garden and #stayhome to #stayhealthy #staypositive @ Mission Hills San Diego https://t.co/A5gDqAseLx,0.0,january7_january8
169,1.3470641815483146e+18,T-minus 20 minus for some D&amp;D. #socialdistancing #clericlife #cleric #dice #dnd #beerstagram @ Iowa https://t.co/N6tf9HIn6i,-0.3125,january7_january8
170,1.3470648237759816e+18,"Not a goid start to my day. @ Corona, California https://t.co/gQRraBwuP0",0.0,january7_january8
171,1.3470691855165727e+18,"#BasketFullOfKisses #KissesFromRhodaPenmark, #TheBadSeed gave me #PrettyPinkFlowers dedicated to #PattyMcCormack. #WetBasketOfFlowersGetsMeExcited! @ Corona Heights https://t.co/9DdFlob28p",0.0,january7_january8
172,1.347069597338325e+18,Got my Covid vaccine!!   Dr Dave @ Dr. David Ores https://t.co/8O3FDE1Z3Z,0.13333333333333333,january7_january8
173,1.347069598370132e+18,#DontCookASponge. They don’t taste very good &amp; will cause #LeakyGutSyndrome. But if you like the #ArtOfFakeSponges take your photograph while it’s still pretty. #AbstractSpongeBackingArt.  #SoakUpArt. @ Corona Heights https://t.co/n1OtPRhsi5,0.04999999999999999,january7_january8
174,1.3470745426242642e+18,"Chilling in this quarantine. 😆 Watching #Aladdin! I seen this in the theaters, but this is the first time watching it at home! #disney @ Anaheim, California https://t.co/JYsoxMcX3J",0.35,january7_january8
175,1.3470771425347052e+18,Made some fresh oh while Erica 🇺🇸go wild🤦🏽‍♀️💅🏿✊🏾⚜️😘 @ Quarantine Nola 2020 https://t.co/QUQRhhr2Ds,-0.04999999999999999,january7_january8
176,1.3470771437217423e+18,Hennepin County offers $25 million in small business COVID grants https://t.co/j4ezHFS7wD https://t.co/Vi4481Blc3,0.16666666666666666,january7_january8
177,1.3470797036020777e+18,"#COVID #beagle #footspa🤣😭 @ West Hollywood, California https://t.co/qEvUXlcifC",-0.2,january7_january8
178,1.3470820143152701e+18,"50K+ #Google searches 4 Richard Barnett 8h old https://t.co/QIqowJl7ci https://t.co/5thy3L1NBO 
#Gravette 🌅 8:29 🌆 18:18 EST
#Covid19
#BentonCounty 01/05/2021
New CS 518 14DCSΔ +21.0%
New D 3 14DDΔ +16.0% https://t.co/O3NEDmxKCq",0.25,january7_january8
179,1.3470843236193649e+18,Determined to drop the last of the 2 lbs of holiday quarantine kickin' it weight i picked  up and then some 🚲 #letsride @ X-Fat Azz Cycling &amp; Fitness Studio https://t.co/ROuqdARUSX,0.0,january7_january8
180,1.3470848785132052e+18,"As of today, I have the rapid Covid test available.   28 tests left.    :) @ Dr. David Ores https://t.co/WuR4McX74x",0.1558762225428892,january7_january8
181,1.3470875712355697e+18,"When I’m waiting for you to log in, the selfie game is strong. #zoom #zoomlife #zoomlessons #actorslife #actors #newmaskwhodis #wearamask (please) @ StarCatcher Acting Studio https://t.co/JxW1kD1ATW",0.275,january7_january8
182,1.3470879652820705e+18,"COVID-19 update @ New York, New York https://t.co/FH7I8pGcow",0.0,january7_january8
183,1.3470884290252595e+18,"I think we all need to take a break from politics, riots and the pandemic. I’m going to flood my social feeds with my favorite shots taken in our great country. Please join me! @ Little Italy NYC https://t.co/BVarj0FHPP",0.078125,january7_january8
184,1.3470901015709983e+18,"What I say eerrrday I’m at #work I know I’m not the only one. Especially since #covid_19 and how #customers have been acting! 😡🤬😡 I can’t imagine the #customerservice stories @ New York, New York https://t.co/ACsAS6cpiT",0.0,january7_january8
185,1.3470911754219725e+18,"Did you leave your message downtown? #publicschoolteacher #covid19 #DPSSafeReturn @ Denver, Colorado https://t.co/fMegN1kLR6",0.3750000000000001,january7_january8
186,1.3470935318910362e+18,Interested in joining the @northhighaquatics swim team? Conditioning has started. DM us for information. Athletic clearance and Covid 19 waiver required. Returning swimmers check the SWIM BAND app for info. https://t.co/ZY85cZLfCF,0.0,january7_january8
187,1.3470950797863158e+18,"Don’t you miss this? It’s the little things the Pandemic took from us. Join us on #Clubhouse Friday at 7 o’clock. It’s a new year and @jordynanesem virtual house warming!!! @ Flint, Michigan https://t.co/hfnbxeJdBX",0.07500000000000001,january7_january8
188,1.347097908596912e+18,"I think we all need to take a break from politics, riots and the pandemic. I’m going to flood my social feeds with my favorite shots taken in our great country. Please join me! @ Camelback Mountain https://t.co/MrhEBUja16",0.0,january7_january8
189,1.3470991425190912e+18,"I think we all need to take a break from politics, riots and the pandemic. I’m going to flood my social feeds with my favorite shots taken in our great country. Please join me! @ Walt Disney's Magic Kingdom https://t.co/1EvNC4QeIV",0.0,january7_january8
190,1.3470992863879168e+18,"Wear a face shield instead of a face mask and smile at everyone and show your humanity! @ Craig M Wax, DO, LLC - Family Medicine &amp; Health https://t.co/r5sbZB3m4v",0.2,january7_january8
191,1.3471000638147174e+18,"Interested in a job in Blackstone, MA? This could be a great fit. Click the link in our bio to apply: Pharmacist - COVID 19 Vaccine Support at CVS Health #pharmacist #pharmd",0.0,january7_january8
192,1.3471039942971146e+18,"I think we all need to take a break from politics, riots and the pandemic. I’m going to flood my social feeds with my favorite shots taken in our great country. Please join me! @ Saranac Lake, Adirondacks https://t.co/9TrML9c71U",0.0,january7_january8
193,1.3471045951269683e+18,Just posted a photo @ Quarantine Nola 2020 https://t.co/irT4PcQyzS,0.0,january7_january8
194,1.3471055194173727e+18,"Rapid Covid test now available.

https://t.co/chhXWfg6Td @ Dr. David Ores https://t.co/EbCFMVBXCi",0.0,january7_january8
195,1.347106219987587e+18,"#WearAMask @ New York, New York https://t.co/PItnhpTrmo",0.05000000000000001,january7_january8
196,1.3471084192249487e+18,"Seeing as the pandemic didn't allow me to take an annual trip, let's throw it back to when I went to KC for STRANGEFEST2019 #tbt🔙📸 @ Kansas City Power &amp; Light District https://t.co/VKOrUwjdVt",-0.15625,january7_january8
197,1.3471098584709857e+18,Just posted a photo @ Quarantine Nola 2020 https://t.co/fziQDGCVqE,0.0,january7_january8
198,1.347123546359812e+18,"I’ve made the mistake multiple times now of using the provided hand sanitizer at Best Buy. I don’t know what’s in that shit, but it smells like a fermented orange with a hint of chocolate. 🤮",0.3625,january7_january8
199,1.3471240636600812e+18,"Career tip for landing jobs like ""Pharmacist - COVID 19 Vaccine Support"" in Lenexa, KS. Go on informational interviews. The best way to get a meeting with a hiring manager is to ask for an informational meeting. #pharmacist #pharmd",0.04583333333333333,january7_january8
200,1.3471250514102927e+18,Sticking it to #covid_19 ✅ 1st #vaccine done 👏🏻 I’ve been quarantined for 10+ months &amp; so ready for some normalcy • so ready to be with friends &amp; family again  #rna #moderna #getvaccienated #weareinthistogether 👊🏻 https://t.co/Ao0wXbHSxf,0.0,january7_january8
201,1.3470397716971397e+18,"#WorkFlow #DTGprint #CustomMask by #AmbitioDesigns the hustle never stops and won't stop.
.
.
.
#hustle #motivated #businessowner #entrepreneur #customprint #mask #covid #preserverance @ Compton, California https://t.co/tNFY1ydVB7",0.25,january7_january8
202,1.3470474448952648e+18,I am grateful to be able to receive the vaccine today! Doing my part. @ Baylor University Louise Herrington School of Nursing https://t.co/ocERZujUoy,0.0,january7_january8
203,1.3470490690264146e+18,"😄🔥✊RT@kurtbardella: They tore children away from their parents. Locked human beings in cages. Ignored the threat of a pandemic that has claimed 350k American lives. Cheered as white cops murdered black Americans.

But sure, yeah, they’re the victims. https://t.co/n4hSd1vgIC",-0.2083333333333333,january7_january8
204,1.3470536631733084e+18,"90s night tonight! Playing all different genres of the 90s 

#wearamask @ Barbarella Houston https://t.co/LQAIfqkGwZ",0.05,january7_january8
205,1.347054748260733e+18,Braised Lamb. Cause the weather called for it @ Corona del Mar https://t.co/YbjPjKZQCL,0.22727272727272724,january7_january8
206,1.3470609550798397e+18,"Showing Waikiki on a weekday afternoon and nobody on the water. Normally high school canoe 🛶 paddling would be in full swing...
No longer in COVID 🦠 😷 😢 

#waikiki #covidwaikiki #alawai #alawaicanal https://t.co/Lwgi4P8ePp",0.0,january7_january8
207,1.3470613827605627e+18,I swear it was COVID Central in the maskless MAGA insurrection at the Capitol #wearamask @ Washington D.C. https://t.co/3L5gagsN0B,0.25,january7_january8
208,1.3470614159289426e+18,"Round 1 Complete. #pastor #clergy #umc #covid_19 #covidvacccine #delaware @ Bridgeville, Delaware https://t.co/BjIsRwuTD4",0.2083333333333333,january7_january8
209,1.3470631770669384e+18,Thank you to the Volunteers and Staff at NDDH for offering clinics to make sure local First Responders are administered the COVID-19 Vaccination. @ Northeast District Department of Health https://t.co/H1v7YjzG5s,0.0,january7_january8
210,1.3470641815483146e+18,"And it's annoying 
Posted @withregram • @sagittariusmindset @ Quarantine Nola 2020 https://t.co/QZ2JCAL7wM",-0.3125,january7_january8
211,1.3470648237759816e+18,"The latest Covid dashboard is now available. The positivity rate and daily case rate are both rising again, please stay safe Ketchum—and mask up!

👉 https://t.co/ctGWBIHz5l @ Ketchum, Idaho https://t.co/DAbGKyBrSJ",0.0,january7_january8
212,1.3470691855165727e+18,"#forextrader  #EpicTrading
#learning #workfromhome
#moremoney 
9pm EST hit the link below
https://t.co/Feja7vCNfl @ Conover, North Carolina https://t.co/47iFLWUCdi",0.0,january7_january8
213,1.3470745426242642e+18,"If you need some nourishment,
We all do, just restocked local sustainable produce online. Shop online. Covid safe curbside or delivery. 
Please stay safe. @ 5 Points Market &amp; Restaurant https://t.co/wEDs3Yu9KS",0.35,january7_january8
214,1.3470770701201285e+18,Cabbage and collards and ham..we shall see⚜️✊🏾🖕🏾🇺🇸 @ Quarantine Nola 2020 https://t.co/2h0uVxPZKu,0.0,january7_january8
215,1.3470771412555203e+18,"Pfizer Covid19 vaccine 1 is done. I'm halfway through my watch period. I'm so hopeful I'll get to see my family this summer! #covid #vaccine @ Hooper Bay, Alaska https://t.co/FWuxsTgTL0",0.0,january7_january8
216,1.347081043560448e+18,"SHOCKER: Montefiore New Rochelle Hospital “suddenly withdrew” their invitation, said Interim SI Dr. Alex Marrero in a late night announcement on Thursday. “No vaccinations will be provided to District staff members through this initiative until further notice.” https://t.co/U30QYFVW8Z",0.0,january7_january8
217,1.3470848785132052e+18,"I am deeply ashamed that my district elected the crooked career politician Darrell Issa. His district isn't just Cvista. It's a gerrymandered swatch of Sandigeo from the beaches, to the  inland valleys,  mountains and desert areas. https://t.co/kWEuDAUMnf",0.1558762225428892,january7_january8
218,1.3470877930681262e+18,"PPE goodies 😷👩‍🦳💈
#bigsavings #covid_19 

#trubeautyconcepts  #trubeauties @ TruBeauty Concepts Distribution Center https://t.co/LlaGRzcX34",0.0,january7_january8
219,1.3470879652820705e+18,I got my first dose of the Moderna COVID-19 Vaccine today!! I’m so lucky to be transitioning from one generous employer to another. Just 28 days until I get my next dose! #vaccinatedagainstagainstcovid19 https://t.co/KVRqMSouhJ,0.0,january7_january8
220,1.347089062402773e+18,Fuck yall for making me cook @ Quarantine Nola 2020 https://t.co/DmoycUs2kQ,0.3750000000000001,january7_january8
221,1.3470911754219725e+18,Now we can add biological warfare https://t.co/YB9lsuQOzw,0.3750000000000001,january7_january8
222,1.3470950797863158e+18,"NJ Doc to @BillSpadea
#COVID19 #vaccine not for everyone
@nj1015 

https://t.co/bkfbwB9Ej3 @ Craig M Wax, DO, LLC - Family Medicine &amp; Health https://t.co/wcIsscOowV",0.07500000000000001,january7_january8
223,1.347097500688261e+18,"Sorry I couldn’t get the entire picture in. Hope you can go out and support this cause to help these two families this Sunday January 10, 2021. Location 826 W 6th Street Corona, CA 92882 https://t.co/6Dcx6HaAOI",0.0,january7_january8
