,id,tweet,sentiment,date
0,1.3231277443398615e+18,"The #CorruptTrump Admin Funds Phony Plasma Company Based In Owner's Condo

Former GOP Sen Rick Santorum, who has a financial stake in the fake company, lobbied senior gov officials for funding.

This #COVID #TrumpclCorruption is criminal &amp; it's killing us

https://t.co/8k7BF4rUa4",0.25625,november2_november3
1,1.3231465807535268e+18,"2020 a year to remember!
#coronavirus  #quarentine #roadtrip #losangeles to #sanfrancisco 

Check out our complete  video on @youtube 

https://t.co/xRi44CBu0P

#SkullNBone 
#findyourinnerbandit https://t.co/MFaXt5q8ep",-0.225,november2_november3
2,1.3231630050314568e+18,Coronavirus And Donald Trump. @ USA https://t.co/YT5WcQ2eIf,0.0,november2_november3
3,1.323169232150999e+18,This nigga did 5 speeches today?! https://t.co/fWcjKQpe67,0.25,november2_november3
4,1.3231697482308035e+18,"In Texas, the Polls Open for a Graveyard Shift: Hoping to make voting easier during the pandemic, officials opened several polling sites in Harris County, Texas, for overnight balloting last week. Thousands showed up. https://t.co/aZlHVUOVmn (vía NYtimes) https://t.co/UtEwslvJLP",0.0,november2_november3
5,1.3231730495800074e+18,"“Death, a necessary end, will come when it will come” -William Shalespeare #death #covid #human #nature #love #moon #full #livelong @ Palm Point https://t.co/vmqvvvXTwQ",0.3861111111111111,november2_november3
6,1.3231744983220552e+18,"#MassMurdererTrump threatens to fire America's most trusted hero #DrFauci… as Harris warns voters about our nation's 'moral direction' under #TerroristTrump!

https://t.co/F08OKUtQvH #VoteDemOrDie #VoteAgainstTrump #VoteBidenHarris2020 #VoteJoe #VoteBiden #SaveAmerica #COVID19",0.2727272727272728,november2_november3
7,1.3231770273111777e+18,"So today is my parents 51st wedding anniversary so the food run request was for prime rib from Lawrys and I was happy to do so. Blessings and Love!  Wash your hands! Wear your mask. Breathe. @ Rosemead, California https://t.co/3XiJSuee79",0.0,november2_november3
8,1.3231787655019643e+18,"Social Distancing🤷‍♂️ @ Anaheim, California https://t.co/geWRGA8ioj",0.25,november2_november3
9,1.3231791778313953e+18,"Witch doctor and crazy doctor...for all your COVID needs. @ Beaumont, California https://t.co/JfI6vCGDXV",-0.4,november2_november3
10,1.3231830970310738e+18,"#Mood : 🖤🤞🏾🙏🏿
#Eat #lurk #DavesHouseOfThrill #Easter Pink #Dark #Knight #Live #Laugh #Love #LLNB #LLLB 🖤 #Rip #CloverGz🍀🍀🍀 #BLM #socialdistancing #pandemic #Tunnel #Vision #Art #ArtAddict #EyeSeeDifferently #Nyc https://t.co/Jn92XJGITx",0.225,november2_november3
11,1.3231888598410772e+18,"COVID-19 didn’t stop Halloween #2020 #halloween #skeleton @ Los Angeles, California https://t.co/606JQLv00f",-0.05,november2_november3
12,1.3231903289045893e+18,"My teen sons have both had their learners permits for awhile, but due to Covid they’ve been seriously delayed being able to take their license driving tests. 

#hotrodlincoln @ Julian, California https://t.co/wj8ZUmvWD1",0.18928571428571428,november2_november3
13,1.3231191543758602e+18,"20K+ #Google searches 4 Voting polls 1h old https://t.co/0Ya27zcynL https://t.co/n77ATHqGlj 
#Alabama 🌅 6:06 🌆 16:54 CST
#Covid19
#Alabama 10/28/2020
New CS 1269 14DCSΔ +10.2%
New D 19 14DDΔ +4.5% https://t.co/FGczXdTAOc",0.27575757575757576,november2_november3
14,1.3231196518789612e+18,Don't like his ass though 🖕🏿🤦🏾‍♀️😘😂 @ Quarantine Nola 2020 https://t.co/Ir3K4hKSEZ,0.1787878787878788,november2_november3
15,1.323129883074171e+18,"How to prepare for #InPerson #Voting during the #COVID19 #Pandemic…

https://t.co/p85yhWBdO0 #VotingPlan #PlanYourVote #COVID #SARSCoV2 #Coronavirus #PPE #Masks #MaskOn #MaskUp #FaceMasks #FaceShields #ShieldsUp #Vote #Voting #VotingInPerson #VoteInPerson #Science #PublicHealth",-0.007407407407407414,november2_november3
16,1.3231405316948173e+18,Sign of the times. Oy vey. First time I’ve seen this type of vending machine #2020 #covid_19 #ppe @ MSP Airport https://t.co/ZXziIzLjMk,0.0,november2_november3
17,1.3231453675427308e+18,Low Zinc Levels Increase Risk of Death With COVID https://t.co/xu782CIUbw https://t.co/ZBIQKsPQDA,0.13727272727272727,november2_november3
18,1.3231493519888507e+18,Corona NY Mon Nov 2nd AM Forecast: TODAY Mostly Cloudy Hi 45 TONIGHT Partly Cloudy Lo 31,0.03409090909090909,november2_november3
19,1.3231493530709647e+18,"BRING A FRIEND WEEK AT STARZ PERFORMING ARTS ACADEMY

(Picture taken before Covid-19)
The week of November 2-7,2020  bring a friend week at Starz! 

We can't wait to meet all your friends the first week of November! https://t.co/7PMFMkly0F",0.1787878787878788,november2_november3
20,1.3231537137925038e+18,"Hey #DC, don't forget to download the #COVID Alert #ContactTracing #App before you #HeadToThePolls to #VoteTomorrow! It helps fight the spread of #COVID19 in our community by letting you know if you're near the infected, so you can take precautions.
 https://t.co/UNKjHR7KYC",-0.25,november2_november3
21,1.323163944568066e+18,"Doctors Begin to Crack Mega-Deadly #COVID’s Mysterious Long-Term Effects That Survivors Will Suffer For the Rest of Their Shorter, Miserable Lives

 https://t.co/wyKWNpaUnV #Science #Medicine #PublicHealth #SARSCoV2 #COVID19 #Coronavirus #Pandemic #TrumpDidThis #MassMurdererTrump",0.13636363636363635,november2_november3
22,1.3231730495800074e+18,A glorious Monday!   Thankful to the teachers &amp; staff @HCCMS for implementing a plan to keep our children safe during the pandemic.  Safe children working together &amp; learning at school!  Thank you! https://t.co/RzH7yHUblK,0.3861111111111111,november2_november3
23,1.3231786661682627e+18,Off to work... By off to work I mean off my couch and over to my desk... Perks of working from home 🤍 #securingthebag💰 @ The Bat Cave https://t.co/GgpCFyBYu6,0.2125,november2_november3
24,1.3231791778313953e+18,"Thanks to @ufifas_fnp we’re going to have fresh green beans!!
#stayhome #floridagardening #getoutside #girlswhogarden #veggies #daythirtysix #imsoexcited #greenbeans @ Port La Belle, Florida https://t.co/xETtl44Cm0",-0.4,november2_november3
25,1.3231794250729964e+18,Three do-able resilience tips for this latest lockdown  https://t.co/vhd5o1NcNu  Get #resilient! #Threethings you can do to help in lockdown.  #Threetips #resiliencetools to help.,0.4,november2_november3
26,1.3231830970310738e+18,"What in the COVID nonsense did I do? And how far did I sign up for? @ Vinita, Oklahoma https://t.co/mSkweebJbT",0.225,november2_november3
27,1.323184317825196e+18,Virus Rate Fell to 2% From 34% in One Area. But Did Anything Change?: Concerns have arisen that communities may be manipulating coronavirus positivity rates by discouraging sick people from being tested. https://t.co/b9d2iiYSvy (vía NYtimes) https://t.co/moTDwHalEQ,0.5,november2_november3
28,1.3231849751271875e+18,Just posted a photo @ Quarantine Nola 2020 https://t.co/BwI6G0Yr3e,0.2,november2_november3
29,1.323187542200447e+18,"Vote today! Your voice matters. 
.
.
God is still in control. Stay safe and stay blessed and remember we are still in the middle of a pandemic. So be safe and practice social distancing. 
.
.
Stay blessed and carry on. https://t.co/kUEiCr1MiM",0.4166666666666666,november2_november3
30,1.3231891499318723e+18,FIRM up your soft mattress with MATTRESS HELPER 💤 From 💲59. ✨NEW✨ again‼️Renew‼️🚫Replace‼️ ⭐️⭐️⭐️⭐️⭐️ https://t.co/Wvk3oZI4eP  💤Amazon💤 BedbathandBeyond💤Target 🎯 💤 #new #fix #firm #wfh @ Mattress Helper https://t.co/OgFKzSQQuc,0.2333333333333333,november2_november3
31,1.3231191543758602e+18,#arizona #trumpfailedamerica #trumpiskillingamericans #votebluetosaveamerica🇺🇸💙 @joebiden 🗳🌊🌊🌊🌊🌊🗳#covid_19 fail @ Arizona https://t.co/vg6g8pHoFY,0.27575757575757576,november2_november3
32,1.3231196518789612e+18,"Re: COVID specifically, and life more broadly. A question I heard asked by the increasing influential (in my life to be sure) @glenscriv

“Whether now or then, death is not my end, I know heaven waits for me.” https://t.co/pnyOOMEtVn",0.1787878787878788,november2_november3
33,1.323125903233323e+18,"Lucky &amp; Corona 🦎❤️
#beardielove #reptiles #family @ Hilmar, California https://t.co/Xwn5YLiL9R",0.0,november2_november3
34,1.323127451589972e+18,"Wear masks people. This is an actual life threatening illness. #covid_19 #covid19 #dontbeanidiot #wearamask @ Saint Petersburg, Florida https://t.co/mHBCFWdJ5b",0.0,november2_november3
35,1.3231315464218747e+18,Student explores climate change’s effects on the pandemic https://t.co/2yyhrJuiqF via @DesMoinesUniv https://t.co/7spV1wAL1w,0.0,november2_november3
36,1.3231346275658588e+18,"In Hunt for Coronavirus Source, W.H.O. Let China Take Charge: As it praised Beijing, the World Health Organization concealed concessions to China and may have sacrificed the best chance to unravel the virus’s origins. Now it’s a favorite… https://t.co/soMe31inGK (vía NYtimes) https://t.co/6C8NTTUvti",0.0,november2_november3
37,1.3231350035181486e+18,How to Stay Motivated During the Pandemic | #TopicsOfNovember   https://t.co/UEDcj1yKs5,0.4,november2_november3
38,1.323137653932544e+18,"This job might be a great fit for you: Covid Schedulers https://t.co/IyjV9wbxyR Silverthorne, CO",0.11666666666666667,november2_november3
39,1.323141170214572e+18,"Another Monday morning fighting #COVID19. 
No we don’t get paid more. 
Hell yes it’s terrifying. 
Absolutely masks make a difference. 
Trust science and experts.
#BidenHarris2020 @ Missouri Baptist Medical Center https://t.co/jINCJX8nOL",0.0,november2_november3
40,1.323143550826152e+18,"This one took some patience but we got it done 💪🏡 Thank you Theresa for your trust and loyalty through the process #settle #seller #sellersagent #covid_19 #sold #trust #realtor #thecloser @ Philadelphia, Pennsylvania https://t.co/MxMuPpM4aS",0.625,november2_november3
41,1.3231480556470026e+18,"Halloween in Brooklyn. Social distancing by sending candy through tubes to distant cans buckets. #halloween #halloween2020 #nyc #newyorkcity #brooklyn #trickortreat @ Ditmas Park, Brooklyn https://t.co/7MGbrpiEkF",0.45,november2_november3
42,1.323148614307324e+18,Dodgers' Justin Turner Returns to L.A. Days After COVID Drama at World Series https://t.co/vkDPl2a1Wb (vía TMZ),0.0,november2_november3
43,1.323149350399144e+18,"California’s Role in Historic Voter Turnout: Monday: Millions of Californians have voted early. Also: An update on the pandemic; and, if you need it, a distraction from the election. https://t.co/oPPLvSoPKs (vía NYtimes) https://t.co/1hsGdxl51z",0.2424242424242425,november2_november3
44,1.3231540981877268e+18,"For the undecided voters...

FYI: they don’t care about you and never will!!!! 🤬🔥✊❤️
*
*

Reposted from @wefuckinghatedonaldtrump 
@wefuckinghatedonaldtrump 

#Vote2020 #VoteBlue #Covid19 #CoVidiots #Stimulus https://t.co/EeBaN967Pl",0.0,november2_november3
45,1.323159107415675e+18,"IT'S FREEZING OUT HERE!!! At least we know Fall is here. FINALLY! #Instagay #PhillyGay #WorkingDung #wearamask #Fall2020 @ Philadelphia, Pennsylvania https://t.co/UHyzcKRMUf",0.5,november2_november3
46,1.3231697482308035e+18,"Reminder! If you are at risk of a utility disconnection due to a COVID-19 related loss of income, this program can assist! The deadline to apply is November 20. 

For more information, visit: https://t.co/U7kHMFYuh3

#cityofames #ameswater #iowansunite #SmartChoice #Iowa",0.0,november2_november3
47,1.3231721047249756e+18,Have you taken the pledge? Go to https://t.co/IIc0XXLl0p to take the COVID Pledge! @ Boston City Hall Plaza https://t.co/9t256DX1Oo,0.4,november2_november3
48,1.3231730495800074e+18,"Transformation and adaptation of evil is easy to do. Let's try not to!
#StaySafe 
#StayWell 
#StayHealthy 
#WearYourMasks 
#WashYourHands 
#PracticeSocialDistancing @ Center Point, Alabama https://t.co/SCcbw3TAIi",0.3861111111111111,november2_november3
49,1.3231744983220552e+18,I thought we’re in a Pan...... NVM https://t.co/qJ5jvQsYZv,0.2727272727272728,november2_november3
50,1.3231768035198607e+18,"Peak Anxiety? Here Are 10 Ways to Calm Down: If the one-two punch of pandemic stress and election stress feels like more than you can handle, try these tips to help you cope. https://t.co/0jQ7ySrVwj (vía NYtimes) https://t.co/IDT20EPfGf",-0.058712121212121215,november2_november3
51,1.3231768088801567e+18,"We have the world's thinnest A5 cut #safety gloves from @SuperiorGlove. Get safety, performance and user comfort all in one. #PPE https://t.co/wkBduLIh5a https://t.co/IjsuWqYnje",0.0,november2_november3
52,1.3231770273111777e+18,Cranking up the new CARCASS on the juke to chase away the post holiday/covid blues ⚕️🤘#carcass #despicable #💿 #nuclearblast #buyphysicalmusic #supportyourfavoriteartists #duffs #heavymetalbar #metalmecca #nycbar #666 https://t.co/LnnHzHoL34,0.0,november2_november3
53,1.3231777528124662e+18,🏮 It’s all that and Dim Sum! 🥟😋🙏 🙏 Thank You! ENJOY!! 🥢🥠🥠                                    #stayhome #orderchinesetakeout #chinesefood #chinesetakeout #fortunecookie #halloween #halloween2020 @ North Dallas https://t.co/Cl7ePgPuRU,0.03333333333333333,november2_november3
54,1.3231786661682627e+18,Crude Oil Drops to Lowest Price in Five Months: Mounting concerns about the increase in global coronavirus cases and the reinstatement of lockdown policies in some countries has driven crude oil prices down to the lowest closing price – $35/bbl… https://t.co/WN7upxWpHk @aaanews https://t.co/3FehKzqoCr,0.2125,november2_november3
55,1.3231791127695073e+18,"This job might be a great fit for you: Covid Testing Aides https://t.co/e42IvZTNRQ Silverthorne, CO",0.4,november2_november3
56,1.323179175088255e+18,#trump2020 good look in a hearse #covid_19 #votebluetosaveamerica🇺🇸💙 @joebiden #seniors #latino 🌊🌊🗳🌊🗳🌊 @ Florida https://t.co/J09MqI7dFW,0.0,november2_november3
57,1.3231811293992264e+18,"Presidential Election, CoronaVirus, Full Moon, Halloween, 2020 - Just let it out!!  LET'S DO THIS AMERICA!! @whimgrace @cobaltstudiospdx @canonusa @paulcbuffinc @ Cobalt Studios PDX https://t.co/2yxwVQgm0p",0.0,november2_november3
58,1.3231830970310738e+18,"Repost from @joebiden
•
Be like @BarackObama. Vote — and wear a mask. @ Chicago, Illinois https://t.co/SS8glLrj1p",0.225,november2_november3
59,1.323184959687807e+18,"Nice chilly morning closing up the camper. Was a great summer of social distancing. Looking forward to May....Bring on snow!!!!! #capecod #getoutside #winteriscoming @ Eastham, Massachusetts https://t.co/JFsMZlaKMk",-0.5,november2_november3
60,1.3231869221525135e+18,Smart Care Hand Sanitizer Gift Package Giveaway! #SmartCare https://t.co/a8hazzynMi via @gaynycdad,0.0,november2_november3
61,1.3231191106207703e+18,Corona CA Mon Nov 2nd AM Forecast: TODAY Mostly Sunny Hi 89 TONIGHT Mostly Clear Lo 57,0.6,november2_november3
62,1.323125376965628e+18,"Do you think Halloween weekend club crowds are COVID concerns? 🤔
#covid_19 #sacramento #coronavairus #916 @ KSFM 1025 https://t.co/cpsjfgwQuH",0.0,november2_november3
63,1.3231277443398615e+18,"Understanding These 6 Things Will Help You Choose The Perfect #VideoConferencing Platform In The Age of #COVID #Pandemic #Lockdowns &amp; #Quaratines…

https://t.co/oEdA4E6iCD #StreamingVideo #WFH #WorkingFromHome #Teleworking #Telecommuting #RemoteWorking #Tech #DigitalNomad",0.25625,november2_november3
64,1.3231322362799432e+18,"50K+ #Google searches 4 How to register to vote 9h old https://t.co/3x2BnxhalU https://t.co/k96zCGIaBA 
#ColoradoSprings 🌅 6:28 🌆 16:57 MST
#Covid19
#ElPasoCounty 10/28/2020
New CS 0 14DCSΔ +24.7%
New D 0 14DDΔ +4.8% https://t.co/BNfwKQ8a92",0.0,november2_november3
65,1.3231346275658588e+18,"""Wonder why this dog park is a ghost town? Probably due to human poop, pee, and other vectors of Covid transmission that brings the disease via dogs into people's houses There are a lot of people living in this park. It's not safe [s..."" (South Beach, D6) https://t.co/nNlycBJ7I5 https://t.co/FOWm4xyPST",0.0,november2_november3
66,1.3231402739548365e+18,Thanks for everyone that came out to the FONSECA Halloween 🎃 Bash!! #safe #socialdistancing #facemasks #fonseca #fonsecashow #aaronfonseca_official #fun #games #movies #nightmarebeforechristmas #yournerdside https://t.co/liRGeExwBB,0.0,november2_november3
67,1.3231406777530982e+18,Share? Not today COVID-19. #papajohns #covid #covid19 #pizza @ Ronald Reagan Washington National Airport station https://t.co/4Y56QUGYjw,0.0,november2_november3
68,1.3231411184402022e+18,"Don’t forget your cutlery 🍴 

#MeetMeAtTheMirror 7pm 2NIGHT at @groove2musikstudios for my Int/Adv Hip Hop Dance Class #567Eat

Always wear a mask 😷 
Register on #MindBody App 

Photos by @rahjivstaten https://t.co/AN4xDxIil8",0.0,november2_november3
69,1.3231428421018173e+18,"One more day before Election Day! I voted already via absentee ballot this year due to travel and COVID concerns. Have you voted? Will you vote?! #votingmatters #election2020 🇺🇸 @ Meriden, Connecticut https://t.co/Pv4cbpf5rl",0.890625,november2_november3
70,1.323143550826152e+18,"Friend Tingz Covid Edition. @letshopscotch 
#sanantonio #sanantonioevents #texas #fam @ Hopscotch San Antonio https://t.co/aviICq3VCI",0.625,november2_november3
71,1.3231453675427308e+18,"My oldest granddaughter Kaylee
#washyourhands
#wearyourmask
#covid_19 
#mymomsaSTNA
#covidisreal @ Ohio https://t.co/ySNn6jGL2U",0.13727272727272727,november2_november3
72,1.3231501662417183e+18,"Still working from home? 

Protect your home office with Evolve’s top 5 tips! LINK IN BIO.

#cyberspecialists #cyberinsurance #workfromhome #homeofficedesign @ San Rafael, California https://t.co/VK0k8trd1d",0.0,november2_november3
73,1.323154383647826e+18,"Pittsburgh friends! I am hosting mini sessions again this month! 20 minutes. 25 images. All outdoors because covid. If you need headshots, tinder profile dating photos, pet photos, family photos then I am your girl! https://t.co/SKITaLnWbj",0.0,november2_november3
74,1.323156147767931e+18,Just finished Such a Fun Age. Have you read it? My 68th book during COVID. #SuchAFunAge #KileyReid @ Riley's Red Wagon Book Swap https://t.co/fqPcXOfiNU,0.0,november2_november3
75,1.3231597719612826e+18,"Reposted from @livewellvivirbien New Brunswick Covid-19 Testing Update 😷😷

#livewellvivirbien #bewell @ New Brunswick, New Jersey https://t.co/XhMOO1sJv9",0.1,november2_november3
76,1.3231697482308035e+18,"TEACHING EVERY MONDAY NIGHT 7pm @groove2musikstudios 
#MeetMeAtTheMirror 

Register on #MindBody 
Register NOW!!!
Wear a Mask 😷 @ Groove2Musik Productions LLC https://t.co/jY7aBT64x0",0.0,november2_november3
77,1.3231722977132298e+18,"On election eve, or during a pandemic, or even ‘just’ 2020... there’s always hope! 
🙏🏽

#vote #election #election2020 #hope #nyc 

Also, is it all just over yet? Asking for a friend. https://t.co/8sveG6yADb",0.0,november2_november3
78,1.3231744983220552e+18,"No virus, nor wind, nor 43° weather will keep us who work from home away from our lunch time, even if it has to be outdoors. And yes, the ramen was delicious! #tampoporamen @ Tampopo Ramen https://t.co/fVZjQor3di",0.2727272727272728,november2_november3
79,1.3231787655019643e+18,"Getting ready to break the ice-olation on Covid-19 shutdowns and gearing up with some Crux swag!!  #truckerhats #camo #swag #tradeswomen #rockinit @ Portland, Oregon https://t.co/4SxXt8eVZ9",0.25,november2_november3
80,1.323179176745001e+18,"Common Identity, Humanity, and COVID-19: Excerpt from ‘Together Apart’ https://t.co/dviiuJ2yTG",0.25,november2_november3
81,1.323184959687807e+18,Thank you @javista for a beautiful oat latte. Some baristas are phoning in the ❤️s &amp; art lately.. I get it... We are in pandemic wearing masks- fuck bothering with pretty designs in foam.. But not Alex! https://t.co/lPOYX1g1Fu,-0.5,november2_november3
82,1.3231857435907727e+18,Such a beautiful autumn day. Take a #wfh and #virtuallearning break and support our work. Have lunch or dinner today @babarseattle in U Village and part of your bill is donated to the food bank. Take out included! https://t.co/s5wckYVCIX,0.15000000000000002,november2_november3
83,1.323187542200447e+18,Thanks for everyone that came out to the FONSECA Halloween 🎃 Bash!! #safe #socialdistancing #facemasks #fonseca #fonsecashow #aaronfonseca_official #fun #games #movies #nightmarebeforechristmas https://t.co/cpOVqA8IMq,0.4166666666666666,november2_november3
84,1.3231881194835927e+18,"20K+ #Google searches 4 Mn vikings 1h old https://t.co/qBviNcCzQH https://t.co/FoDgJGKegt 
#NewCanaan 🌅 6:27 🌆 16:48 EST
#Covid19
#FairfieldCounty 10/28/2020
New CS 190 14DCSΔ +8.9%
New D 2 14DDΔ +0.6% https://t.co/4Y9ClsTb0E",-0.07500000000000001,november2_november3
85,1.3231891499318723e+18,~the pandemic isn’t over just because you’re over it~ @ Honeysuckle Farms https://t.co/nUgfPNSDB5,0.2333333333333333,november2_november3
86,1.3231191543758602e+18,Pandemic Coffee Pick Up window @reanimatorcoffee . Nice surprise to run into @ryanscottfilms :) @ Fishtown https://t.co/JphCDyJGtc,0.27575757575757576,november2_november3
87,1.3231196518789612e+18,"One of the primary reasons for Taiwan’s effective mitigation comes from its prior experience with epidemics. In the last two decades, Taiwan has weathered avian flu, H1N1, and, most notably, SARS, a virus related to COVID-19.  https://t.co/wMbGmyVN1p",0.1787878787878788,november2_november3
88,1.323125376965628e+18,Homecoming 2020! My favorite week of the entire school year. It’s different because of Covid restrictions but I can still feel the Owl Spirit in the air! 🦉 @ Garland High School https://t.co/PekilhNnxu,0.0,november2_november3
89,1.323129883074171e+18,"Want to work in Corona, CA? View our latest opening: https://t.co/EghrWnrHds #pharmacy #cvspharmtech",-0.007407407407407414,november2_november3
90,1.323137653932544e+18,"What These Athletes Learned From Their Pandemic Pauses: The coronavirus disrupted lives around the world and sent the gymnast Sunisa Lee, the swimmer Rudy Garcia-Tolson, the Seattle Storm’s Breanna Stewart and the Seattle Mariners’ Kyle… https://t.co/Tbvj08X8Eq (vía NYtimes) https://t.co/0RbjSuaEOB",0.11666666666666667,november2_november3
91,1.3231406777530982e+18,Arway Apparel is here for all your PPE needs.  Go check em out! @ Arway Linen &amp; Uniform https://t.co/O0xBCfMMST,0.0,november2_november3
92,1.323143550826152e+18,"Free birthday burger! Yes, I'm still working my way through these things, (thanks, Covid). (at @RubyTuesday in Sharonville, OH) https://t.co/uDOUhPUnId https://t.co/uAs63sXY2S",0.625,november2_november3
93,1.3231480556470026e+18,"time for a COVID test (@ Thomas &amp; Mack Center - @thomasandmack in Las Vegas, NV) https://t.co/H4PhZcPmoI",0.45,november2_november3
94,1.3231493519888507e+18,"THE REAULTS ARE IN!! No #covid_19 🚫🦠 @ North Las Vegas, Nevada https://t.co/eAdOKoDCEb",0.03409090909090909,november2_november3
95,1.3231501662417183e+18,#homeschool #waldmancrew #waltdisneyworld #savanahview #schooltrip #wedothework #nomoneynohoney #takingabreakfromourbreak @ Disney's Animal Kingdom Villas - Kidani Village https://t.co/cDobwKLxp8,0.0,november2_november3
96,1.323154383647826e+18,Loungewear but make it cute! 💁🏼‍♀️ Shop this two piece set online or come see us in store until 6 pm! 💚 #shoppage6 #loungewear #wfh #blueblush @ Page 6 Boutique https://t.co/RciXDtHj6C,0.0,november2_november3
97,1.3231585833878036e+18,"Spread Love, Not Germs! 🦠 Get Your (Clean) Hands On Our Limited Edition Hand Sanitizer- A Gift From Us Included In The Next 200 Orders @ Los Angeles, California https://t.co/LHJhKzmWvW",0.790625,november2_november3
98,1.3231589981080658e+18,"Covid Malificent #halloween2020 #green #purple #malificentmakeup #horns #mistressofallevil #horns #costumebuilding @ Westminster, Maryland https://t.co/OIfhYHKcF1",0.08333333333333333,november2_november3
99,1.3231630050314568e+18,"After being exposed to many #patients with #covid_19 over  the past several months.  The #test  i took last  evening were negative!!!!

#coronavirusmemes😂😂😂 #coronavirus #pandemic #toiletpaper #godisgood https://t.co/tFvEffSTW7",0.0,november2_november3
100,1.3231632172506276e+18,"Just posted a photo @ Corona, California https://t.co/p29YelD73A",0.08333333333333333,november2_november3
101,1.3231638393792184e+18,"Friend Tingz Covid Edition II. @letshopscotch 
#sanantonio #sanantonioevents #texas #fam @ Hopscotch San Antonio https://t.co/RfRNzBJYQE",0.0,november2_november3
102,1.323163944568066e+18,Back on set again. That’s twice in the past month. COVID protocols engaged. With @moviestartalent and @saki_bomb_films @ Downtown Los Angeles https://t.co/vmM3XXQxMG,0.13636363636363635,november2_november3
103,1.3231721047249756e+18,"#TheMovementLA 2020 Fashion Week Fashion Show #covid_19 save!! .
.
.
.
.
. Designer @lipstickandlabels_ photographer @arnoldshoots #TheMovementLAFW #TMLA #TMLAFW #TMLAfashionweek #fashionweek #lafw #lafashionweek https://t.co/Tp7RVQZJZ7",0.4,november2_november3
104,1.3231768088801567e+18,"https://t.co/OrARlh9aXS
Check out our wonderful website
Welcome To kleanvibeZ Antibacterial hand sanitizer gel and mist spray product @ Skylar J  Public Relations Agency LLC, social media management company https://t.co/q3VPM10B8L",0.0,november2_november3
105,1.3231777528124662e+18,"🎃 Mrs. Werewolf 🐺 @ Yo finest 🧡🖤 #SpookySeason #Werewolf #Halloween2020 #HotMama #COVID_19 #PartyHard #GoodTimes #GoodVibes #HalloweenCostume @ Riverside, California https://t.co/h3pkOl3fBy",0.03333333333333333,november2_november3
106,1.3231787655019643e+18,"Finally picked up an infrared digital thermometer today! We have been looking for one to help us during Phase 2 of our covid-19 plan...... @ West Bloomfield Township, Michigan https://t.co/ZoVuaOQJi8",0.25,november2_november3
107,1.3231791127695073e+18,I❤️🐶NY! #goldenretriever #nucdogwalkers #dog #wearamask #vote2020 #uwsdogwalker #uwsgays #timeoutnewyork #artonlink #ny1pic @ Madison Square Park https://t.co/815tKnASvz,0.4,november2_november3
108,1.323179176745001e+18,9 Ways Outdoor Dining Will Change New York: Street and sidewalk tables won’t just survive the pandemic. They’ll make the city a different place. https://t.co/3DMnzFg6Ae (vía NYtimes) https://t.co/rDgCfpY5mA,0.25,november2_november3
109,1.3231844547188244e+18,"Only TRUE OG friends will help baptize you, wearing jeans, in 50 degree water, in the middle of a pandemic ✊🔗 #lifeisbetterincommunity @onedotchurch @ Alum Creek https://t.co/v0slHMcdDK",0.3181818181818182,november2_november3
110,1.3231881194835927e+18,"Collecting candy for the troops has been a slam dunk for Duxbury for the last nine years. Unfortunately due to COVID, we cannot collect candy. So this year, treat yo self &amp; enjoy your candy! @ Duxbury Student Union https://t.co/jkl8wWsFQK",-0.07500000000000001,november2_november3
111,1.3231891499318723e+18,"We’re closing early on Tuesday so everyone can get out to vote.  We will be closed on Wednesday.  We return to our normal pre-Covid hours on Thursday.
.
.
.
#vote #pixiedust #metaphysicalshop #sarasota https://t.co/1xnYpDAhLu",0.2333333333333333,november2_november3
112,1.3231191106207703e+18,There’s an impending implosive election amidst a global pandemic and here I am doing what I do best #godblessamerica #enjoy @ USA https://t.co/EspDfdOnbN,0.6,november2_november3
113,1.3231191543758602e+18,"Some Knucklehead at work tested positive for #covid_19 so we all had to get tested before returning back to work 
#ImNegative 
#soooOverCovid @ Temecula Promenade Mall. https://t.co/oDBhVzu0Pd",0.27575757575757576,november2_november3
114,1.3231241925570806e+18,"It’s the going anywhere and still running my business on a Monday for me 😭🙏🏽
#TodaysOffice #WorkfromHome 
#WorkfromDisneyAskMeHow 
#MeetTheSimmons @ Magic Kingdom https://t.co/ZnYNkYEWM2",-0.2479166666666667,november2_november3
115,1.3231258984978964e+18,#Football #News #Super25 #highschoolfootball #stn Nationally ranked Trinity High School quarantining after positive COVID-19 test https://t.co/x9RLCcqkJ4 https://t.co/BMP5ciGRfT,0.2125,november2_november3
116,1.323125903233323e+18,"Winter pre season workout signups are open until Friday! Email the Athletic Department at wpilla@socsd.org to get spot, they will limited due to COVID guidelines! Read the email attached in the pics! #DutchmenPride https://t.co/4pjEq1NuHE",0.0,november2_november3
117,1.323127451589972e+18,How I got started in Herbalife. #workfromhome #mlm #homebusiness @ Denzil Ernstzen https://t.co/4MLNCGNwdy,0.0,november2_november3
118,1.3231277443398615e+18,"MIZZ CORONA VIRUS 👑🦠✨
.
.
.
💇🏽‍♀️/💄: @LaDiamondHaze
🩱: @It_Hollywood_Kardashian @ Southern Nights TAMPA https://t.co/90zdcZy3CN",0.25625,november2_november3
119,1.3231315464218747e+18,"Anyone who tells you that the real estate market in NYC is dead, hasn’t talked to our team!

17 contracts signed in October!! 🥳

#realestate #smallbusiness #motivation #celebration #covid_19 #dreamteam #luxury https://t.co/zbqbWoHcvk",0.0,november2_november3
120,1.3231322362799432e+18,"500K+ #Google searches 4 Where to vote 9h old https://t.co/U7dDkLFhby https://t.co/otBh2ziJeF 
#ColoradoSprings 🌅 6:28 🌆 16:57 MST
#Covid19
#ElPasoCounty 10/28/2020
New CS 0 14DCSΔ +24.7%
New D 0 14DDΔ +4.8% https://t.co/lbqucez2oq",0.0,november2_november3
121,1.3231405316948173e+18,Four #gloves and seven #masks #ppe in autumn wind and one day to go #washingtondc @ Washington D.C. https://t.co/HeXuKdxjFf,0.0,november2_november3
122,1.323148614307324e+18,"Has #COVID19 pushed the move towards globalized #OpenData #Crowdsourcing to the point of no return that it can't be ignored?

https://t.co/daDspt6G2r #OpenGov #OpenScience #OpenResearch #OpenTech #BioTech #Science #Tech #Opensource #Medicine #Internet",0.0,november2_november3
123,1.3231493519888507e+18,"It might be getting dark earlier but it sure looks good.

#2020 #fall #wfh #viewoutsidemywindow @ New York, New York https://t.co/HHCGpiG2h6",0.03409090909090909,november2_november3
124,1.3231493530709647e+18,2nd hour of #WrekkingHrs has begun #Psychobilly #Rockabilly #Surf Rock on #Detroit radio 89.3fm #WHFR.fm - #2020 post #quarantine #halloween2020 party - tune in NOW! @ https://t.co/nIpoBo23NK @ 89.3 https://t.co/u0jefNoBwD https://t.co/ItvxjqRiyv,0.1787878787878788,november2_november3
125,1.3231540981877268e+18,We heard that Nashville Hot Chicken kills coronavirus 😉😎🥸 Begin testing now! @ Party Fowl https://t.co/OuIF0zMvnW,0.0,november2_november3
126,1.323158537640444e+18,"https://t.co/1ankiUeXh2 @ Donahoo-Consulting, LLC https://t.co/Ng2BWjvN3h",0.13636363636363635,november2_november3
127,1.3231585833878036e+18,Time for a little faux leather and lipstick  before the mask !! 😷 Off to make music 🎼 #jazz #singer #songwriter #november #colddays #nyc  #wearamask #staysafeeveryone #whereveryouare #makingmusic #recordingstudio https://t.co/jnvn9ybQXi,0.790625,november2_november3
128,1.3231597719612826e+18,"How to do a #socialdistancing #selfie! @ Nashville, Tennessee https://t.co/Gz6LRLO5VU",0.1,november2_november3
129,1.3231632172506276e+18,Salishan’s free mobile COVID-19 Testing Site happening now 10am-3pm in FIC parking lot and will continue every other Monday through the rest of 2020. #covidtesting @ Community Healthcare Eastside Clinic https://t.co/Jqc4blWhGc,0.08333333333333333,november2_november3
130,1.323163944568066e+18,"Dear Customers,  We will have limited service calls tomorrow.
 
In view of the election on November 03, 2020.

Stay safe and be vigilant for the COVID-19 pandemic.
#cwcsny #vote2020 @ CWC Security LLC https://t.co/HT2jdB74kW",0.13636363636363635,november2_november3
131,1.3231722977132298e+18,"Good strong effort by @RochMNParks ensures my work from home lunch hours this winter will be active and fun #rochmn @ Viking Park, Rochester, Minnesota https://t.co/qeHHXsz3SM",0.0,november2_november3
132,1.3231768035198607e+18,"Today's #AskAdvancedHires post is about how to remain #productive while working remotely. Read more here: https://t.co/LG7kjul8kn

#WFHtips #workingfromhome #stayproductive #milwaukee https://t.co/8PScQTFGMs",-0.058712121212121215,november2_november3
133,1.3231770273111777e+18,:: current mood. ❤️. #xo #tobitalks #pleasevote #pleasewearamask #wearamask #thankyou #positivevibes #gratitude #warrior #loveandhugs @ Pretty Mama https://t.co/9quP9uaixo,0.0,november2_november3
134,1.3231786661682627e+18,Another Covid hair success 😍 #HairbyMarisolSpencer #lulushairandnailsalon #canyonlakesalons #menifeesalons #lakeelsinoresalons #beforeandafter #redkenshadeseq #olaplex #matrixlightmasterbonderinside https://t.co/T3oCtl4a1s,0.2125,november2_november3
135,1.3231791127695073e+18,"Taxes, Heroin and Statehood: A Glimpse Into This Year’s Ballot Measures: The coronavirus pandemic has put a dent in the signature-gathering process, but voters still managed to put forward dozens of measures nationwide. https://t.co/Q3ufYyScfS (vía NYtimes) https://t.co/f2aHlGLE3Y",0.4,november2_november3
136,1.3231794250729964e+18,"besides, #covid_19 is real- gimme 6 feet, yo! 🙄 #sociallydistanced @ Memphis, Tennessee https://t.co/YCexSSYrF6",0.4,november2_november3
137,1.3231804287196324e+18,My older neighbors asked me to hang this for them when I got home from work @ Frederick Historic District https://t.co/fIYGQXITJ6,0.0,november2_november3
138,1.3231825346168955e+18,Monday's Lenoir County COVID-19 Update  https://t.co/4cBU1Bav7K,0.425,november2_november3
139,1.3231830970310738e+18,Quarantine Day 235 (@ The Acres in MI) https://t.co/8XkNGx4Djk https://t.co/75K92l9HID,0.225,november2_november3
140,1.3231844547188244e+18,"Bam! @ Corona, California https://t.co/Ddh4qeUoN0",0.3181818181818182,november2_november3
141,1.323184959687807e+18,"NFL PLANS IN CASE COVID IMPACTS SEASON AND THERE ARE MORE MISSED GAMES! @ San Diego, California https://t.co/mHqne0SI5a",-0.5,november2_november3
142,1.3231849751271875e+18,"Prepare to vote! #vote2020 #wearamask #headsupforanything @ Kent County, Delaware https://t.co/WEoOj8jXyB",0.2,november2_november3
143,1.3231881194835927e+18,Corona NY Mon Nov 2nd PM Forecast: TONIGHT Partly Cloudy Lo 31 SATURDAY Sunny Hi 41,-0.07500000000000001,november2_november3
144,1.323188493548458e+18,"Everything is being canceled. 🥺
Time for a new corona job. 🤪

#JacksCoronaJobs #babydriver #eizagonzalez #darling @ Atlanta, Georgia https://t.co/5OZjSJcrHG",0.0,november2_november3
145,1.3231891499318723e+18,"REPOST: @hollywoodhotglass 
Our dispensers are so popular! #DIY #HandSanitizer #HandSoap #Lotion #HotGlassClass #SignUp 🔥 @ Hollywood Hot Glass https://t.co/OzrbsSpwdY",0.2333333333333333,november2_november3
146,1.3231901658845553e+18,LCHD reports 43rd death in Lenoir County from COVID-19  https://t.co/HfsyTrbEau,0.7,november2_november3
147,1.3231191106207703e+18,Just posted a photo @ Boondocks- Corona https://t.co/WII4GDgUPK,0.6,november2_november3
148,1.3231191543758602e+18,"Scarf or no scarf. Either way is great with these cozy Fleece and French Terry from Color Me Cotton. Clothing that feels like hugs. Perfect for social distancing lattes.
#easywear #fallfashions #dressforyourself https://t.co/g6cEN4NtHl",0.27575757575757576,november2_november3
149,1.3231196518789612e+18,#texas #houston #dallas #votebluetosaveamerica🇺🇸💙 @joebiden #covid_19 fail #votetrumpout2020 @officialjld @christians_4_biden @ Texas https://t.co/9gnxipNg4l,0.1787878787878788,november2_november3
150,1.3231235918571889e+18,"Dark Matter: The Art of Brokenness 🖤🖤🖤
‼️NOW AVAILABLE EVERYWHERE‼️Link in my bio! Tell a friend!!

Song: Frenzy by @tukooltiff 

#TuKoolTiff #MIIMB #BLM #COVID19 @ Charlotte, North Carolina https://t.co/qqGde63NOl",0.010416666666666671,november2_november3
151,1.3231241925570806e+18,"Tomorrow is Election Day - exercise your right!  Spelman Women Vote - Tips for Voting During COVID-19
#SpelmanWomenVote #VOTEComing #TrueBlueEarlyVotes #OurChoicetoTURNOUTandChangetheWorld @ Northern Virginia https://t.co/H3l7Vrxkmu",-0.2479166666666667,november2_november3
152,1.3231258888049172e+18,"No matter what happens with the election or COVID, God is in CONTROL!!! #isaiah60v22🙏🙏🙌 @ Harrisburg, Pennsylvania https://t.co/IYqaZ0GzhT",0.1,november2_november3
153,1.3231258984978964e+18,Just posted a photo @ Flushing Meadows - Corona Park https://t.co/M4fm0CGCVt,0.2125,november2_november3
154,1.323125903233323e+18,"Quarantine #diadelosmuertos @ Burbank, California https://t.co/KmCRu04F7o",0.0,november2_november3
155,1.3231277258220093e+18,"Basically @taomeister is my pandemic model. 
.
@mintcamera #slr670x @ Seattle, Washington https://t.co/1Ak6kA1AlL",0.0,november2_november3
156,1.3231277443398615e+18,A carefully curated selection of clock videos for you to watch when you're in line to #vote2020 #tiktok #coronavirus you're welcome. @ Gold Coast Historic District https://t.co/EUW8xsqoCz,0.25625,november2_november3
157,1.323129883074171e+18,Just posted a photo @ Flushing Meadows - Corona Park https://t.co/t1HBfETQmW,-0.007407407407407414,november2_november3
158,1.3231322362799432e+18,"America Picks Its President as it Faces Joblessness, Coronavirus and Anxiety: Voters describe a fundamental unease about America’s future. https://t.co/xwyyEq6lKP (vía NYtimes) https://t.co/Lxfq9bX5L0",0.0,november2_november3
159,1.3231350035181486e+18,"Steampunk, pandemic edition! @ Holmdel, New Jersey https://t.co/U9AYSKR7bw",0.4,november2_november3
160,1.3231365901563372e+18,Hope you all voted 🗳 🇺🇸 #😜😜😜 😊  . #fallvibes #vote2020 😘 🙏❤️❤️ #covid_19 #staysafe #prevention #mask #muchneeded #stop #quarentine #safe #vegasstrong #peace #love #weareallinthistogether #djlizclark @ USA https://t.co/ntIzdrrCUm,-0.6,november2_november3
161,1.323137653932544e+18,BALLOT RECEIVED VALID 10.16.20 #govote #vote #vote2020 #voted #votelikeyourlifedependsonit bc it does. Let’s come together &amp; beat this #corona 🦠 @ East Village https://t.co/npG9gtoIYk,0.11666666666666667,november2_november3
162,1.3231402739548365e+18,MVNU VBALL pulls off the shocker wins 15-13 .  Take that COVID. @ Mvnu Ariel Arena https://t.co/u6RKZpzlab,0.0,november2_november3
163,1.3231405316948173e+18,"Mrs. Bailey snoozing on my belly. #ItIsReallySoft #Covid19 #ButSuperCute @ Golden Valley, Minnesota https://t.co/Zamji5grAF",0.0,november2_november3
164,1.3231406777530982e+18,"Stocked up and ready for the lock down. #vote Be Safe Y’all! @belvederevodka @votesaveamerica @votedotorg @i.will.vote #maijadigiorgio #lockdown #safeathome @ West Hollywood, California https://t.co/wsEenRPnOd",0.0,november2_november3
165,1.323141170214572e+18,"Undeterred by Coronavirus Pandemic, Americans Prepare to Render Verdict on Trump: President Trump and Joseph R. Biden Jr. barnstormed through battleground states, concluding an extraordinary campaign conducted amid a health crisis and deep… https://t.co/uNTAjQFNAt (vía NYtimes) https://t.co/lnx5kw0omH",0.0,november2_november3
166,1.323143550826152e+18,"You know Covid got too far when Santa needs his space. 
click the link in our bio to visit our shop!
 https://t.co/PaJqZJ5qqD @ United States https://t.co/QtOJ0TGIFK",0.625,november2_november3
167,1.323148614307324e+18,Corona CA Mon Nov 2nd PM Forecast: TONIGHT Mostly Clear Lo 51 TUESDAY Partly Cloudy Hi 85,0.0,november2_november3
168,1.3231493530709647e+18,COVID-19 update @ Gristedes Supermarkets #059 https://t.co/pvjhhnnVuX,0.1787878787878788,november2_november3
169,1.3231500202506363e+18,"COVID-19 update @ New York, New York https://t.co/LYddUpHpzf",0.0,november2_november3
170,1.3231512608082248e+18,"Paris Hotel and Suites, Corona, Queens, NYC #parishotelandsuites #coronaqueensnyc #coronaqueens #corona #queensnyc #queens #nyc #nofilter #unedited #canon77d #canonphotography #canonphotographer #24mm70mmf4 https://t.co/TkotMlcPvf",0.0,november2_november3
171,1.323154383647826e+18,Sustenance during these pandemic times @ Heaven Hill Distillery https://t.co/3A6bU7pJGK,0.0,november2_november3
172,1.3231574702027325e+18,"Many of the unforgettable Good Times during this pandemic have been with these wonderful Women!💓💐🥰❣🌷 @ Long Beach, California https://t.co/zQE4cRWTLH",0.0,november2_november3
173,1.323158537640444e+18,"What do u want?
Fresh corduroy
Bluebird ski day
Write ✍️ more?

Private SUV up to 7 PAX ideal for short trips in Colorado or  #stayhome
•
•
•
•
•
In our park you will find only private:
🚙 LUXURY SMALL SUV 1-3
🚙 LUXURY FULL SIZE SUV 1-6
🚙… https://t.co/8ZQw7qisho https://t.co/YtuMb5cADB",0.13636363636363635,november2_november3
174,1.3231585833878036e+18,"#new #detail #diptych #painting #partsofpaintings #intuitive #artwork #staysafe #wearamask @ East Hampton, New York https://t.co/BVMc2H3TTd",0.790625,november2_november3
175,1.3231589981080658e+18,"It’s the BIG MAC MEAL FOR ME. Don’t get creased up but crease free. 
Repost from @gunuw228
•
@travisscott  x @mcdonalds 
cactusjack🌵🍟
@gunuw228 @ Corona, California https://t.co/aorKGmOSjF",0.08333333333333333,november2_november3
176,1.323159107415675e+18,Had a blast. Meeting random people and introducing them to my imagination was so fun. That was needed in this time of Covid. Felt good to get out of the apartment. #gumbit #staypuft @ Fjällräven https://t.co/35hIsIildR,0.5,november2_november3
177,1.3231597719612826e+18,"20-packs of Covid Test Kits Now Available. #covid #testkit #antibody @ Waianae, Hawaii https://t.co/Kwf8qNHr7s",0.1,november2_november3
178,1.3231611111774003e+18,Deadass #deadass #whosmanisnowhomeless #tims #dooldtimsdie #coronaqueensnyc #coronaqueens #corona #queens #nyc #nofilter #unedited #iphone12 @ Horace Harding Expwy https://t.co/AV3rlOe2NB,0.13636363636363635,november2_november3
179,1.3231632172506276e+18,"#detail of #new #painting #diptych #automaticdrawing #automaticpainting #intuitive #pattern #acrylicpainting #acrylic on #paper #artwork #staysafe #stayhome #vote #wearamask @ East Hampton, New York https://t.co/0CUOoD2Mvm",0.08333333333333333,november2_november3
180,1.323169232150999e+18,PayPal doesn't give preliminary 2021 guidance amid pandemic uncertainty https://t.co/qkrPbehfeW #sanjose #california #siliconvalley #sanfranciscobayarea,0.25,november2_november3
181,1.3231697482308035e+18,"Wedding day belt ✔️ 
Wedding earring ✔️

The tradition continues even in a pandemic 🤣🤣🤣 This year just in robes, slippers &amp; room service. Love love love you my Sweet Dave! @ The Ritz-Carlton Chicago https://t.co/9JfwQOoANV",0.0,november2_november3
182,1.3231701348281754e+18,"#new #diptych #workonpaper #painting #smallworks 24x36” #motif #pattern #nopattern #intuitive #artwork #staysafe #wearamask @ East Hampton, New York https://t.co/muPZtn7kD0",0.0,november2_november3
183,1.3231721047249756e+18,"Covid 19 on these niggas, im so sick of yall !!!",0.4,november2_november3
184,1.3231722977132298e+18,"Flowers, Lefrak City #flowers #lefrakcity #fallcolors #coronaqueensnyc #coronaqueens #corona #queens #nyc #nofilter #unedited #canon77d #canonphotography #canonphotographer #24mm70mmf4 @ Horace Harding Expwy https://t.co/BQRa6r3YoK",0.0,november2_november3
185,1.3231744983220552e+18,"Dark Matter: The Art of Brokenness 🖤🖤🖤
‼️NOW AVAILABLE EVERYWHERE‼️Link in my bio! Tell a friend!!

Song: Frenzy by @tukooltiff 

#TuKoolTiff #MIIMB #BLM #COVID19 @ Charlotte, North Carolina https://t.co/jw1jJ8c3vJ",0.2727272727272728,november2_november3
186,1.3231751722124288e+18,"Going home from work and hello to #winterwonderland @ Malone, New York https://t.co/3FHdSS6xVu",0.33,november2_november3
187,1.3231768035198607e+18,"Three years ago tonight I was partying with @nilerodgers and #chic at The Bowl. If you want to get back to these “Gods Times,” please #wearamask and #votethemout tomorrow!!! @ Upper East Side https://t.co/fSSHIfdYTT",-0.058712121212121215,november2_november3
188,1.3231768088801567e+18,"COVID-19 update @ New York County, New York https://t.co/nzSJRQVMoK",0.0,november2_november3
189,1.3231777528124662e+18,"COVID-19 update @ New York, New York https://t.co/JGM2KEGCxc",0.03333333333333333,november2_november3
190,1.3231787655019643e+18,"COVID-19 update @ Queens, New York https://t.co/E9ppcbsqKm",0.25,november2_november3
191,1.323179175088255e+18,"Sam making himself comfy in my office. #cat #familypet #officechair #homeoffice #workfromhome #blackcat #catsofinstagram @ Staten Island, New York https://t.co/hxLdbfm6cU",0.0,november2_november3
192,1.3231801166006723e+18,"That home-gym life isn’t so bad!
•
•
#quarantine #homegym #homeworkout #workoutathome @roguefitness #muscles #strengthtraining #bodybypizza #halfrican @ West Hollywood, California https://t.co/bGhwTmFRVT",0.0,november2_november3
193,1.3231811293992264e+18,"If you haven't voted, please do. It is very important! Fight racism, fight COVID, fight hate, fight ignorance! https://t.co/CO4ThXNXWI 

America needs you! @ Berrien County, Michigan https://t.co/TS1ng00B00",0.0,november2_november3
194,1.3231825346168955e+18,"This Friday!!!!
#live #entertainment #standup #comedy #lol #laugh #socialdistancing #humor @ Millennium Event Center https://t.co/SLiMrV3kv6",0.425,november2_november3
195,1.3231830970310738e+18,4:00 Shadow #shadows #flushingmeadowscoronapark #coronaqueensnyc #coronaqueens #corona #queens #nyc #nofilter #unedited #iphone12 @coronapark @flushingmeadowscoronapark @ Flushing Meadows - Corona Park https://t.co/agPQYWdDNQ,0.225,november2_november3
196,1.3231844547188244e+18,"We went to Montecito/ Santa Barbara to visit a new project. I have not been in Montecito since Covid. I sure have missed it. Such a spectacular and beautiful place. #montecitomagic @ Santa Barbara, California https://t.co/6NnPzZIJTA",0.3181818181818182,november2_november3
197,1.323184959687807e+18,snekky feels forever🐍#finelinesnaketattoo for this concert starved future travel nurse double kitty cuddling quarantine queen #snakewitch #witchyvibesforlife @ Minneapolis Tattoo Shop https://t.co/Uvvzgl9HAK,-0.5,november2_november3
198,1.323187542200447e+18,"COVID-19 update @ Manhattan, New York https://t.co/ZSJPs6Tggt",0.4166666666666666,november2_november3
