,id,tweet,sentiment,date
0,1.2492170632620728e+18,"DEVELOPED MY 1ST ROLL OF FILM!! 
•
•
#turtlewuzhere #nyphotographer #nyc #photographer #pentax #film #filmphotography #potd #quarantine #series #corona #virus #blackandwhite #instapic #photography #instadaily #kodak… https://t.co/yNNZT8BEqg",0.05,april12_april13
1,1.2492182091752653e+18,I really need limes - Drinking a Corona Extra by @GrupoModelo_MX @ Death Star  — https://t.co/frJlirvojo,0.05,april12_april13
2,1.2492223285815337e+18,There are signs everywhere #postbrand #ads #lajolla #california #corona @ La Jolla https://t.co/dYmvFebXDt,0.4375,april12_april13
3,1.2492360884446618e+18,"SOCIAL DISTANCE 

LOL

——————————————————————————— .
.
.
.
.
.
.
.
#corona #virus #work #quarantine #dog #pet #party
 #whiteparty #hug #atitude #love #designer #fashion #style #stylist #bulge  #safe #socialdistancing… https://t.co/f0kD58cu4W",-0.06666666666666668,april12_april13
4,1.249236289171456e+18,"Friday Night Rona
.
.
.
.
.
.
.
.
.
.
.
#corona #flagstaff #orpheumtheatre #arizona #blackandwhite #photography #amateurphotography #friday #stayhome #stayhealthy #staysafe @ Flagstaff, Arizona https://t.co/6U6WTmbV8F",-0.06666666666666668,april12_april13
5,1.2492363250872197e+18,"I was wondering why the grocery store shelf was full of those #corona #chocolate #ilovechocolate 😆😆😆😆 #covid19 #staysafestayhome #staysafe #stopeating 🤪🤪🤪 @ South Pasadena, California https://t.co/zTEC0kaGCh",0.05000000000000002,april12_april13
6,1.2492380962705613e+18,"Nothing can stop the #EasterBunny The job is done! Happy 🐰 Day #quarantine #corona #virus #2020 @ Walnut Creek, California https://t.co/gVtoZp8niG",0.30000000000000004,april12_april13
7,1.2492392719633203e+18,"Meanwhile in Philly. A
man not wearing a face mask was dragged off #Philadelphia bus. How would you had handled it??                 Bbbb#corona #stayhome #quarantine #quarantineandchill @ Philadelphia, Pennsylvania https://t.co/y0avIIDEjq",0.0,april12_april13
8,1.249239988115583e+18,"Corona Virus got me like.  Bandana by misterbandana #wildwildwest #maskedman #coronatimes #coronavirusgotmelike #crazytown #safe @ Gulf Shores, Alabama https://t.co/WUpbt4Dsf4",-0.06666666666666668,april12_april13
9,1.2492430029477315e+18,"If you up yall know the motto. 
Evolver 5000 is out now.
(link in bio)

Also add me to your playlist. 
Yall know the EP has 5 songs.... 

Just giving yall a update. Due to the corona virus. Have to remain safe.
But… https://t.co/k95hMadPa3",0.5,april12_april13
10,1.2492461729104118e+18,"The Corona Journals have begun (bit of a late start, but now or never).
Took a moment after a long post - work bike ride on the Waterfront. Plenty of healthy folks out, exercising while maintaining social distance.… https://t.co/qo1mkSBKds",0.6,april12_april13
11,1.2492521338006856e+18,"Once you get past the photoshoot of our post-project Corona’s... I couldn’t resist 😂 👏🏼 We 👏🏼 Made 👏🏼 Giant 👏🏼👏🏼Planters! This project has been a labor of love and while it’s not completely done yet, we are… https://t.co/EOt2fToC8I",-0.06666666666666668,april12_april13
12,1.2492772586882744e+18,"🇺🇸 US

10 day forecast of 50,483 dead. This wave may last 123 days and see 9,376,156 cases and 131,266 deaths. Cases double every 5.6 days.

❤️ Every Life Counts, Pls #StayAtHome

🏥: https://t.co/an5Q5LWRAu
📈: https://t.co/c0cjARzST8",0.0,april12_april13
13,1.2492046463354388e+18,"#XUUX “When #divine #good is #practiced, #life is #bliss. Bliss #is the #normal #condition of the good”. ⚜️🤺#InGodWeTrust #Easter #access #racist #racism #reparations #covid #corona #rona2020 #brooklyn #litdifferent… https://t.co/3fn4DCwie4",0.4583333333333334,april12_april13
14,1.2492079616265134e+18,FUCK CORONA VIRUS!! 🖕🏼🦠 @ Harlem https://t.co/a7055cVQ2k,0.8,april12_april13
15,1.249210065766232e+18,Dave Moreno ❤️🎶🤘🏻🔥 #puddleofmudd #davemorenodrums #drums #drummers #drummerlife #drummer #drummersofinstagram #easter #corona #coronavid19 #coronavirus #family #love #supporteachother #rock #alternativerock @ Your… https://t.co/DLfmyB68of,0.25,april12_april13
16,1.2492118995201802e+18,"9AM, On my first day: MADONNAMAHABARATA 
https://t.co/hBddN2G2i5 #CONSCIOUS #consciousdaily #corona #theatricalemergency #emergencymirthresponder @ Hell's… https://t.co/XOcU1Ndb3Z",0.0,april12_april13
17,1.2492143465861325e+18,"Catch me if you can but don’t get burned. #charmander #pokemon #socialdistancing #corona #onesie @ Hyde Park, Chicago https://t.co/V2vqUJHTCq",0.0,april12_april13
18,1.2492170975001477e+18,"Hello girls and boys,

I made the promised Easter puzzle,
Time to take off your Corona muzzle,
You can look on the World Wide Web,
Or do it after painting an Easter egg.
The bunny is the only one you may nuzzle.

PS:… https://t.co/oFHrJiFfA7",0.1875,april12_april13
19,1.2492176002042184e+18,"Between a loss of a loved one or Corona, Easter is a little different this year. We all are making adjustments so however you choose to spend it, please cherish every second of it.… https://t.co/ubE9X8x3Kk",0.8,april12_april13
20,1.249217793024766e+18,"'s post
.
.
F for fictional 
.
Thanks to corona we can't go out and hunt for some Easter eggs! Or can we? Easter hunting VR is the new thing in 2020. ʅ(･ิД･ิ)ʃ
.
Also finally played the VR Kingdom Hearts experience… https://t.co/S3ZxTu3imi",0.0,april12_april13
21,1.249221966843777e+18,Corona NY Sun Apr 12th AM Forecast: TODAY Mostly Cloudy Hi 45 TONIGHT Partly Cloudy Lo 31,0.1,april12_april13
22,1.2492250499256566e+18,"Hello girls and boys,

I made the promised Easter puzzle,
Time to take off your Corona muzzle,
You can look on the World Wide Web,
Or do it after painting an Easter egg.
The bunny is the only one you may… https://t.co/GKIVYM83m3",0.43333333333333335,april12_april13
23,1.2492319900473795e+18,"May not have been much with Corona messing everything up, but the Easter Bunny made an appearance 🐰🐰🐰 #happyeaster🐰 @ Coal Hollow, Pennsylvania https://t.co/gjRI6468FX",0.0,april12_april13
24,1.249234800403153e+18,"He is risen!
He is not dead, 
For the Stone has rolled away. 
Stay at home and have a safe, 
Corona-free Easter Day. 
Amen. 

Happy Easter, Easter Bunny! 
🐰🐣🐰🐣🐰🐣🐰🐣🐰 @ Cedar Park, Texas https://t.co/LbJBvMN6v3",-0.06666666666666668,april12_april13
25,1.2492356267985265e+18,Incident on #7Line from 103rd Street-Corona Plaza Station to 42nd Street-Times Square Station https://t.co/FPzWEC7Ckt,-0.06666666666666668,april12_april13
26,1.249236289171456e+18,Easter breakfast #quarantine #corona #easter @ Indian Fishin' Lake https://t.co/bC7D1Uj3fd,-0.06666666666666668,april12_april13
27,1.2492375372411576e+18,"Sortez couvert 🙏🏼.                                         Face mask by samandlavi #covid #corona #virus #protection #safety #humanity #pandamic #mouradzaoui @ Los Angeles, California https://t.co/nDogAQdqxx",-0.06666666666666668,april12_april13
28,1.2492397954963743e+18,"Happy Easter from my family to yours!! 
Hopefully next year the world will celebrate  under better circumstances 🙏🏼💓🐰
.
.
.
.
.
.
.
.
.
.
.
.
.
.
.
.
.
.
.
.
.
.
.
.
.
.
.
.
.
.
.
.
#corona #coronavirus #momsofig… https://t.co/9VwVEMCUIJ",0.04583333333333334,april12_april13
29,1.2492422126485955e+18,"Happy Easter, Teddy!!! Unfortunately due to the Corona Lockdown we’re closed ! I had to improvise on the basket this year. Once he got the treats he was happy. As soon as the lockdown is over he will be spoiled… https://t.co/38SSAwgLAF",-0.1,april12_april13
30,1.2492430029477315e+18,They finally released my mother @drdlandscape1 from a month quarantine. I am not going lie this month was the scariest time in my life. To find out your mother caught Corona and watch her in a life threatening fight… https://t.co/HiiPVkbxsi,0.5,april12_april13
31,1.2492514734914068e+18,Corona CA Sun Apr 12th AM Forecast: TODAY Chance Of Showers Hi 62 TONIGHT Chance Of Showers Lo 50,0.7166666666666667,april12_april13
32,1.2492532480092078e+18,Incident on #7Line from 103rd Street-Corona Plaza Station to 42nd Street-Times Square Station https://t.co/POkh9I5jUo,0.0,april12_april13
33,1.2492544559310234e+18,"__DesTinY unChanGed ••UNLESS•• i'M The ChanGE___

#friends #photoshoot #master #corona #summer #instafashion #indianfashionblogger #cool #black #followme #cristianoronaldogoals #success #Family #art  #photooftheday… https://t.co/ryekbXN5Es",0.675,april12_april13
34,1.2492547511261102e+18,"Corona girl @ Westminster, Massachusetts https://t.co/Kj97oYOPs7",0.8,april12_april13
35,1.2492712498654454e+18,"#アーティストの方々も今大変な思いをされている事と思います #artists are another one hit by corona #seattle #reasontogooutside #butoh #butohdance #sleepingbeauty #cultureday #舞踏 #シアトル #アメリカ生活 @ Seattle, Washington https://t.co/bvV6yTozhF",0.07878787878787878,april12_april13
36,1.2492729194417807e+18,#Corona holds no sway when I'm in my kitchen especially on #eastermorning Happy Easter everyone!  #quarantinekitchen #southernboyeating #southerncooking #chickenwings #grits #sundaybreakfast #sundaymorning… https://t.co/89oLHaboNM,0.3125,april12_april13
37,1.249205468934832e+18,"Happy Easter Everyone!! #Easter #happyeaster #quarantine #corona #virus #abnormalattraction #comedy #getfuzzy #stayhome #staysafe @bobbypriv  @Leavs16 @ New York, New York https://t.co/AUPd6lYNIH",0.0,april12_april13
38,1.2492085823541903e+18,"This doesn’t happen every Easter!!! #corona #covid @ New York, New York https://t.co/Sf9BCutzaX",0.1,april12_april13
39,1.2492118995201802e+18,Happy Easter 🐣🐇💐Everyone!!! meetshannonlee is rocking her Feel Good hoodie and comfy yoga pants from @EmpireStreetSty while enjoying and fun spring walk at Corona Park!!! https://t.co/vUmegbG15J @EmpireStreetSty… https://t.co/gETcbcBNiD,0.0,april12_april13
40,1.2492140623674737e+18,"Today’s family Easter Zoom call is brought to you by @corona Nothing says celebrating the resurrection of Baby Jesus like quarantine #easter #covid #zoom #coronabeer #beneestomnibus @ Floral Park, New York https://t.co/w4nt16tweE",0.5,april12_april13
41,1.2492143465861325e+18,"Wear your mask! We have PPE in stock and ready to ship, proceeds go to Global Giving, Corona Virus Relief Fund, link in bio to order 🙏 @ Los Angeles, California https://t.co/XSqmAd6eei",0.0,april12_april13
42,1.249215185933525e+18,"2020 Easter got me like.....
Happy Easter friends.
Better times are ahead.  
#covid19 #corona #quarantinelife #quarantined @ Ormond Beach, Florida https://t.co/P8sG9rFSnr",0.0,april12_april13
43,1.2492156207905833e+18,"Happy Easter from our couch to yours!
.
.
.
.
.
#couchcuddles #easter #covid19support #sunday #heisrisen #indeed #poetry #photography #family #love #celebration #isolation #socialdistancing #corona #healing #truth… https://t.co/UKmMUg6JxS",0.8,april12_april13
44,1.2492170975001477e+18,"The Adventures of Corona the donkey on Easter 2020! #boxcrafts #corona #stayhome #easter @ Fort Lauderdale, Florida https://t.co/E52HunmYpF",0.1875,april12_april13
45,1.2492182091752653e+18,"Happy Easter . We are staying at work for you, please stay at home for us. We do have curb pickup, takeout , togo order and free delivery 8.30am to midnight #stayathome #LoveLA #savelives #covi̇d19 #corona #mask… https://t.co/SE9xnXxLXH",0.05,april12_april13
46,1.2492186373339587e+18,"New tattoo designs by Zach Taylor z_taylor come on stupid corona!! Go the fuck away! Zach is gonna Tattoo these amazing designs on you so fucking hard. Contact Zach or the shop to set up your post apocalyptic tats,… https://t.co/R4tQSp1ETn",0.4666666666666667,april12_april13
47,1.2492284296201626e+18,A sign of the times. #corona #coronavirus #mask #bikeride #denver #Colorado @ Cherry Creek Trail https://t.co/tfgJeKRl2O,0.0,april12_april13
48,1.2492302891986043e+18,"The last person on planet earth.
.
.
.
#OculusNYC #oculus #freedomtower #wtc #manhattan #coronavirus #corona #virus #isolation #COVID19 #emptystreets #emptynyc #nycshutdown #quarantine #quarantinelife #staysafe… https://t.co/ZXoToMfIyM",0.4,april12_april13
49,1.2492319900473795e+18,"""Fried Onions, Anyone?"" - For April I wanted to showcase some of my photos of one of my favorite subject... FOOD - I frequent the Counter in Toluca Lake (pre-corona) - because #burger #TheCounterBurger… https://t.co/Q2VeoxF9Y4",0.0,april12_april13
50,1.249232056737022e+18,"I am the resurrection and the life. (John 11:25) @ Corona, California https://t.co/FOZoEyYNZr",0.35,april12_april13
51,1.2492324889768468e+18,🐰 #HappyEaster #corona #quarantine #2020 🐣🐇 @ Downtown West Palm Beach https://t.co/flTKddALWx,0.5,april12_april13
52,1.2492352348114493e+18,"🇺🇸 US

10 day forecast of 50,483 dead. This wave may last 123 days and see 9,376,156 cases and 131,266 deaths. Cases double every 5.6 days.

❤️ Every Life Counts, Pls #StayAtHome

🏥: https://t.co/an5Q5LWRAu
📈: https://t.co/c0cjARzST8",-0.06666666666666668,april12_april13
53,1.2492360884446618e+18,"Bringing some of the outdoors inside since, you know, corona.  #happyeaster #corona #forsythia #hyacinth #flowers #flowersinstagram @ Lincoln, Rhode Island https://t.co/y3TngDwwYn",-0.06666666666666668,april12_april13
54,1.249236324265136e+18,happy holiday #easter #easterweekend #iso #sundays #vibe #family #corona #rona #rillogangactivity⛔ #bundy⛔ #rillogang⛔ #vibes #eastereggs #smile #clean #besafe #world #selfquarantine #life #lifestyle #gangshit💯… https://t.co/GOuQbDZ15C,0.05000000000000002,april12_april13
55,1.249236375616e+18,"#covid19 #corona #2020 #quarantine #stayhome #stayhealthy @ Charlotte, North Carolina https://t.co/JdBv7IDOWl",-0.06666666666666668,april12_april13
56,1.2492384409584517e+18,"Easter 2020 be safe out there people.
Play it safe &amp; stay home.this Corona Virus is real.Dont forget the true meaning of Easter #quarantine #easter2020 #stayhome #heisrisen @ Little Falls, New Jersey https://t.co/wEKt5QB2QY",-0.06666666666666668,april12_april13
57,1.249238606117507e+18,"Happy birthday my homie, my broski.  Brother from another mother. With you I’ve shared some of the most wonderful memories, and most of them we shall not talk about out loud.  I know this whole corona shit ruined a… https://t.co/n5CiOV2n6z",-0.06666666666666668,april12_april13
58,1.2492394878357873e+18,Happy Easter &amp; Happy Corona Victory Workout!!!  Anybody else struggling to keep a fitness schedule????  Try doing 2-3 exercises or stretches at different times during the day.  This seems to be helping keep some… https://t.co/zDxVQJeMxA,-0.06666666666666668,april12_april13
59,1.2492409127162348e+18,"QUARANTINED 
•
•
#turtlewuzhere #photographer #nyc #bw #film #photography #kodak #portrait #dad #potd #bwphotography #pentax  #streetphotography #quarantine #series #covid19 #stayhome #corona #virus #flattenthecurve… https://t.co/rwkYLNUEVK",-0.1,april12_april13
60,1.2492430029477315e+18,From #hermosabeach all the way to #venicebeach not a single person on the beach or in the water. LA doing it’s part. #pacificocean #flattenthecurve #lockdown #corona #socialdistancing #manhattanbeach… https://t.co/is2QfOKB4S,0.5,april12_april13
61,1.2492432177463665e+18,How do you explain to a 8 year old he can't have a party for birthday due to Corona Virus? After he seen the gifts his eyes lite up and 👀 his cousins and friends he was 😁. Thanks for all my family &amp; friends.… https://t.co/PlMmzSOUCG,0.16666666666666669,april12_april13
62,1.2492449690275512e+18,Watched Cardinal Dolan this morning. He is such a beautiful person. Reminds us we can still feel full when life brings emptiness. #corona #covid #fox #cardinal #church @foxandfriends foxnews cardinaltimothymdolan @… https://t.co/4UUTJyXjef,0.0,april12_april13
63,1.2492507804707062e+18,"Yall hungry and want sum to eat after ya get high nd corona done closed everything go holla at G he gone hook yall up fasho ✊🏾🗣💯🔥🔥🔥🍗🍖🍛🍲 HAPPY EASTER DAY EVERYONE!!! 
#cheflife 
#easter 
#sunday 
#foodforthought… https://t.co/aHn0cHcmBl",0.0,april12_april13
64,1.2492521338006856e+18,"Not smiling during this Corona time 😷😢 @ Bend, Oregon https://t.co/8xGmuZTkhK",-0.06666666666666668,april12_april13
65,1.24925620939733e+18,"Covid-19 boosts surveillance of society. 

#corona #covid19 #washingtondc #bnw #washingtonmonument #bnwphoto #bw #joggers #joggerpants #surveillance #blackandwhitephotography #blackandwhite #themall #homeland… https://t.co/gweh3HSruQ",0.0,april12_april13
66,1.24927057850837e+18,"Another photo from Loc Lov LA's grand opening. I'm standing with Chastity cheszymagicfingerz, a Loc Lov LA staff who traveled pre-corona twice monthly to Loc Lov LA from Philly/NJ. 
If you know my story you know I… https://t.co/rnrBo0qizf",0.43333333333333335,april12_april13
67,1.2492712498654454e+18,"Rainy, stormy weather in San Diego this week… caught this sunrise early April. Health and happiness to our friends &amp; family this Easter, and prayers for all affected by corona. @ San Diego, California https://t.co/QbU41Bawc7",0.07878787878787878,april12_april13
68,1.249272946616664e+18,"Corona Club: JYM Style with @vonstroke banging in the big screen! The best part of quarantine is that you can mix your training with your clubbing. Happy Easter ya’ll! @ Des Moines, Washington https://t.co/wUIZr7gwm2",0.7,april12_april13
69,1.2492143465861325e+18,"#LiveStreamMusic FrankB attempting a show, corona https://t.co/TxsLh9zctE #Rock #Folk",0.0,april12_april13
70,1.249215185933525e+18,"Current situation: Mason is 100% over my excessive corona dog walks (as are the non-fur children)...currently still on the side of the road.  Send a tent? 🤦🏻‍♀️🐶🤪 @ Summit, New Jersey https://t.co/JQCDPKquvT",0.0,april12_april13
71,1.2492156207905833e+18,"Follow @DaddyDaughterTi for #DailyFunnies
👆🏾ClickFollow &amp;/or a “😂”👆🏾 
.
#imagine #imagination #imagines #imaginaryfriend #imaginaryfriends 
.
Upcoming Shows:
-They are normally posted here but #TheRona #aka #Corona… https://t.co/Msjja17QTn",0.8,april12_april13
72,1.2492170975001477e+18,"Easter flowers to brighten up the house.  Happy Easter!  #flowers #flower #daffodils #tulips #easter #home @ Corona, California https://t.co/akOoswFL2M",0.1875,april12_april13
73,1.2492172290838897e+18,"God blessed me &amp; hopefully this contributes to your health journey. No worries but I am virus paranoid about 13,000+ people dying around me in the US. #Corona #Immune #Health #Mindfullness #AntiVirus #Bodyhealth… https://t.co/eNPuUsx14Q",0.05,april12_april13
74,1.2492186373339587e+18,Easter Lamp Chop!!! #easter #corona #lambchops #FHJerk @ Island Vybes Kitchen by FH Jerk https://t.co/umGmCCEi26,0.4666666666666667,april12_april13
75,1.249222037983441e+18,"QUEEN CORONA 
#Goth #Glam with riconasty x thescottedit 🦠🧝🏼‍♀️ @ Los Angeles, California https://t.co/ut6BMNAcPa",0.0,april12_april13
76,1.2492247192174264e+18,"Corona Virus won’t stop me from speaking and encouraging the Body of Christ. 

I have all of the In’s and Out’s to host your “Motivating Your Circle Event”. Does your circle need a recharge from someone new? I have… https://t.co/BncYsZmKRR",0.0,april12_april13
77,1.2492250499256566e+18,"Corona Virus won’t stop me from speaking and encouraging the Body of Christ. 

I have all of the In’s and Out’s to host your “Motivating Your Circle Event”. Does your circle need a recharge from someone new? I have… https://t.co/qydc8Eivc5",0.43333333333333335,april12_april13
78,1.2492284296201626e+18,Happy Easter!  Our Redeemer Lives. #easter #easterdecor #easterathome #corona #prospecthillinn #quarantinelife #tablescapechallenge @ Prospect Hill Inn &amp; Restaurant https://t.co/INKrVKd4Iq,0.0,april12_april13
79,1.249231644176855e+18,"@vinnie_orcel eat your heart out!!  Who’s jealous? #eastersunday #family #daughtertime #dadlife #lovemyfamily #quarantine #corona #covid @ Cranston, Rhode Island https://t.co/3iHthTCvrP",0.0,april12_april13
80,1.2492319900473795e+18,"Corona 2020, Spanish Flu 1920, Cholera 1820, Bubonic Plague in 1720 🤔 Population Control Every 100 Years 🤔#CoincidenceOrPattern #coincidenceithinknot 🤔 @ Lows' Kitchen https://t.co/iybmsy2Dxj",0.0,april12_april13
81,1.249232056737022e+18,"The pigeons and the cops are the only ones roaming free the streets of New York City.
.
.
.
#pigeons #nypd #nycpolice #timessquare #timessquarenyc #coronavirus #corona #virus #isolation #COVID19 #emptystreets… https://t.co/JCkH7R6zk0",0.35,april12_april13
82,1.249232672695685e+18,"|4.12.2020| Jesus paid it all, all to Him I owe. Happy (Corona) Easter from our family to yours. @ Mount Dora, Florida https://t.co/igC9rDpNFZ",0.4,april12_april13
83,1.249233710739792e+18,"Had a visit from the Easter Bunny today! @ Corona, California https://t.co/boB5zjyb7L",0.16818181818181818,april12_april13
84,1.249234800403153e+18,"⛽ ,, 😈 slight work ⛽ new hobby 🔋#indooractivities #rillogangactivity⛔ #bundy⛔ #rona #corona #weed🍁 #life #lifestyle #gangshit💯 #rillogang⛔ #iso #isolation #sundays #vibe #vibes #grow #goodvibesonly #clean… https://t.co/03A5pcyTJh",-0.06666666666666668,april12_april13
85,1.2492352348114493e+18,"Four mile #EasterSunday run through #JacksonHeights, #Elmhurst and #Corona.  #keeprunning #covid19 lgbtqiarunners #instagay #gayrunner #gayrunners #gayathletes #gayfitness #gayfit #lgbtqrunners #lgbtqrunner… https://t.co/Vfeynx5cJ9",-0.06666666666666668,april12_april13
86,1.2492360884446618e+18,"Happy Easter #BunnyYoga 🐰

This is when we did #Bunny #FaceYoga 😆 before corona 

The bunny is chilling while humans are working out 😂 @ Mirai Clinical https://t.co/quc29T2hjs",-0.06666666666666668,april12_april13
87,1.249236115019772e+18,"From Our Family to Yours!
He Is Risen!
#easter #heisrisen #resurrectionday #covid #corona #quarantine @ Montana https://t.co/ux2FuAmjLM",0.0,april12_april13
88,1.249236324265136e+18,"Happy Easter to all my family and friends 🐰🐇 
☎️ 909.860.2606

#corona #Norco #Jurupa #Valley #Cerritos #Norwalk #OrangeCounty #Tustin #Anaheim #SantaAna #LongBeach #AnaheimHill #Covina #WestCovina #Fullerton… https://t.co/S6RADSBfJc",0.05000000000000002,april12_april13
89,1.2492363250872197e+18,"Happy Easter to my Familia and Friends. Thank God for this blessed day we have! #happyeaster2020 #familiaarmas #armasfamily #chiltonohana @ Corona, California https://t.co/5nw3Dfqs7z",0.05000000000000002,april12_april13
90,1.249236375616e+18,“i told u to stop playin wit me!”🔫 😂 #FuckCorona #FuckCovid19 #Outside #StayAtHome #Corona #CoronaVirus #Queens #NewYork #Covid_19 #Knight #Caption #StopPlayin #Findiddy #FindiddyDaDon #SleezyFinBeezly #EwokHefner… https://t.co/rhUNbacK4M,-0.06666666666666668,april12_april13
91,1.249236390870745e+18,ONE NATION UNDER A GROOVE #STAYINGHOME FOR THE FUNK OF IT #ALONETOGETHER due Da #corona #covid_19 @ North Carolina https://t.co/oBQIb3xMKU,0.669047619047619,april12_april13
92,1.2492381153378836e+18,Fresh Air in the Park #artmuseum #corona #art #covid_19 #outside #staysafe @ Nassau County Museum of Art https://t.co/ZHCZTN3GyD,0.5,april12_april13
93,1.2492384409584517e+18,Rocky is all about stairs @ Corona del Mar State Beach https://t.co/udGhmC1eHb,-0.06666666666666668,april12_april13
94,1.2492394878357873e+18,"While visiting USP Alcatraz I bought a harmonica not knowing that it will entertain my son so much... #keepingHimBusy #USPAlcatraz #harmonica @ Corona, New York https://t.co/bIy2CrRCLb",-0.06666666666666668,april12_april13
95,1.2492399436223406e+18,"Hell yeah‼️‼️‼️I been looking high &amp; low. Yet not a roll to be found 🤦🏽‍♀️💅🏽😭
Ijs‼️ Can y’all please stop buying up ALL the damn tissue? Geesh‼️‼️‼️
#coronamemes #tissue #charmin #melaninpoppin #corona #coronavid19… https://t.co/pJhQxi0l4Y",0.05,april12_april13
96,1.249239988115583e+18,"""My Latest Post'

#utilitypole #rust #green #staples #corona #pixel3xl #pixel #iger #instagram #gram #nature @ New Orleans, Louisiana https://t.co/g7h4a6jubT",-0.06666666666666668,april12_april13
97,1.249240556795986e+18,WHICH PROFITSTYLE YALL FUKKIN WITH ON THE EP?????? 1 2 3 4 5 Or 6 LEAVE COMMENTS. IF U AINT HEARD IT YET LINK IN BIO AND ITS AVAILABLE EVERYWHERE.......  #corona #profitg #viral #explore #unsigned #indie #major… https://t.co/7LJkgfq077,-0.06666666666666668,april12_april13
98,1.2492430029477315e+18,"Celebrating Easter Corona Virus style @ Lakeview East, Chicago https://t.co/pAyaMFZZM9",0.5,april12_april13
99,1.2492430265154273e+18,"Luna’s 🌙 1st Easter 🐣and Resurrection ✝️Sunday. Nothing can stop her praise 🙌🏽 not even Corona!
.
.
.
SWIPE👉🏽 For more bunny hopping cuteness.
.
.
#heisrisen
#theblessedlife
#ressurectionsunday… https://t.co/D5Tw5uUMrU",-0.06666666666666668,april12_april13
100,1.249243206174335e+18,Grilling it up before the weather gets rough. - Drinking a Corona Premier by @GrupoModelo_MX @ Halligan Bar South  — https://t.co/tnBU2l5Q5G,-0.06666666666666668,april12_april13
101,1.2492434505344983e+18,"Happy Easter 🐇🐰🐣 @ Corona, California https://t.co/ixgopgVSs5",-0.1,april12_april13
102,1.2492435697995325e+18,"#throwback to a more glamorous time!
SWIPE ➡️ for corona times 🤪 @ New York Public Library https://t.co/XGfk4Nxh8Z",-0.06666666666666668,april12_april13
103,1.2492441822475428e+18,ONE NATION UNDER A GROOVE #STAYINGHOME FOR THE FUNK OF IT #ALONETOGETHER due Da #corona #covid_19 @ Pennsylvania https://t.co/USpxADYeL4,-0.06666666666666668,april12_april13
104,1.2492449690275512e+18,ONE NATION UNDER A GROOVE #stayinghome FOR THE FUNK OF IT #alonetogether  #onenation #corona @ Pennsylvania https://t.co/jFD9YjHxho,0.0,april12_april13
105,1.2492461729104118e+18,THE FEDERAL RESTAURANT &amp; BAR Due to Massachusetts Corona Virus Mandate will close temporarily! Consider purchasing gift cards https://t.co/DQBp3oLgMX to help them sustain this time! Plan Events here… https://t.co/rVTlfCbmHJ,0.6,april12_april13
106,1.2492506799374787e+18,Need I say more than what’s posted on the photo?🤨 .. ALL FACTS. #theartofthinkingoutloud #billgates #vaccines #virus #pandemic #socialdistancing #devil #evil #corona #life #usa @ Cincinnati https://t.co/0aswZRQnl2,0.25,april12_april13
107,1.2492507804707062e+18,"We sure are missing baseball, thank you to Firelands Athletic Boosters .... #seniors2020 #baseball #corona #nothowthiswassupposedtogo @ Firelands High School https://t.co/wWomXhV7IP",0.0,april12_april13
108,1.2492514734914068e+18,Corona Blues #jazz #funk #rnb #grownfolkmusic @ Smithsonian National Museum of African American History and Culture https://t.co/eX9tVuS3Vs,0.7166666666666667,april12_april13
109,1.2492521338006856e+18,He is Risen! Risen indeed. We’ve already gotten through this!  #covıd19 #corona #churchstreeteast #downtownmobile #mobilealabama #downtownmobileal #ukulele #ukulelecover #ukulelecovers #banjolele #banjolelecover… https://t.co/LsyTFCp34v,-0.06666666666666668,april12_april13
110,1.249252739097346e+18,Corona NY Sun Apr 12th PM Forecast: TONIGHT Partly Cloudy Lo 31 SATURDAY Sunny Hi 41,0.0,april12_april13
111,1.2492532480092078e+18,"A little Easter fun this morning with the boys.

#easter #easteregghunt #confetti @ Corona de Tucson, Arizona https://t.co/kObEXHNX6B",0.0,april12_april13
112,1.2492547511261102e+18,Content #iparkmusic #oobang #love #family #fun #hope #love #smile #corona #coronavirus @ IPARK MUSIC CO. https://t.co/aX9mTmFxS7,0.8,april12_april13
113,1.2492597249372774e+18,"Another photo from Loc Lov LA's grand opening. I'm standing with Chastity cheszymagicfingerz, a Loc Lov LA staff who traveled pre-corona twice monthly to Loc Lov LA from Philly/NJ. 
If you know my story you know I… https://t.co/h44gtfn9mJ",0.2,april12_april13
114,1.2492646955859313e+18,"Don't judge me.  
Champagne taste, beer pocket book. 

#home #beer #corona #heineken #redstripe #greenmount #guilford #greenacresinguilford #eastersunday #easter #easterbunny @ Green Acres in Guilford https://t.co/6wUrYtaKUz",0.3145833333333333,april12_april13
115,1.24927057850837e+18,I went for a bit of a walk. I somehow still have a million podcasts. @ Flushing Meadows - Corona Park https://t.co/2ezf9thCK7,0.43333333333333335,april12_april13
116,1.249272946616664e+18,Covid-19: Life goes on. Slooooowly. #corona #covid #washyourhands #washingtondc #blackandwhite #bnw #blackandwhitephotography #bnwstreet #bnwstreetphotography #streetphotography #streetphoto #streetphotographer… https://t.co/ZPGHq1LJdk,0.7,april12_april13
117,1.249210065766232e+18,Corona 28 - Another great week! Let’s see those videos!#hippoquaranteams @ CrossFit Hippo https://t.co/Hgs4KezP3h,0.25,april12_april13
118,1.2492143465861325e+18,"Can somebody pretty please bring my baby back cause corona virus is taking all my time away from her. I lovenu #shilohgrace with every part of my heart and soul!
.
.
.
#telos🌎 #telopaththtv #realyaadmantv #reggae… https://t.co/RXR9KPO0Pu",0.0,april12_april13
119,1.2492170975001477e+18,"My very creative 😉 active 🤸🏽‍♂️youngest granddaughter, @adabneyy , has had it with 2020! So much so that she has a new name for COVID-19: Corona LaShay DaVirus! 😏💛 @ Atlanta, Georgia https://t.co/t6b8pVMlTW",0.1875,april12_april13
120,1.2492182091752653e+18,"Don’t let the Corona Get You! Stay Safe and Happy Easter .... @ Ewa Beach, Hawaii https://t.co/Z5jAkHVfp0",0.05,april12_april13
121,1.2492227120122143e+18,"“I got my shooters about to renovate the room” 
New music!!
Just dropped!!! 
#SoundCloud 
#adoeverse #adoe #ghe #zuut #reapa #broward #control #miami #florida #new #explore #corona #chicago #nbayoungboy… https://t.co/w9mVkM9J3R",0.32125000000000004,april12_april13
122,1.2492250499256566e+18,"Talking to the hand because it is always good to be around someone you know you can trust for real. #wilson #corona #castaway #tomhanks #solo #trust #conversation @ Atlanta, Georgia https://t.co/ArpyI1xqN6",0.43333333333333335,april12_april13
123,1.249232672695685e+18,"This #Corona fina get beat! #Piñata @ Austin, Texas https://t.co/6HQLlt9PJc",0.4,april12_april13
124,1.249233710739792e+18,Easter 2020. One that will live forever in our memories. At least the Easter Bunny could make his appointed rounds. #Quarantine #Easter #Easter2020 #Corona #QuarantineEaster #HeIsRisen #HeIsRisenIndeed #EasterBasket… https://t.co/wcSciypLXn,0.16818181818181818,april12_april13
125,1.2492356267985265e+18,"Grandma V and Aunt B always made stuffed celery.  Sometimes using the pimento cheese in a jar.  I added some spring radishes with kosher salt to go on the side. @ Corona, California https://t.co/JYsHBNw7LX",-0.06666666666666668,april12_april13
126,1.2492360884446618e+18,"The 4yr old fetched me a beer. It's a good day. I'll remember it forever. Happy Easter. 

#Easter2020 #VictoriasWay #Corona #Quarantine @ Badstreet, Philadelphia, Pa https://t.co/8KoHaoNix9",-0.06666666666666668,april12_april13
127,1.249236115019772e+18,"#Repost scout_barthold
・・・
Doing my best to keep the Rona away. PPE = Papillon Protective Equipment  #facemask #covid19 #corona #PPE
.
.
.
.
.
#papillon #papillons #papillonLove #papillonsofInstagram #papillonDog… https://t.co/j6cam8Qx01",0.0,april12_april13
128,1.249236289171456e+18,Sandal Sale! Don’t track in what should be left outside! Especially now! #corona #covid19 #vampirediaries #originals #legacies available in our online store! @ Vampire Stalkers/Mystic Falls Tours https://t.co/EjDhJ6PGb8,-0.06666666666666668,april12_april13
129,1.2492363250872197e+18,"Corona doesn’t stand a chance against Easter....
#easterdinner  #easter2020 #posole  #texasismystate @ Austin, Texas https://t.co/H6TV33ePX5",0.05000000000000002,april12_april13
130,1.2492375372411576e+18,"Current Corona Bookclub...only a tiny bit ambitious 😁👱🏽‍♀️📚...what are y’all reading - any recs?? 💛🙏🏽 #ownyourvoice #quarantinebookclub #topknotturnup @ Artists District, Los Angeles https://t.co/ybnnBfxISs",-0.06666666666666668,april12_april13
131,1.249238606117507e+18,"🇺🇸 US

10 day forecast of 50,483 dead. This wave may last 123 days and see 9,376,156 cases and 131,266 deaths. Cases double every 5.6 days.

❤️ Every Life Counts, Pls #StayAtHome

🏥: https://t.co/an5Q5LWRAu
📈: https://t.co/c0cjARzST8",-0.06666666666666668,april12_april13
132,1.2492392719633203e+18,So many masks... #llalladesigns #sewing #corona #handcrafted #embroidery #pfaff #projectbags #pompoms #domore2020 #graceandkindness #masks #stayhome @ Lla Lla Designs https://t.co/K0P4toRdMN,0.0,april12_april13
133,1.2492393264095314e+18,"Don’t let the Corona Get You! Stay Safe and Happy Easter .... @ Ewa Beach, Hawaii https://t.co/oVL502jJVU",-0.06666666666666668,april12_april13
134,1.2492394878357873e+18,"This whole corona thing has only added more fuel ⛽️ to my fire 🔥 Making that chip on my shoulder just a little bit bigger! 💪🏼 Puttin’ in the work on this speed bag, I’m just getting started! 🥊 #RightHere #RightNow… https://t.co/EShKGGtgFP",-0.06666666666666668,april12_april13
135,1.249240556795986e+18,"Cheers with coronausa 🍺
Happy Easter Sunday!!!🥕🐰🐣🐥
#coronaextra #corona #cervezacoronaextra @ San Pedro, California https://t.co/CjykBKqMN1",-0.06666666666666668,april12_april13
136,1.2492409127162348e+18,Corona CA Sun Apr 12th PM Forecast: TONIGHT Chance Of Showers Lo 48 MONDAY Chance Of Showers Hi 64,-0.1,april12_april13
137,1.2492422126485955e+18,"RIP Yelena Corona  4-10-15👼🏻 You will forever be in our hearts ♥️ and will never be forgotten. We love you 😘 our sweet angel. @ Carmel, Indiana https://t.co/lIgOWmZdv1",-0.1,april12_april13
138,1.2492430029477315e+18,Mr. Mark’s private tap lesson is looking and sounding amazing🤪🤪 Even a video to prove!!🤩🤯🤯 #tap #lesson #private #class #look #sound #amazing #video #stayhome #stayhealthy #staysafe #corona #covid19 #explorepage… https://t.co/Hdm4SnCs0B,0.5,april12_april13
139,1.2492441822475428e+18,"#hotnigga #entrepreneur #baltimore #maskup #stayhome #quarantine #betterlife #corona #mask #maryland #livesmart # thebestatit @ Baltimore, Maryland https://t.co/6qXVzTuXV1",-0.06666666666666668,april12_april13
140,1.2492449690275512e+18,"Happy Easter! Sending you all the love and hugs🐰💕

•How are you spending your Easter? I’m baking 😅☺️
.
.
.
.
.
.
.
.

.
.
#corona #quarentine #photography #selfportrait #canon #camera #indoorphotography #model… https://t.co/gukTmWjmHI",0.0,april12_april13
141,1.2492507804707062e+18,Tucson corona holidazapocalypse proper @ Robles Pass https://t.co/yDzFIZlb4L,0.0,april12_april13
142,1.2492514734914068e+18,Shop this and more tomorrow at NOON Monday 4/13. Limited quantities on the Vintage Camo Jackets. Retail $98 plus FREE SHIPPING. ✨shine on ✨ #shineon #sparkleoutloud #supportsmallbusiness #shopsmall #corona… https://t.co/EU6CPfUL08,0.7166666666666667,april12_april13
143,1.2492521338006856e+18,Be still keep calm so we can heal #bestill #lockdown #keepfaith #besafe #heal #stayhome #corona #coronachronicles #happysunday #sundayvibes #Sunday #eastersunday #happyeaster  #pastel #pastelcolors #lolife… https://t.co/4z0Xw7jEWc,-0.06666666666666668,april12_april13
144,1.2492547511261102e+18,"Happy Easter! Sending you all the love and hugs🐰💕 •How are you spending your Easter? I’m baking 😅☺️
.
.
.
.
.
.
.
. .
.
#corona #quarentine #photography #selfportrait #canon #camera #indoorphotography #model… https://t.co/n9wLTLkgTA",0.8,april12_april13
145,1.24925620939733e+18,"Jesus, stay inside! Social distancing means everyone! #easter #corona #covi̇d19 #repost #socialdistancing @ Midlothian, Illinois https://t.co/z9yDxaIGAY",0.0,april12_april13
146,1.2492699110939443e+18,Me and My Sexy Baes Took A Trip To The Beach BEFORE Corona Took Over Our Lives. 💦 🏝 🏖🧜🏾‍♀️ 🧜🏾‍♀️ 🧜🏾‍♀️ 🌺🌴🌈☀️ @ WonderWorks Myrtle Beach https://t.co/MgqUoMroMX,1.0,april12_april13
147,1.24927057850837e+18,"Easter 2020
Mahi, tuna, brussel sprouts ... and wine, not Corona @ Parkland, Florida https://t.co/ITkcAo1deJ",0.43333333333333335,april12_april13
148,1.2492712498654454e+18,"Celebrating Easter with the family from, Corona, Riverside, Foothills Ranch. Mission Viejo, Hermosa Beach, Utha, Colombia: Bogota, Buga.🌄🐰💖
#happyeaster #felicespascuas
#family #familia
#quarentine
#quarentinefun @… https://t.co/3vsYF8cG37",0.07878787878787878,april12_april13
149,1.2492729194417807e+18,"Happy Easter corona virus...
😷😢🐰🐥 @ Santa Barbara, California https://t.co/NE3g4PrgB6",0.3125,april12_april13
150,1.2492772586882744e+18,"Nobody can say for sure exactly what our return to normalcy will look like, or how long it will take to get there.
.
.
.
#brooklynbridge #brooklynbridgepark #coronavirus #corona #virus #isolation #COVID19… https://t.co/vLDdpky9lZ",0.0,april12_april13
151,1.2492778926573855e+18,"“Spring unlocks the flowers to paint the laughing soil.”
— Bishop Reginald Heber @EmpireStreetSty https://t.co/vUmegbG15J 💐💐
meetshannonlee @ Flushing Meadows - Corona Park https://t.co/MNxX2z9hgu",0.5,april12_april13
152,1.249205468934832e+18,"I'm enjoying the new found time to go through the archives and work on images.  Lots of never before seen images, like this one from traditiongolfclub.  I'm going to name this new assorted collection, the ""Corona… https://t.co/6vvvM04k5n",0.0,april12_april13
153,1.2492089748781384e+18,"CoronaRessurection
#stayhome #homesweethome #lockdown #staycation #corona #covid @ The Holy Land https://t.co/XQrSjieGNu",0.03333333333333333,april12_april13
154,1.249210065766232e+18,"#corona #djtsalt #djtsaltt #tiktokdance @ Memphis, Tennessee https://t.co/IVCR41rhTA",0.25,april12_april13
155,1.2492107648686203e+18,"I pray you had a blessed Day!  Bunn Bunn picture and drawing by my Lily Rae♥️✝️💕Happy Easter forever!              #mykindergarten artist @ Sierra Del Oro, Corona https://t.co/slz9TKV6Zc",0.012500000000000022,april12_april13
156,1.249212645250601e+18,"Glazed Easter ham, baby carrots, roasted asparagus with Parmesan. @ Corona, California https://t.co/K9IFP4Q4wq",0.15625,april12_april13
157,1.2492140623674737e+18,"Just posted a photo @ Corona, California https://t.co/B9fxUkWfXl",0.5,april12_april13
158,1.2492156207905833e+18,"EASTER SUNDAY CORONA 2020 !
THANK GOD FOR BLESSING ME TO BE ABLE TO COOK AND PROVIDE A MEAL FOR MY FAMILY amaeya4 WE DID IT!! 😍❣ @ Morada, California https://t.co/Wf7pQzfYQk",0.8,april12_april13
159,1.2492170632620728e+18,"No Traditional Louisiana McDonald Crawfish Easter Boil This Year...😔😔😔😔😔😔😔😔😔😔😔😔😔
I did a little one... it wasn’t Close...!😢😢😢😢 #DAMNYOU#CORONA
#CoronaEaster
#Easter2020
#HappyEaster
#crawfishboil
#MarriedtoLouisisna… https://t.co/w507v5y0dX",0.05,april12_april13
160,1.2492172290838897e+18,Happy Easter from the Amicone’s! Knowing I get to be with these guys forever makes it much easier to be away from them during all this corona madness. Still miss and love you guys!… https://t.co/hmqgWRCpmy,0.05,april12_april13
161,1.2492176002042184e+18,"Goodbye 21! Wow! Happy 22nd Birthday Ryan!!!! #coronabeer lunch at home. Best we can do because of #corona ....still delivering delicious food (is dessert actually food?) in Manhattan! Love you! @ Manhattan, New York https://t.co/hW85ZxmLyL",0.8,april12_april13
162,1.2492182091752653e+18,Sole Proprietors Need assistance applying for he PPP or P3 single employee application Dm me ( must be legit CORP with SSN Or EIN please DBA accepted. #iparkmusic #funds #corona #coronavirus #help #love #life @… https://t.co/dPIikunOUY,0.05,april12_april13
163,1.249222037983441e+18,"#april2020 #stayhome #corona #covid19 @ Texana Plantation, Richmond https://t.co/ptekQz5oNQ",0.0,april12_april13
164,1.2492223285815337e+18,"Happy Easter 🐣 @ Corona, California https://t.co/5XItzvJMea",0.4375,april12_april13
165,1.2492247192174264e+18,"This whole Corona Crisis got me really really stress and exhausted. Praying this whole thing ends soon.
.
.
.
#love #frontliners #photooftheday #me #instamood #cute #igers #picoftheday #nurselife #guy #beautiful… https://t.co/8LOoDRKKxI",0.0,april12_april13
166,1.2492247921647084e+18,"Don’t forget to stay clean and safe!! #dbz #clean #corona #virus #covid #dragonballz @ Sarasota, Florida https://t.co/Wemp93OFiM",0.375,april12_april13
167,1.2492250499256566e+18,🏠 RT @Fresssed: Yo corona I’m telling you right now there’s no way I’m staying inside when it’s July/August and 80 degrees I’m sorry,0.43333333333333335,april12_april13
168,1.249231644176855e+18,"Lemme see YOURS...
#corona #easter2020 #outfits @ Los Angeles, California https://t.co/BNq7PlYjgp",0.0,april12_april13
169,1.2492319900473795e+18,My corona-free activity for today!🧗🏻‍♀️🙌🏻 #sundayhike @ Rattlesnake Mountain https://t.co/xnyQPTHzv4,0.0,april12_april13
170,1.249232056737022e+18,"🇺🇸 US

10 day forecast of 50,164 dead. This wave may last 122 days and see 8,571,536 cases and 120,002 deaths. Cases double every 6.5 days.

❤️ Every Life Counts, Pls #StayAtHome

🏥: https://t.co/an5Q5LWRAu
📈: https://t.co/c0cjARzST8",0.35,april12_april13
171,1.249232672695685e+18,Corona Out Every Where 🧑🏾‍🔬😷😈🤟🏾 @ Area 51 https://t.co/zg2CpqaOdv,0.4,april12_april13
172,1.2492352348114493e+18,"Potato latkes topped with homemade applesauce.
.
.
.
.
#latkas #potato #applesauce #homecooking #easterdinner #easter #food @ Corona, California https://t.co/Okpo25SqT0",-0.06666666666666668,april12_april13
173,1.2492356267985265e+18,"Fighting COVID 19, Happy Easter 🐰🐇 @ Corona, California https://t.co/D412M2zPt6",-0.06666666666666668,april12_april13
174,1.2492360884446618e+18,"What many people are feeling during this Quarantine‼️ 🎼🎶🎤🎹#DazzlingDanette #PerformerLife #AEA #CovidCut #Corona #ThanksToHealthCareAndEssentialWorkers #HealingPowerOfMusic @ Jersey City, New Jersey https://t.co/CKzJIw31l1",-0.06666666666666668,april12_april13
