,id,tweet,sentiment,date
0,1.3256563718790554e+18,"USGS reports a M1.89 earthquake, 6km NW of Corona, CA on 11/9/20 @ 9:21:30 UTC https://t.co/AvYvlCqvru #earthquake",0.005555555555555536,november9_november10
1,1.3256600529974764e+18,@FortyUter @okeIIeykm Why are we on day 200 of a 14 day lockdown? 😭,0.0,november9_november10
2,1.3256610083592888e+18,"Thanksgiving Dinner Safety Tips During Covid: Public health officials urge families to keep celebrations small, avoid mixing households and open the windows. https://t.co/BKyg3afhSy (vía NYtimes) https://t.co/VTz9f2wVu7",-0.36603515625,november9_november10
3,1.3256900763203297e+18,"1.9 magnitude #earthquake. 4 mi from #Corona, CA, United States https://t.co/fFKBxrO35t",0.5,november9_november10
4,1.3256929602693325e+18,A little pandemic doesn’t stop these actors from doing some brilliant work @theactorscircle. #Actor #Actors #Actress #Actresses #ActorSlife #ActorsOfInstagram #ZoomActingClass @ The Actors Circle https://t.co/8dsugdauIt,-0.18229166666666669,november9_november10
5,1.3257097634563645e+18,"#fall #hotpink #whiteplains #timeforacoolchange #pandemic @ White Plains, New York https://t.co/mdUjsZcGpn",0.06818181818181818,november9_november10
6,1.3257120877298606e+18,"Day 235/72 to inauguration: lazy Sunday dinner. #bepatient #wearamask #breathe #bekind #dinner @ Scotch Plains, New Jersey https://t.co/YG65Wed5dj",0.0,november9_november10
7,1.3257128647668163e+18,"1.9 magnitude #earthquake. 6 km from ##Corona, CA, United States https://t.co/2pHASd5V7N",0.0,november9_november10
8,1.3257200739029565e+18,"Right before I found out our whole office has ✨corona✨but those that aren’t sick still have to go to work 🙃 @ McKinney, Texas https://t.co/8ZUJLtNIbl",-0.2333333333333333,november9_november10
9,1.3257203714636554e+18,"Register now at https://t.co/uP9whFjysB 

Due to Covid-19  space is very limited.

Tuesday &amp; Fridays  6:00 pm to 7:15 pm
Cost: $85 / Month

#iamlegacyvbc #legacyvbc @ Bronx, NY https://t.co/ttBuDcdmi5",0.0,november9_november10
10,1.3257206949955092e+18,"All of a sudden there's no covid???? 
Super Spreaders, Hypocrites 

Reposted from @wearebreitbart #biden #bidensupporters #washingtondc #election #2020Anne M. Johnson @ Mulberry, Florida https://t.co/5vwiq37x86",0.0,november9_november10
11,1.3257308574878024e+18,"A 1.9 magnitude earthquake occurred 3.73mi NW of Corona, CA. Details: https://t.co/kbEXe5w2HV Map: https://t.co/7rSy0efqlR",0.0,november9_november10
12,1.3257358860976742e+18,@tate28 I think it’s bc they think sports are easier to regulate (testing) vs private events. Maybe? Idk I’m just glad I’m not on any covid task force 😅,0.12878787878787878,november9_november10
13,1.3257393939029934e+18,@okeIIeykm It’s honestly not that hard. It’s not fun but not the end of the world. The point is to keep hospitalizations and infections low not to eliminate covid.,0.0,november9_november10
14,1.3257443899440374e+18,"Just posted a photo @ Corona, California https://t.co/h3ZaJPaJNT",-0.07500000000000001,november9_november10
15,1.3257510246660424e+18,"My #3dprinting set up.  #hobby #socialdistancing #sunday #teampixel #pdx @ Tigard, Oregon https://t.co/0XyUNxW3Mi",0.4375,november9_november10
16,1.3257547421657907e+18,This is me on the moon not impressed... Oh! No.. I'm not really on the moon! It's just a filter! I'm not trying to get moon covid!!! That shit is green cheesy! @ Byberry Asylums https://t.co/bKOclK68QO,0.0,november9_november10
17,1.3257550681808036e+18,“Except for Championship Games” they always throw in the most bullshit exceptions and we wonder why our spread continues. https://t.co/KgkB48VoXK,0.0,november9_november10
18,1.32575602895317e+18,Spice up your Holiday with Corona,-0.08333333333333333,november9_november10
19,1.3257584965336023e+18,"Its COVID outside.. but who's HUNGRY?! I AM.
Hard work PAYS OFF! #newsinglecomingsoon #whenimwithyou #ericleearmy #homestudio @ Omaha, Nebraska https://t.co/aNaViBS2cP",0.4,november9_november10
20,1.325759924966744e+18,"Sumtimes U gotta eat with ya family .....  @tnomusic 📸 @gr00ve___  #family #food #losangeles #photography #lit #lifestyle #quarantine @robinsjean jacket still flee @ Los Angeles, California https://t.co/4Tr4RD4zEY",-0.1125,november9_november10
21,1.3257599282087977e+18,"Ya we #Wierd but what you call #Normal and by your words and actions......
You mutha fuckas faker than a #3DollarBill @ Corona, California https://t.co/zTpc6Uj51M",0.1,november9_november10
22,1.3256577679574262e+18,Soo maybe not a statewide lockdown?  Is that what @GovTimWalz  said?,-0.0761904761904762,november9_november10
23,1.325660647799976e+18,"WFH Day 151: Ye by @kanyewest 

#workingfromhome @ Perry Hall, Maryland https://t.co/a7WNhMaHYL",0.3787878787878787,november9_november10
24,1.3256688258288763e+18,"Ah, the trappings of Fall: cool mornings, changing leaves, self-administered COVID-19 tests that make you sneeze... @ Joseph B. Martin Conference Center at Harvard Medical School https://t.co/z5FHqTWHnz",0.0,november9_november10
25,1.325669022218793e+18,"Posting again that Crossroads is closed today 11/9  in order to be extra cautious. Please visit this link for the full letter. https://t.co/6BQeUCauoE. @ Rotterdam, New York https://t.co/iTWv8E7ycc",0.0,november9_november10
26,1.3256766991079465e+18,DMU faculty rise to the challenge of teaching anatomy amid a pandemic https://t.co/1cMS441WAz via @DesMoinesUniv https://t.co/g24emKvsRO,0.0,november9_november10
27,1.325678152635482e+18,"Bloomfield Pulse Condolences to all of the families 

Essex County Coronavirus Cases
Updated: Monday, November 9, 2020

#07003COVIDUPDATE @ Bloomfield, New Jersey https://t.co/dG3KZiaqi2",0.0,november9_november10
28,1.3256900763203297e+18,HOW TO STAY HEALTHY OVER LOCKDOWN  https://t.co/Q0KwpYmav5,0.5,november9_november10
29,1.3256948206319124e+18,After election stress Covid19 and dealing with financial stressors the gym once again gas saved my sanity but wow do I need motivation these days!# fukcovid #needMykonos #needaparty https://t.co/kO3m521GQf,0.0,november9_november10
30,1.3256986559621407e+18,"This job might be a great fit for you: Community Health Nurse - Covid 19 Response https://t.co/1qiVGSwK8i Polson, MT",0.2,november9_november10
31,1.3257206949955092e+18,"Barnes &amp; noble, social distancing by squeezing you much closer together while trying to check out. You guys really need to work on this.
@barnesandnoble @ Doctor Phillips, Florida https://t.co/aSAIVxvVAx",0.0,november9_november10
32,1.3257291058249032e+18,These things are amazing! The water stays hot all day long! #amazonfind #Igloo #igloosafety #washyourhands #safetyfirst #covid19safety #doingourpart @ Great Lakes Pet Fencing Inc https://t.co/AHZBzSp2gU,0.11666666666666667,november9_november10
33,1.3257308574878024e+18,"Back on the board - for now. #secondwave #covid_19 #orlando #florida #eventproduction #sound #stopthespread @ Orlando, Florida https://t.co/8uRw2DQ9yo",0.0,november9_november10
34,1.3257318629632164e+18,"Ready to rock the parks, pandemic style! 🤘✌️ @ Kidani Library https://t.co/zllG1ezG83",-0.25,november9_november10
35,1.3257393939029934e+18,"Pfizer’s #CoronavirusVaccine is more than 90% effective in first analysis, company reports, sending stocks soaring.

Note: as #LyingTrump takes credit for it, THIS #Vaccine received NO MONEY or BACKING from #AntiVaxxTrump. This was THAT German-funded one

 https://t.co/63PgIQcfeC",0.0,november9_november10
36,1.325739965058343e+18,Thanks Joe. https://t.co/CEx7YA75tO,0.0,november9_november10
37,1.3257443899440374e+18,"It’s a great day to be ALIVE!!!! Vaccine is MORE than 90% Effective. Stage 3 Trials COMPLETED!!!!!  Thank YOU PFIZER ❤️ @ Menomonee Falls, Wisconsin https://t.co/apfsJSdMAJ",-0.07500000000000001,november9_november10
38,1.3257459310363197e+18,Starting the week refreshed 🎥 🔊Sneek peek of our latest quarantine project🍷 Full version on the site 🖤 @ Perretti Photography https://t.co/FxaVBPvOWf,0.2226190476190476,november9_november10
39,1.3257463053569843e+18,Monday morning Covid testing at The Masters. In line with two former Masters Champions 👋🏾 @ Augusta National Golf Club https://t.co/BlNiYon9xu,0.17857142857142858,november9_november10
40,1.3257495060597555e+18,My catsistant doing the observing from a distance. 😻💪🏾🙏🏽💯 #catsofinstagram #kittensofinstagram #socialdistancing @ Gaps Solutions https://t.co/YkUOcQMbIk,0.0,november9_november10
41,1.3257510246660424e+18,"Dow Jones Industrial Average futures were up up about three hundred points. Now they're up 1500. Because of vaccine information? @ Los Angeles, California https://t.co/QcplgCGvS4",0.4375,november9_november10
42,1.3257550681808036e+18,Donald Trump Jr. Suggests COVID Vaccine News After Election is 'Nefarious' https://t.co/iSfURk7r5M (vía TMZ),0.0,november9_november10
43,1.32575602895317e+18,"Covid sucks!!!! #carnival #carnivalelation @ Vidalia, Georgia https://t.co/nMsb1Y4XTj",-0.08333333333333333,november9_november10
44,1.32565637080107e+18,"#recess #aboyandhisdog 🐾#homeschooling Impossibly beautiful Monday! 🌝🌻 @ Quaker Hill, home https://t.co/P8dYpQwYlV",0.1,november9_november10
45,1.3256589179642798e+18,"Happy Monday! #1 or #2?

#goarmy #goarmyreserve #choosearmyreserve #wyw #whatsyourwarrior #getsome #letsgrind #armystrong #armyreservestrong #usarec #usarecfamily #newadventures #covid_19 #covidhair https://t.co/XSM6BSoWpG",0.8,november9_november10
46,1.325660647799976e+18,"The Digital Nomads Did Not Prepare for This: They moved to exotic locales to work through the pandemic in style. But now tax trouble, breakups and Covid guilt are setting in. https://t.co/A3gbzvgo90 (vía NYtimes) https://t.co/NT9noMbBpU",0.3787878787878787,november9_november10
47,1.3256610083592888e+18,Happy Monday don’t give me any ideas lol 😂 just kidding so this is my biggest fear and almost glad to be working from home. @ Left Brain Productions LLC https://t.co/MWzZTVmalr,-0.36603515625,november9_november10
48,1.3256674563718717e+18,"We are opening 11-11-2020 at 3700 Matin Way East, Olympia Wa 98506. Hours 10-5  during Pandemic 800-303-2454 @ TREASURE CHEST https://t.co/hWczthWXCq",0.5,november9_november10
49,1.325669022218793e+18,"Wedding set up in a very rustic barn at a time before COVID-19. “Those were the days my friends we thought they’d never end” @ Danbury, Connecticut https://t.co/qRcQroMK7J",0.0,november9_november10
50,1.3256690829857628e+18,"#Follow us all month long as we highlight #college #prep #programs!!

#online #edtech #education #charity #community #leaders #innovation #future #class #kids #learning #highschool #children #students #steam #school #teachers #stem #skills #program #homeschool #afterschool https://t.co/v60Sf1gSj6",0.0,november9_november10
51,1.3256702603814257e+18,"#virus #covid #economy 
#PresidentBIDEN @ United States https://t.co/iEHo272YrF",0.25,november9_november10
52,1.325678152635482e+18,"Looking for a fun social distancing activity for the weekend after Thanksgiving? Well here's a great idea! Come one Come Alllllll! @ Columbus, Ohio https://t.co/nVN0WYiGFt",0.0,november9_november10
53,1.3256986559621407e+18,"I maynot be home for Christmas because of COVID-19, but I am bringing home to Portland. Just got reliable supply of #unga for #sima and #KenyanTea from Amazon.
#mbuzichoma ni lazima sasa. @ Hillsboro, Oregon https://t.co/CbJXx2LUaj",0.2,november9_november10
54,1.3257002394461184e+18,Quarantine Day 242 (@ The Acres in MI) https://t.co/TRIKCzqO7s https://t.co/BW2yFYT2IP,0.25,november9_november10
55,1.3257009145989816e+18,See you tomorrow for this @cnbc event. Speaking with execs from Splunk and Autodesk and exploring data strategies to thrive during the COVID crisis and well after. Visit https://t.co/DsfW3B4Owp to register for this event. https://t.co/adKZYNoPfK,0.325,november9_november10
56,1.3257009123466568e+18,First time working from home! Hella flex! ✌️💪🏾 #work #worklife #instagood #texas @ Loos Field House Stadium https://t.co/ocsNLHBEMo,-0.0625,november9_november10
57,1.3257018028436603e+18,It’s another Monday. And another #rooftop #brooklyn #workout sporting the #argyle #socks #socksofinstagram #legs #shameless #whosyourcrabby #thisguy #wholovesyou #thatguy #wearamask @ Prospect Heights https://t.co/hvz3cTFf5o,0.16666666666666666,november9_november10
58,1.3257039330803302e+18,"COVID precautions in place!  Make an advance table reservation to ensure your seat. @ Tucson, Arizona https://t.co/i1IUqgTc2b",0.0,november9_november10
59,1.3257067083212308e+18,"""The sidewalk behind the westbound muni tunnel from pink triangle park to the northeast corner of diamond street is filthy with garbage, poop, vomit and broken glass"" (Corona Heights, D8) https://t.co/0LtUKntBSy https://t.co/HjX9PkNoAn",0.0,november9_november10
60,1.3257082797297623e+18,Please Share! And yes we can do take out alcohol during the pandemic! Must have i.d. Even for Back Alley drive thru @ PORT CITY UNDERGROUND Restaurant &amp; Lounge https://t.co/ZyfJ5NDoDC,0.25,november9_november10
61,1.3257108456875581e+18,"TODAY'S PHOTO: "" PANDEMIC EFFECT/ NoTel NYC"" @ 9th Avenue&amp;42nd Street https://t.co/Bp0Ak8BmiR",0.0,november9_november10
62,1.3257120877298606e+18,Vaccine News Strikes Blow to Safe Haven Assets; Potentially Impacting Bitcoin https://t.co/F24j0jBdrN https://t.co/5SJgk0QyFk 🤑 #Crypto #Trading #BTC,0.0,november9_november10
63,1.3257200739029565e+18,"Wear the damned mask 😷!!!  #covid   #washhands @ New York, New York https://t.co/clAKctZ60j",-0.2333333333333333,november9_november10
64,1.3257203714636554e+18,Ben Carson tests positive for Covid-19 - https://t.co/DUl9a2avuf,0.0,november9_november10
65,1.3257244530331607e+18,Conference Minister Rev. Bill Lyons' latest recommendations to churches re: COVID-19  https://t.co/ShCzTRcHyd,0.6428571428571428,november9_november10
66,1.325726470896046e+18,"It’s a tough time to be a kid if you really love going to school. Trying to cope with the bad news we got today; school will be shifting to distance learning through 11/30. #GoneFishin #COVID19 @ Fulton, Missouri https://t.co/JLsGwEupTN",0.3949494949494949,november9_november10
67,1.325727172129149e+18,Have A Blessed Positive Colorful Week! Positive Days Ahead Still Stay Prayed Up!! #positivevibes #staysafe #wearamask #positivequotes #leruzlarosequotes #leruzlarose #blessingsuponblessings @ Boogie Down Bronx https://t.co/NOl3YB9hFm,0.1,november9_november10
68,1.3257308574878024e+18,dis that splah. 💧❄️| been wasn’t f*n w n*s before corona. @ The Wharf https://t.co/Y0SG6zM0YX,0.0,november9_november10
69,1.3257309337988915e+18,"Be careful out there family, numbers are going up and as the weather cools there will be less outside activities. Pray, wear a mask, wash your hands and pray some more. #CovidCautions #SlowtheSpread https://t.co/7wJ7h1BPHo",0.0,november9_november10
70,1.3257318629632164e+18,"Vaccine proven 90% effective in phase 3. Talking about it at 3pm. https://t.co/7I0ZMdi5VR #covid #vaccine #pfizer #biontech #youtube @ Philadelphia, Pennsylvania https://t.co/gIThNZVI8T",-0.25,november9_november10
71,1.3257358860976742e+18,"NOTICIAS #COVID19 en New York City, N.Y. https://t.co/AomQ2PSBVg",0.12878787878787878,november9_november10
72,1.3257381288968233e+18,"Sergio Garcia Tests Positive for COVID, Withdraws from The Masters https://t.co/dFqV7ffEH2 (vía TMZ)",0.6666666666666666,november9_november10
73,1.325741873734955e+18,"I've had my head in the clouds lately. 

Lunar photography has always been a dream, quarantine has helped make it reality. @ Downtown Durham https://t.co/7LuHi2aL8j",0.25,november9_november10
74,1.3257452085673697e+18,"Revised picks what with #sergiogarcia @joaco_niemann NIEMANN pulling out with #covid_19 @ Augusta, Georgia https://t.co/IJ4tYpWNzQ",-0.05,november9_november10
75,1.3257463053569843e+18,"Makes sense, reduce risk...

CDC study advises working from home when possible to reduce spread of coronavirus - https://t.co/DEuV0MQ2ER",0.17857142857142858,november9_november10
76,1.3257474922652303e+18,"S/O @troubleman31 &amp; @majorgirl pulling up @2chainz #quarantine thick #brunch @_breakfastatbarneys yesterday! 
#atlanta #atlantaphotographer @ Breakfast At Barneys https://t.co/AaMqZ9BaRO",-0.1,november9_november10
77,1.3256566791329137e+18,"🤔...Are you suffering from COVID Face 

Purchase all of these products now:
https://t.co/ylWQpRlOa2 @ Allure Beauty Lounge https://t.co/1n7lVpb8Xe",-0.05,november9_november10
78,1.3256582411461345e+18,"Talk about social distancing at a wedding 
#2020 #wedding #nashville #socialdistancing #suitandtie #calvinklein #michaelkors #mkwatch #johnstonandmurphy #jm #guero @ Lebanon, Tennessee https://t.co/WMTtKWDzzu",0.03333333333333333,november9_november10
79,1.3256596936085258e+18,💤 Quarantine Dreams #hocoweek #wchs #pajamasallday @ Ware County High School https://t.co/1WhY9cIe7Y,-0.05681818181818182,november9_november10
80,1.3256600529974764e+18,LCHD reports three COVID-19 related deaths over the weekend  https://t.co/OOIcifOsdt,0.0,november9_november10
81,1.325660647799976e+18,"SOCIAL DISTANCING DAY 224. Gotta remember to look up, part 2. #autumnalmanac #ayellowwood #rising #indiansummer #rustling #rustlingleaves #suchprettydays @ Noblesville, Indiana https://t.co/KKolH8Uoar",0.3787878787878787,november9_november10
82,1.3256610083592888e+18,Peru President Is Impeached by Congress: The vote to remove President Martín Vizcarra comes amid a devastating coronavirus pandemic. It was unclear if he would acknowledge the vote as constitutional and step down. https://t.co/K6drH4Gl8V (vía NYtimes) https://t.co/hOrMiX3EE0,-0.36603515625,november9_november10
83,1.3256622862462566e+18,Do you even know #SquadGoals until you take a covid test to spend 5 hours huddled around a dying fire in 60 degree winds for golden hour photos? ☀️ @ Cielo Farms https://t.co/rxDqtzfpKM,0.0,november9_november10
84,1.3256641126054912e+18,This damn covid sickness is getting in the way of me throwing my new disc! @ Home!!! https://t.co/Y6BSUsm964,-0.07777777777777779,november9_november10
85,1.3256674563718717e+18,"COVID-19 update @ Manhattan, New York https://t.co/XTP52W2Ga6",0.5,november9_november10
86,1.3256688258288763e+18,Lenoir County announces three more Covid-19 related deaths  https://t.co/Yfx6kexr5M,0.0,november9_november10
87,1.3256702603814257e+18,Just posted a video @ Quarantine https://t.co/O04PZl0bk1,0.25,november9_november10
88,1.3256713417107333e+18,"Wear a mask! #NYC #pandemic #nycphotography #covid_19 #NewYorkTough #MonaLisa #LaGioconda @ New York, New York https://t.co/7eYIW9iUDZ",0.0,november9_november10
89,1.3256766261310792e+18,Corona NY Mon Nov 9th PM Forecast: TONIGHT Partly Cloudy Lo 31 SATURDAY Sunny Hi 41,0.13333333333333333,november9_november10
90,1.3256766991079465e+18,"Roger Ryman, a ‘Real-Life’ Cowboy From Nebraska, Dies at 70: After working summers at the family ranch, he decided to saddle up as a job, turning to selling real estate later in life. He died of Covid-19. https://t.co/LRg1wQsgBs (vía NYtimes) https://t.co/D3XGxV971S",0.0,november9_november10
91,1.325680303138988e+18,"Dim Sum Lunch Date with Lola Lita! 
Keeping it safe outdoors in this COVID life haha! @ The Villages Golf &amp; Country Club https://t.co/zORYTgykv8",0.0,november9_november10
92,1.325681983859536e+18,"11/2 to 11/8 negative for Covid. Today, mandatory test again. Help me God. @ Los Angeles, California https://t.co/dkcYrn6Iym",0.18333333333333326,november9_november10
93,1.3256900763203297e+18,And that’s a wrap on the 2020 Fall sports season. Congratulations to all the teams for making it through the COVID season! You all did a great job with new protocols and COVID rules. @ Bensalem High School https://t.co/2DZPrThhbZ,0.5,november9_november10
94,1.3256929602693325e+18,"#boots on the #ground or the #tip ? #bike #lane #blues #photooftheday #socialdistancing #roadtrip #2020 @ Boise, Idaho https://t.co/fl8bdN5Maa",-0.18229166666666669,november9_november10
95,1.3256948206319124e+18,"COVID-19 update @ New York, New York https://t.co/KUGkWyeTfs",0.0,november9_november10
96,1.3256986559621407e+18,"Now isn’t this some AWESOME news...

https://t.co/Zft2qMKfSw 

  . @ New Windsor, Illinois https://t.co/BrdecTuOvQ",0.2,november9_november10
97,1.3257002394461184e+18,#Psychobilly #Rockabilly #Surf TODAY!! 6-8pm EST #Whfr.fm Pre-Covid recap &amp; new music from #DiabloRecords #Doyle&amp;theRejects - listen LIVE today at -&gt; https://t.co/AYv8jcTjzd @ 89.3 https://t.co/u0jefNGcob https://t.co/qSxcuB5iB9,0.25,november9_november10
98,1.3257009123466568e+18,"Mindful Mondays...after spending 5 days in my bed due to an illness, it was refreshing to get some fresh air this evening. No, I  don't have COVID. #sexynpdb @ Louisville, Kentucky https://t.co/r0oqFrlzoK",-0.0625,november9_november10
99,1.3257039330803302e+18,AP:  Yellowstone County may see new restrictions as COVID spreads https://t.co/pkuAR9YR4u,0.0,november9_november10
100,1.3257082797297623e+18,"#happybirthdaynorman #106years #youngatheart #hemarriedus #normanlloyd #amazing #love #wearamask #keephimsafe #nationaltreasure #sabateur #hitchcock #2013 #ourwedding @ Beverly Hills, California https://t.co/LUuwWjaaQk",0.25,november9_november10
101,1.3257097091067003e+18,Shout out to @sleightofhandbarbers and the amazing @crackerjaxs for the boys fabulous new haircuts and the reassuring Covid safety protocols. We love the way they’re handling things. @ Sleight of Hand Barbers https://t.co/5WRYAMPITV,0.0,november9_november10
102,1.3257097634563645e+18,"Covid test site (@ USD E-Waste Collection Center in San Diego, CA) https://t.co/jDSoUl0Et3",0.06818181818181818,november9_november10
103,1.3257120877298606e+18,@PadmaLakshmi They would die under Communist Bernie AOC I mean Jill Biden opps Joe Biden as well moron.  Deaths in a pandemic is like sand in your ass crack after laying out on a beach towel at the damn beach..,0.0,november9_november10
104,1.325714563099218e+18,Health Officials Urge Caution Amid Alarming New Surge in Coronavirus Infections https://t.co/YB89sVxZtL #sanjose #california #bayarea #sanfranciscobayarea,0.03500000000000001,november9_november10
105,1.3257166219110564e+18,"Bummed COVID didn’t allow for a Dark Lord Day festival this year and some rocking out to Goatwhore.  Excited to score some of the goods still though!  @3floydsbrewing #darklord #3floyds @ Texas Corners, Michigan https://t.co/Vr7GbQlodM",0.0,november9_november10
106,1.3257200739029565e+18,New job posting: COVID-19 Lead Case Investigator (Ski Areas and Resorts)- Public Health https://t.co/o86SOL0stx,-0.2333333333333333,november9_november10
107,1.3257203714636554e+18,Only in 2020 you’re risking your life asking someone to put on a mask. https://t.co/eHV8K8zDLY,0.0,november9_november10
108,1.3257204584744264e+18,Had a COVID test for an upcoming gig and it was in Santa Monica 🥳 Once again I wonder why I don’t visit the beach every week. #sunset #beach #la @ Palisades Park https://t.co/oOYYymCEmU,0.75,november9_november10
109,1.3257206949955092e+18,"The Westmont women’s swimming team, competing in a virtual meet on Saturday because of the pandemic, finished second out of four colleges. @ Westmont College https://t.co/xyEZNZoYTW",0.0,november9_november10
110,1.3257251969431962e+18,Nice sign @paesanossa 👍 #covid #covidsigns #sanantonio #texas @ Paesanos Lincoln Heights https://t.co/0eCZgVYUqA,0.23295454545454544,november9_november10
111,1.3257251980588892e+18,"Mitch McConnell,Vaccine, Stock Market: Your Monday Evening Briefing: Here’s what you need to know at the end of the day. https://t.co/O1aF42zNC6 (vía NYtimes) https://t.co/nXVLXDLOOt",0.0,november9_november10
112,1.3257257045000724e+18,"Are people just walking around breathing, coughing, and sneezing on each other?  I mean, it’s ridiculous.  #StayHome #WearAMask #UseCommonSense #ParadiseWaits #StaedyHandBeer - Drinking a Paradise Waits IPA @ The Plaza Midtown - https://t.co/1KDcAez5f4",0.375,november9_november10
113,1.325727172129149e+18,"Before COVID when everythin was good &amp; wutless 😈 @ Miami, Florida https://t.co/Mpbpre1f3K",0.1,november9_november10
114,1.325730481032192e+18,"Pandemic Reaches Grim Milestone as Biden Moves to Take Charge: With average new infections totaling 111,000 per day, President-elect Joseph R. Biden Jr. is confronting a coronavirus pandemic that is surging out of control. https://t.co/yBwFtdCmhu (vía NYtimes) https://t.co/ookZMZVlM1",0.030000000000000006,november9_november10
115,1.3257308574878024e+18,"At 1:30 PM MST, 28 SE Corona [Lincoln Co, NM] OTHER FEDERAL reports NON-TSTM WND GST of M60 MPH https://t.co/RtD2xhTOAu",0.0,november9_november10
116,1.3257318629632164e+18,11 Things You Need to Know About Pfizer's Covid Vaccine: What’s the big deal? Was it part of Operation Warp Speed? When can you get one? https://t.co/v61rg07ZQw (vía NYtimes) https://t.co/m9PQABtUmv,-0.25,november9_november10
117,1.3257393939029934e+18,"Just posted a photo @ Corona, California https://t.co/wYgdz5wlWB",0.0,november9_november10
118,1.325741873734955e+18,"Never been to SE OK before, this area is beautiful. Having a great time social distancing with my sweetie. @ Beaver's Bend State Park, Broken Bow, OK https://t.co/dvfy2xrsx8",0.25,november9_november10
119,1.3257453459015557e+18,"These are some of the diverse and female faces of the new Transition COVID-19 Advisory Board. Finally real leadership to deal with this pandemic. Finally. @ Teaneck, New Jersey https://t.co/NeELavUFXi",0.15625,november9_november10
120,1.3257474922652303e+18,"I’m sorry, it’s called what https://t.co/6W7fpCAwza",-0.1,november9_november10
121,1.32574820274688e+18,NEWS 11/09/20 Mon: MSM Pretends It's Over; Covid Vaccine and Control  https://t.co/edJWyt8i7R,-0.10892857142857144,november9_november10
122,1.3257495060597555e+18,"Pastor Jose opening this morning's prayer breakfast at Christian Life Center in Florrisant. Annual tradition, altered bit not scuttled by the pandemic. @ The Christian Life Center https://t.co/sfjxUncVhu",0.0,november9_november10
123,1.3257510246660424e+18,"Wear a damn #mask and #staysafe home. The #holidays are not worth causing #superspreader events. #stayhome @ Austin, Texas https://t.co/6sFcSNjyZ4",0.4375,november9_november10
124,1.3256563718790554e+18,Seems like I can’t come here without seeing someone who can’t wipe down machines... #superspreader #covid #smh #gymlife @ The Sports Mall https://t.co/UCqWPgTA16,0.005555555555555536,november9_november10
125,1.3256566791329137e+18,"That's right! Mask up! Jeff knows what to do! 
#awesome #maskup #masks #ppe #waterloo #maskon #masks4all #maskpeople #IA @ Wilber Auto Body and Salvage https://t.co/0YW8bLSrdS",-0.05,november9_november10
126,1.3256582411461345e+18,@carmelelempto @carmelclayschools @angiecrowehenk love that is #ceartist had her #onepointperspective artwork on #display for #ceartists #loveteachingart #artteachersofinstagram #covid_19 #november #2020 #elementaryart https://t.co/fmJLkLfynS,0.03333333333333333,november9_november10
127,1.3256589179642798e+18,Two #masks and two #gloves #ppe old souls #washingtondc @ Washington D.C. https://t.co/2dhXMwVXJe,0.8,november9_november10
128,1.3256600529974764e+18,"Hey @burmahhh why is @christen_michellex3 bird.... I mean cird throwing up #BigCs. But I #Respect its #Crippin. #CirdGang ..... #bluefacebaby @ Corona, California https://t.co/z3ImxYdR6M",0.0,november9_november10
129,1.3256610083592888e+18,The Great Cut of 2020. Video and before and after pictures. We’re still on double secret lockdown but I’ve almost choked to death on her hair in my sleep like 5 times so it was due. https://t.co/47Q0Yc2HQL,-0.36603515625,november9_november10
130,1.3256622862462566e+18,Double birthday in a quiet little outdoors restaurant. Food was delicious and we got a blue #N95 mask! #cafeameci #beverlyhills #socialdistancedancetogether #birthdaydinner #safedistance @ Cafe Amici https://t.co/DMvzzNHE6p,0.0,november9_november10
131,1.3256641126054912e+18,#Covidhaircuts covid safe environment tons of space and super clean #mengrooming chop it off #barber of Madison Ave. #Ilovehair fun times @sahagworkshop 💈💈💈💇🏼✂️✂️✂️✂️ @ John Sahag Workshop https://t.co/H2kq8lLnrP,-0.07777777777777779,november9_november10
132,1.3256688258288763e+18,"After covid-19 and being a student I just stopped getting my haircut. I saw Floyd Mayweather Jr get a razor fade on HBO 24/7 after that I wanted the same. @ Phoenix, Arizona https://t.co/bC68Y4jeEO",0.0,november9_november10
133,1.325669022218793e+18,"Cheer up, gun manufacturers, at least one or two of those guns will be used in mass shooting events, which always send gun sales soaring in their aftermath. https://t.co/Uuk4lfTGhs",0.0,november9_november10
134,1.3256690829857628e+18,Just posted a photo @ Corona del Mar https://t.co/cDAltjR249,0.0,november9_november10
135,1.325674226032898e+18,"COVID-19 update @ New York, New York https://t.co/947LyKZa1w",0.35625,november9_november10
136,1.325678152635482e+18,#thereyougo congratulations to the amazing @greenwoodproductions on another #missusa in #2020 #covid19 #pageantpride #pageant #mississippi #USA #bgjphotography @ Elvis Presley's Graceland https://t.co/lKw1KgzukL,0.0,november9_november10
137,1.325680303138988e+18,"COVID-19 update @ Queens, New York https://t.co/w42s5Fmqrk",0.0,november9_november10
138,1.325681983859536e+18,"Social distancing. 541/... - Drinking a Schillhammer by Flying Machine Brewing Company @ Dunwoody, GA  — https://t.co/ejNO56vInE",0.18333333333333326,november9_november10
139,1.3256929602693325e+18,"When you just got home from work, tired, stressed ... how could you be grumpy with this face? Look at that tongue! He’s so happy! #wannaplay #corgi #corgigram #corgisofinstagram #corgilife #corgilove https://t.co/bZzmPTPAsZ",-0.18229166666666669,november9_november10
140,1.3256948206319124e+18,"What’s been your 2020 Quarantine game of choice this year? What’s your 2020 Quarantine Forgotten Boardwalk Beer this year?

📸 : @laalaalaurel @ Cherry Hill, New Jersey https://t.co/cneX2Hsd7x",0.0,november9_november10
141,1.3256986559621407e+18,"🦠💪🏾 My Auntie said she not going back to the #gym until the corona is over!! 🦠 ••• #TAGSOMEONE THAT LOVES THE GYM!! 🤔👀 #gymlife #fitlife #gymlady @ Tampa, Florida https://t.co/p7X6fCv8e8",0.2,november9_november10
142,1.3257009123466568e+18,"Surprise at the end.
.
.
.
#nature #river #hudsonriver #newyork #nyc #nj #newjersey #overlook #water #turtle #boat #boating #barge #kayak #swim #hike #hidden #trail #outdoors #walk #local #socialdistancing https://t.co/bMxRZVM0a3",-0.0625,november9_november10
143,1.3257039330803302e+18,"I spent my last days of 31, and firsts of 32 hiking, golfing, ghost touring, &amp; enjoying historic sites in Saratoga Springs, NY with my Auntie. Such a great trip while still being COVID vigilant. https://t.co/gX8dpGDUPb",0.0,november9_november10
144,1.3257068753174487e+18,My brand new toy 🚴🏼‍♀️. #Liv #livbygiant #ciclying. @ Flushing Meadows-Corona Park https://t.co/BLONe90fkd,0.15,november9_november10
145,1.3257082797297623e+18,"Can you really have to much protection?  #covid_19 #covid @ Longmont, Colorado https://t.co/OtyF0B4Jcw",0.25,november9_november10
146,1.3257108456875581e+18,What a great Monday weather like this in November. Make and Monroe are in town. Special visit my grandpa Benny Social distancing rules were applied sorta. 🤔 #family #grandchildrenareablessing #indy #moe #mae #lifeisgood https://t.co/bdOghhmiAa,0.0,november9_november10
147,1.3257128647668163e+18,"If Hilary had been president the last 4 years (she DID win the popular vote by 3 million, remember?), she wouldn’t have ignored the pandemic response playbook left by the Obama/Biden administration…and we wouldn’t NEED a vaccine, you insufferable fuckwit. https://t.co/HH7KHlxswN",0.0,november9_november10
148,1.325714563099218e+18,"@bitprophet @daringfireball Sight unseen. Not really using my phone that much lately, so I figure worst case scenario I can replace it if and when then pandemic is over.",0.03500000000000001,november9_november10
149,1.3257166219110564e+18,"#FreeWaterHeater (?) #Torpedo? If it’s a water 💦 heater, did Joan Crawford use it?  Does it still work? #FoundArt #RustyArt. @ Corona Heights https://t.co/zbNdprNuHP",0.0,november9_november10
150,1.3257206949955092e+18,"Just another regular day at work 😉💙🙂 ..And remember..just do one thing for everyone  🙂👍 ""wearing mask "" 😷👍
#wearingmaskinpublic 
#wearamask 
#realestateappraiser 
#appraiserslife 
#appraisal 
#appraiser https://t.co/GcyvSWPRvf",0.0,november9_november10
151,1.3257244530331607e+18,"Finally! Thanks for being my lockdown entertainment. You’ve kept me entertained and laughing since May!

@armchairexppod @daxshepard @mlpadman @wobby_wob @ Los Angeles, California https://t.co/8BMnsZoCNZ",0.6428571428571428,november9_november10
152,1.3257251969431962e+18,Day 7 of 10 Mondays for practicing Online Vinyasa Flow Yoga with @amygagneryoga. #namaste #zoomyogaclass #socialdistancing @ Road to Om Yoga Studio https://t.co/DAkf5ZqFGv,0.23295454545454544,november9_november10
153,1.3257257045000724e+18,"exclusively on Facebook via The Covid-19 Karaoke page c/o #CharliesTapHouse and on #TheLegacyTour Update page

#StayHome #StaySafe #StayEntertained #KeepMovin @ Boston, Massachusetts https://t.co/qMLGR5KZrf",0.375,november9_november10
154,1.325726470896046e+18,Things might be looking 🆙 https://t.co/X63qHH595L,0.3949494949494949,november9_november10
