,id,tweet,sentiment,date
0,1.3086298513316127e+18,UCL students and staff will be able to get tested for the coronavirus and declare their own symptoms under new measures announced by UCL https://t.co/FCMftej34f,0.0,september23_september24
1,1.3086305178525123e+18,"Got my bunker lockdown editing game en pointe y’all...more on this very fun project coming soon! @ Outpost Estates, Los Angeles https://t.co/t9FaYfqTZX",0.6000000000000001,september23_september24
2,1.3086371553260708e+18,"Amazing #guitarist @aki_ishiguro_  
#jazzguitar #nyc #pandemic #jazz #jamsession @ Bed-Stuy BKLYN https://t.co/m3VescI48i",0.0,september23_september24
3,1.3086476751521423e+18,"~Lemongrass Hand Soap~
https://t.co/I4zJdFPbRL
#linkinbio 
#snssoapcompany #lemongrass #lemongrasssoap #handmadehandsoap #handsoap #washyourhands #liquidsoap #handmadesoap #loveyourskin #selfcarematters https://t.co/NFn7RsV1dC",0.0909090909090909,september23_september24
4,1.308649031002919e+18,Quarantine shag now beyond ridiculous... #getahaircut #badselfie #oldguyselfie #quarantineshag #quarantineshave #monochrome #blackandwhitephotography #selfportrait #selfiefail #selfie @ Christmas Tree Hill https://t.co/xsAjNxrZSS,0.3,september23_september24
5,1.308649150687441e+18,"Coronavirus: 5 tested positive in Misano, quarantined in Cattolica: Two Dorna technicians and three team engineers, including Jarno Polastri., are all asymptomatic and quarantened  in a hotel. https://t.co/4FMC4RlA3w https://t.co/jLavcMls6M",-0.3333333333333333,september23_september24
6,1.3086582624731382e+18,"Long 9-hour day at work today, but the good news is: My COVID-19 test came back negative!! Woohoo!! (@ Choctaw Casino Resort - @choctawresort in Durant, OK) https://t.co/9EnEaSF4HL",0.0,september23_september24
7,1.308664367567655e+18,"#art #wearamask #vote 
#kellierainesart @ Sacramento, California https://t.co/LszNbj1A3j",0.0,september23_september24
8,1.3086655397330657e+18,Covid-19 testing site in Overall Piedmont Area #traffic https://t.co/FWT2jwReVT,0.0,september23_september24
9,1.308666417986728e+18,"Is that a spaceship?! Goldrush will surely cause some some double takes on its next journey. After some covid related delays, GoldRush is off to Virginia! Very excited to see GoldRush @georgemasonu https://t.co/OyaThguGVf",0.1486111111111111,september23_september24
10,1.3086699026104033e+18,"Hi, this is Coronado beach. 🏝 
(I hope that virus ends soon and vaccines come rapid, bc my wish visit list is increasing) 😅 @ Hotel del Coronado https://t.co/xqxY6bRXSW",0.1,september23_september24
11,1.308672160492335e+18,"Virtual meetings are good, but soon we’ll be able to play covid-responsible golf together. Can’t wait to see all these smiling faces.  Almost there... @ Honolulu, Hawaii https://t.co/RClBDphr8J",0.0,september23_september24
12,1.3086786877102285e+18,"Vote as if your life depends upon it. It does. 
#blacklivesmatter #lgbtlivesmatter  #womensrightsarehumanrights #immigrantrights #globalwarming #covid_19 @ Portland, Oregon https://t.co/eeQEKipgvq",0.0,september23_september24
13,1.308689491217924e+18,Just posted a video @ Corona Barbershop Plus https://t.co/2XYNwxLfQh,0.5,september23_september24
14,1.308691360761942e+18,Happy Covid-19 First Day of Fall 2020!  @myglendale @petco #wearamask😷 #doingmypart #wewillsurvive #savelives #skeletonmask #cooperiscute #coronavirüsü @ Verdugo Woodlands https://t.co/CtYrK3b0IE,0.0,september23_september24
15,1.3086940605598638e+18,"https://t.co/VqHaxVncFM @ Redlands, California https://t.co/kfwCu6PQHa",0.08787878787878788,september23_september24
16,1.3086957804091843e+18,How New Yorkers Found Resolve After 6 Months of Pandemic Hardship: It is not a tale of triumph. Fear persists about what lies ahead. But small transformations have unfolded that reveal the grit and gifts of the city’s people. https://t.co/87skAB1cyc (vía NYtimes) https://t.co/T0P3VYrGIi,0.0,september23_september24
17,1.308624352968151e+18,"WFH Day 120: Ready to Die by @thenotoriousbig 

#workingfromhome #socialdistancing #wearamask @ Perry Hall, Maryland https://t.co/i7L7PReKtF",0.7,september23_september24
18,1.3086274937719808e+18,Great morning with our @tampadayschool families #donuts #breakfast #yum #connecting #socialdistancing @ Tampa Day School https://t.co/RCZoqSiDEH,0.0,september23_september24
19,1.3086298513316127e+18,Just posted a photo @ Flushing Meadows - Corona Park https://t.co/jRcnYbuUPw,0.0,september23_september24
20,1.3086305178525123e+18,"#Raiders Jon Gruden Says He Had COVID-19 in July, Apologizes for Not Wearing Mask https://t.co/8iN49Pc0YI https://t.co/BcQ9fZajuE",0.6000000000000001,september23_september24
21,1.3086319138344428e+18,"So unnecessary and so sad. Pray for our nation y’all. Servant leadership is desperately needed from the top.
#prayerworks #covid #covid_19 #servantleadership @ Clarksville, Maryland https://t.co/v7XeAbPGPg",0.0,september23_september24
22,1.308632813227438e+18,I find it absurd that nearly 7 months into this pandemic it’s still nearly impossible to find cleaning supplies.,-0.05,september23_september24
23,1.308636722704474e+18,"9.22.2020 
4 New Positive COVID-19 Test Results in Hunt County. @ Greenville, Texas https://t.co/zIzAqR6V1o",0.1,september23_september24
24,1.3086375048039342e+18,Incident on #SouthernStateParkway WB at Exit 15 - North Corona Avenue https://t.co/Z8YLSTdQ9V,0.55625,september23_september24
25,1.3086378335994102e+18,"Cheeky wee lunchtime #espresso to fortify me for an afternoon of #zoom and #teams calls...
.
.
#wfh #workingfromhome @gaggiamilano @lavazzaofficial #coffee #bellabella @ Mia Cucina https://t.co/iYk7K2TSQ9",0.0,september23_september24
26,1.3086382282542572e+18,Incident on #SouthernStateParkway WB at Exit 15 - North Corona Avenue https://t.co/d0kgjkStq2,0.0,september23_september24
27,1.3086402475723612e+18,"Vitamin sea is good for the soul 🌊

#goodmorning #fortlauderdale #morning #coffee #southflorida #florida #september #fall #beach #sun #quarantine #wakeup #love #amazing #beautiful #laborday #lauderdale #covid19 #photooftheday #coronavirus #wednesday #wcw #laudy https://t.co/eAdQaiTr2h",-0.14285714285714288,september23_september24
28,1.3086411755329085e+18,"Fed chairman Jerome Powell told the House Financial Services Committee that the expiration of #CoronavirusStimulus by bloody Republican hands will destroy the U.S. economy.

https://t.co/4zA29C6VRN #Economics #Coronavirus #COVID19 #AllRepublicansHateAmerica",0.0,september23_september24
29,1.308649031002919e+18,Dentist day for Court Court..... the pandemic delayed this appointment by 6 months @ Smile Dental Partners https://t.co/NkDJS9Hpea,0.3,september23_september24
30,1.3086496836113162e+18,while i truly hope covid becomes a distant memory i hope #curbsidepickup does not.  best way to #dineout #dinein at home.  and @crawfordnson is top of the mark in #raleigh 👍#yummy malted wheat rolls🙄 @ Crawford and Son https://t.co/IHwb8XOQho,0.0,september23_september24
31,1.3086541451052646e+18,"New photos with my new camera during #covid_19 #losangeles #headshots @ Los Angeles, California https://t.co/m3o9rE06kL",0.8,september23_september24
32,1.3086567107441828e+18,Covid-19 updates in Overall Piedmont Area #traffic https://t.co/FWT2jwReVT,0.09285714285714283,september23_september24
33,1.3086582624731382e+18,I’ll believe it when I see it. Cuomo’s got the Hamptons to think about https://t.co/HpiArbOLfB,0.0,september23_september24
34,1.3086618275476644e+18,Corona NY Wed Sep 23rd AM Forecast: TODAY Mostly Cloudy Hi 45 TONIGHT Partly Cloudy Lo 31,0.2444444444444445,september23_september24
35,1.3086649069721027e+18,Harvest volunteers @butlerwinery COVID-19 edition. Masked up even in the vineyard! 😷 #harvest2020 #vintage2020 #butlerwineryandvineyards #indianauplandswinetrail #travelthetrail #drinklocallygrownwine #indianauplandsva https://t.co/goVuIj62xQ,0.5,september23_september24
36,1.3086655397330657e+18,Definitely a different bday this year... Happy Covid Year Bday @kellsdiane I still feel lucky to get to spend them all with you. I love you!!! #happybirthday ! @ L &amp; L MarketPlace https://t.co/50bsZIYoDp,0.0,september23_september24
37,1.3086659999280456e+18,"Covid-19 News: Live Updates: Johnson &amp; Johnson plans to enroll 60,000 participants in its Phase 3 trials. Dr. Anthony Fauci and other top U.S. health officials are scheduled to testify to a Senate panel today. https://t.co/gThd7WSvuO (vía NYtimes) https://t.co/5bukGqQyV3",0.0,september23_september24
38,1.308666417986728e+18,Let’s keep each other safe. #WearAMask #UOAP @universalorlando #ScoobyDoo @ Universal Studios Florida https://t.co/LLGEaCZGUS,0.1486111111111111,september23_september24
39,1.308669437378134e+18,Happy Redhead Appreciation Day! #anniethemusical #covid_19 #communitytheatre #theatrekids #redhead 🤩 @ St Petersburg City Theatre https://t.co/UDdhBqujDa,0.0,september23_september24
40,1.308672842947494e+18,"9:30 am work from home break time.  Coworkers surveying the scenery @ Sidneys Grove, Kannapolis https://t.co/EZPm5cQWcW",0.0,september23_september24
41,1.3086786877102285e+18,"What does your business card look like? 

#b2b #socialdistancing #businessowner #businesscard #digitalwallet @ HeartWired Digital Solutions https://t.co/L9XP2n3rTy",0.0,september23_september24
42,1.30867919579981e+18,"Another Explainer Video by https://t.co/FfU3Rq9bPA
COVID 19 CONTRACTORS @ New York, New York https://t.co/wVPfzjTZek",0.06818181818181818,september23_september24
43,1.308679445859963e+18,#goodtimes with @tampadayschool families this morning. We are delighted to have this moment together while #socialdistancing #donuts #breakfast #yum @ Tampa Day School https://t.co/Z5L98uesPL,0.3318181818181818,september23_september24
44,1.3086817682543657e+18,"Every Monday and Wednesday 3 pm - 5 pm .......Until September 30.... Still need Sponsors for Mask, Gloves and Hand Sanitizer ... Cashapp $dthomas188 .. PayPal jazzys145@gmail.com .. Venmo @djpapatrini188 https://t.co/SAMioV9kOV",0.2272727272727273,september23_september24
45,1.308681933698691e+18,"""come Clean up.your toilet San Francisco, your weak and non existent mayor and police chief, hello. your resettled encapment of 4 tents and 8 people sick with covid and dying. the needles, feces and urine, the bottles, and piles of tr..."" (Tenderloin, D6) https://t.co/2C1JixpzjT",0.35714285714285715,september23_september24
46,1.30868279362748e+18,"We Encourage You To Influence Your Direct Circle To Continue To Practice Social Distancing And Stay At Home As Much As Possible Until The Direct Threat Is Gone. #ThinkSmartSAVGA
*
*
Wear The Mask For Your Safety https://t.co/fCqVSUkWix",0.25,september23_september24
47,1.3086830026591887e+18,Homemade cheesecake with farm oven roasted strawberry 🍓 #creamcheese #saourcream #grahamcrackers #cheesecake #strawberry #farmstand #quarantine #quarantinelife #cooking #baking #plateddessert @ T Bar Southampton https://t.co/oNvC2Ikuc2,0.0,september23_september24
48,1.3086832711155466e+18,"Practicing social distancing while enjoying the sunshine of life @ San Diego, California https://t.co/93M3PSCUwd",0.06770833333333333,september23_september24
49,1.3086883238006866e+18,"Quarantine Clean⚜️
Photo cred @ecoliajones @ The Admiral Personal Training https://t.co/RbIrGARCBp",0.85,september23_september24
50,1.3086957804091843e+18,Just posted a photo @ Flushing Meadows - Corona Park https://t.co/Dt8JLZrPZB,0.0,september23_september24
51,1.3086981400699126e+18,28 year old Adeline Fagan MD dies caring for COVID-19 and newborns #ppe #n95facemask #resigntrump #resigngop @ United States https://t.co/nwKV5wdKXX,-0.05681818181818182,september23_september24
52,1.308700388854395e+18,"NEW DRIVER ALERT!!  If COVID doesn’t get you, he just might! @coltonwimmer @ Redondo Beach, California https://t.co/jyli1VJZsY",0.13636363636363635,september23_september24
53,1.3087020211937403e+18,"We have Sequined mask in stock! ✨✨✨ #maskup #covi̇d19 #covid_19 #boutique #photography #bmore #dmv #atlanta #houston #la #charlotte #dc #blackgirlmagic #blackculture @ Baltimore, Maryland https://t.co/iUEsfEvDJc",0.4,september23_september24
54,1.308704178605228e+18,#wildwednesday #newfaces #wearamask #bmorehustlers #bmorehustlerclub #baltimorebars #bmorehustler #baltimorehustlerclub #hustlerhoneys #hustlerbaltimore @ Larry Flynt's Hustler Club Baltimore https://t.co/tXlKTR2OnE,0.0,september23_september24
55,1.3087052991345132e+18,3Below May Wait Out Pandemic on a Downtown San Jose Roof https://t.co/BAz1UHalol #sanjose #california #bayarea #sanfranciscobayarea,0.0,september23_september24
56,1.3086274937719808e+18,"The new iOgrapher Compact Boom Pole! Extends 59 inches and cones with a trrs to trrs extension cable! Just add your mic! $39.95! #socialdistancing #mobilevideo #mobilejournalism #apple #video @ San Gabriel, California https://t.co/1LRbvQhPiK",0.0,september23_september24
57,1.3086289294612603e+18,"This pneumonia maker 5000 blowing this cold ass air down on me. It only has one speed, and it’s too hot to turn it off @ Mahle https://t.co/pUJwaFxmrD",0.0,september23_september24
58,1.3086298513316127e+18,A Time Before COVID-19 @AnimeExpo 2017 Review From @_HannahHeath  https://t.co/kandgyKNMR,0.0,september23_september24
59,1.308631302929879e+18,"Pennsylvanians!

We finally have a COVID-19 exposure alert app in our state.

Download it now for iOS or Android!

Thanks!

-- Michael 😷

Join COVID Alert Pennsylvania to fight against COVID-19 https://t.co/yr8GTx7C5A",0.0,september23_september24
60,1.3086319138344428e+18,❤ Help your friends and neighbors recycle empty soda bottles into face shields and become a hero!  https://t.co/b5luv683Ov  #BeatThePandemic  #Masks4All #faceshield https://t.co/qJOVQ9ggNV,0.0,september23_september24
61,1.308632813227438e+18,Nail Salons Reopen in California with new #Safety #Protools in place to protect against #COVID19 @CBSSacramento  @GoodDaySac https://t.co/ZaiwX1S0kv,-0.05,september23_september24
62,1.3086347099630346e+18,"This was a brilliant repurpose of a car dealership! (@ Innovative Express Care - Rapid Covid Testing @ Mini in Chicago, IL) https://t.co/rcDMKSVvxI",-0.14583333333333334,september23_september24
63,1.308636713615528e+18,"Congratulations to the Mowry’s! Watching from home because COVID 🙄 My niecey is a married woman 😩 #blacklove @thenewrespects #marriedinthetimeofcovid @ Nashville, Tennessee https://t.co/pyvBQkjbbC",0.1975,september23_september24
64,1.30863672047727e+18,I challenge you to #SaveTheWorld❤ from #Coronavirus! Recycle empty soda bottles into face shields and become a hero!   #BillionShields #Bottles2Shields  Spanish https://t.co/Dzh14jOsuB  #BillionShieldsChallenge #faceshield https://t.co/hcfM9re8xE,-0.25,september23_september24
65,1.308636722704474e+18,"#hold please #merica🇺🇸 #Oceanside #semper fi #dømme #femdom #footfetishnation #bdsm #china #coronavirus #ladyrubyrebel @ Vista, California https://t.co/cure77lzfG",0.1,september23_september24
66,1.3086371553260708e+18,"@greggutfeld @foxandfriends @harrisfalkner @seanhannity @dbongino @neilcuvoto @JudgeJeanine @ericbolling @BretBaier @briankilmede @TuckerCarlson @WatersWorld 
RT @AmandaLeeHouse: We've destroyed people's lives for this. Truly sick. https://t.co/LVqK4tgvMD",0.0,september23_september24
67,1.3086380986293084e+18,"We LOVE seeing our clients following CDC guidelines for proper PPE for patients visiting their offices!

#CPC #DC #capitalpracticeconsulting #capitalpractice #consulting #PPE #healthcare #safety @ Washington D.C. https://t.co/VHfk8jRpKZ",0.2,september23_september24
68,1.3086385818802463e+18,Teaching STEM during COVID https://t.co/8B3ga0rt5q via @latenightparent,0.0,september23_september24
69,1.3086399535937946e+18,"Evidently, Congress shops at BJ’s Wholesale Club... #covid19 #coronavirus #wearamask @ Mohegan Lake, New York https://t.co/pVscZW1Q7U",0.0,september23_september24
70,1.3086402464357376e+18,"Got the 2nd shot in the Pfizer Covid-19 Vaccine study. Still feel great. @ Anaheim, California https://t.co/UwilqOIG1i",0.15916666666666668,september23_september24
71,1.3086411755329085e+18,"I guesss It’s FALL neowww or whatever 😼
🎀✨👩🏾‍🎤🐉🍜👢🛀🏿
📸: the tood sis @its_so_zoe 💋
•
• 
&amp; if your still floating around during this pandemic 🥶.. May God continue to BLESS U 😇
#ilovemyfriends @ The Fashion District https://t.co/E55hzE0opb",0.0,september23_september24
72,1.3086434070578831e+18,"Gym is closed due to Tropical Cyclone Beta, so just like during the beginning of this corona virus apocalypse, I am doing my entire workout from home! #homepullupbar #hanginglegraises #chinups @ Houston, Texas https://t.co/BU4dYWv91t",0.04375000000000001,september23_september24
73,1.3086471580364718e+18,"I had to bring some work home from the warehouse.

We’re packing produce bags for Ward 8 ANC Commissioners that we know will do work and not grandstand and ask for money. @ Washington D.C. https://t.co/fc4JsplZP5",0.3,september23_september24
74,1.3086476751521423e+18,"Moving an entire graduate center across town is a mammoth undertaking under any circumstances. In the midst of #COVID19 it was a prescription for chaos. 

https://t.co/g7Z1E4TKMN 

#newlocation #relocated #technology #services #charleston #lowcountry #charlestonsc #college",0.0909090909090909,september23_september24
75,1.3086496836113162e+18,"’Tis my fav season 🍂🍁
•
#fall #autumn #stayhome #coronapocalypse #instagood #instalike #photooftheday #littleton #colorado #co #west @ Littleton, Colorado https://t.co/oMg4qAaMBc",0.0,september23_september24
76,1.308652853515481e+18,Please vote yes on D70's Ballot 4A and here is project list for pwhs. We know our school districts is facing deep budget cuts in near future from covid crisis and our younger generations is our future! https://t.co/ddSdy4armd,0.7708333333333334,september23_september24
77,1.3086536482060657e+18,"SANITIZE ME. A product made for 2020. With W.H.O. approved ingredients.  👐 Wash hands with soap but when you can't...

#handsanitizer #madeinusa #soapfarm @ Soap Farm https://t.co/IHwF5w1q0O",0.4,september23_september24
78,1.3086541451052646e+18,"Covid can’t get this group down! Philosophy Club meets every other Thursday this semester in Marting 104 at 5pm. Next meeting is on 10/1. All are welcome, bring a friend! #bwphilosophy #bwbesafe @ Marting Hall https://t.co/FfBMN3Du3T",0.8,september23_september24
79,1.3086548415272837e+18,Just posted a photo @ Working From Home https://t.co/RbYpHN8S1a,0.0,september23_september24
80,1.3086567107441828e+18,"Our future. Busy in her lab...I’d like to think she’s working on the COVID vaccine. 📸:@booksandpups

 https://t.co/GBOAdoDL7d #liketkit @liketoknow.it #skiphop #LTKbaby #LTKkids @ Atlanta, Georgia https://t.co/Jf0caVbFk8",0.09285714285714283,september23_september24
81,1.3086582624731382e+18,When you don’t have proper farm equipment and have to gather hay by hand. Work from home day. @ Dancing Leaf https://t.co/DozUqwN8wL,0.0,september23_september24
82,1.3086591515187978e+18,I challenge you to ❤#SaveTheWorld from #Coronavirus! Recycle empty soda bottles into face shields and become a hero!   #BillionShields  Russian https://t.co/lunyFgaptB #BillionShieldsChallenge #faceshield https://t.co/U21OZ2NlXL,0.4,september23_september24
83,1.3086618275476644e+18,"Redrum “the shining” mask #maskoftheday #redrum #theshining #covid_19 @ Fall River, Massachusetts https://t.co/hbVC9Juk2O",0.2444444444444445,september23_september24
84,1.3086649069721027e+18,COVID-19: Dentists report a rise in teeth-grinding during pandemic  https://t.co/5p87mN23Z5,0.5,september23_september24
85,1.3086655397330657e+18,"Always to school on time. Social distancing, masking up. @ Tidewater Tech https://t.co/C9BNdwAGvd",0.0,september23_september24
86,1.3086659999280456e+18,"Remote learning and #workfromhome are NOT DRIVING ME INSANE AT ALL. Wait, who said that? #serenitynow #covid_19 #remotework #remotelearning #covidcrazy @ Fairmount https://t.co/yAcr6Cet1r",0.0,september23_september24
87,1.308667776031105e+18,Remote working arrangements are available while the physical office is closed or partially closed because of COVID-19. Civil Rights Corps seeks Communications Manager - $60k to $85k  https://t.co/2GZ2dTZcW6,0.04609375,september23_september24
88,1.3086699026104033e+18,Today come get “A Taste Of The Quarter In Every Order” @sparksocialsf Chef Darrell is cooking up those NATURALLY N’AWALINS Favorites⚜️#we practice social distancing #we contactless payment @ SPARK Social SF https://t.co/1iMXuiyHrz,0.1,september23_september24
89,1.308672160492335e+18,"Quarantine Oasis😁 @ Austin, Texas https://t.co/cLOR8wcKKl",0.0,september23_september24
90,1.3086777297437614e+18,11.5 ON THE SHELF - A Time Before COVID-19 @AnimeExpo 2017 Review From @_HannahHeath  https://t.co/mwTqHG4YoV,0.25625,september23_september24
91,1.3086786877102285e+18,Everyone knows 3 things about me. 1) I love snow globes. 2) I have a thing for pens. 3) I'm obsessed with hand sanitizer. #touchland #touchlandwatermelon  #bathandbodyworks #handsanitizer #smellssogood https://t.co/inasW46ogD,0.0,september23_september24
92,1.3086788758245335e+18,Definitely a different bday this year... Happy Covid Year Bday @kellsdiane I still feel lucky to get to spend them all with you. I love you!!! #happybirthday ! @ L &amp; L MarketPlace https://t.co/HHSK67gTvi,0.13636363636363635,september23_september24
93,1.30867919579981e+18,"Experts warn #Coronavirus may cause 'wave' of neurological conditions including developmental disabilities, Autism, Parkinson's disease and cognitive impairment
 https://t.co/CjN06TEwS7 #COVIDIOTS #COVIDTARDATION #Coronatardation #Neuroscience #Science #PublicHealth #MentalHealth",0.06818181818181818,september23_september24
94,1.3086792564156908e+18,Just a reminder - our social distancing limited edition tees supporting Phillies Charities are available at @philliesnestore or online! @ Citizens Bank Park https://t.co/LieZeN1ien,0.0,september23_september24
95,1.308679445859963e+18,"#covid_19 #pandemic #selfie @ North Hollywood, California https://t.co/cTDCEXl7kE",0.3318181818181818,september23_september24
96,1.3086817682543657e+18,"Data includes 29 new positive coronavirus (COVID-19) cases, bringing the District’s overall positive case total to 15,050 and no additional COVID-19 related deaths. [PR] Coronavirus Data for September 22, 2020  https://t.co/DDMMlQq4aq",0.2272727272727273,september23_september24
97,1.308681983367811e+18,"Just helped a wonderful couple buy this little #OakPark Oasis for only $901,000!
#realestate #pinnacleestateproperties #socal #socalrealestate #covid_19 @ Oak Park, California https://t.co/wnS5ppzrxU",0.0,september23_september24
98,1.30868240617882e+18,"First official remote voicing gig... times like these I'm very glad to have my particular occupation! 🎙🎧

#voiceover #voiceoverartist #remote #workfromhome @ Allendale, Michigan https://t.co/jdjLadVRvb",0.3,september23_september24
99,1.30868279362748e+18,Corona CA Wed Sep 23rd AM Forecast: TODAY Mostly Sunny Hi 95 TONIGHT Mostly Clear Lo 62,0.25,september23_september24
100,1.3086834039029514e+18,Recycle empty soda bottles into face shields and become a hero!   #BillionShields  French https://t.co/oPi4P8qKSi #BillionShieldsChallenge #faceshield https://t.co/bQBjxm60IF,0.0,september23_september24
101,1.308689491217924e+18,"Feels like forever since I've been on an MTA Bus.. First MTA Bus since the pandemic is 6010, Northbound Select from Jamaica Station. (@ MTA Bus - Q44 +Select Bus Service+ in Queens, NY) https://t.co/LZyjuiUrAL",0.5,september23_september24
102,1.308691360761942e+18,Supermarket 'Karen' Smashes Wine Bottles Due to COVID-19 Precautions https://t.co/0NTzauRjZH (vía TMZ),0.0,september23_september24
103,1.3086929691809382e+18,"Somebody REALLY needs to clarify the rules of social distancing on @mtametronorth @nygovcuomo @ Stamford, Connecticut https://t.co/2V3XmoDHbn",0.023905723905723892,september23_september24
104,1.3086940605598638e+18,5 miles with a hello from @petfxr to start my day. Always great to see my friends as COVID has made social visits very limited. Great way to start Wednesday. #heartbreakersrun @ Boston Tea Party Ships &amp; Museum https://t.co/iGivJV0e2G,0.08787878787878788,september23_september24
105,1.3086981400699126e+18,"First time out in months. Even in a pandemic I'm cute AF. @ Philadelphia, Pennsylvania https://t.co/mlfIIXPaas",-0.05681818181818182,september23_september24
106,1.308700388854395e+18,We are social distancing on our own private island. The maiden voyage of our new kayaks. Perfect day 78 degrees and sunny. @ Caladesi Island State Park https://t.co/Po2ZRwwKt8,0.13636363636363635,september23_september24
107,1.308624352968151e+18,Adventures in COVID-19 testing and quarantining  https://t.co/Igq4bQeCDy,0.7,september23_september24
108,1.3086275777460224e+18,😂😘Deal breaker @ Quarantine Nola 2020 https://t.co/s8zqDT7nmW,-0.1875,september23_september24
109,1.3086285478802678e+18,Because I wear a mask I sanitize all the time all my clients respect me and wear a mask around me. Thank you all. @ Salon Republic https://t.co/1eorfsim9L,0.08351562499999997,september23_september24
110,1.308631302929879e+18,"COVID-19  update @ Manhattan, New York https://t.co/QqQkTSzMVw",0.0,september23_september24
111,1.3086324152089682e+18,Covid-19 testing site in Overall Piedmont Area #traffic https://t.co/FWT2jwReVT,0.6,september23_september24
112,1.3086347099630346e+18,"My new #bidenharris2020 cap arrived just in time for my afternoon sanity walk. #TeamPete for #teamjoe 
#vote #wearamask @ Danbury, Connecticut https://t.co/m7l2IupSdN",-0.14583333333333334,september23_september24
113,1.308636722704474e+18,Would you like to help a billion people?  Help your friends and neighbors recycle empty soda bottles into face shields and become a hero!   #BillionShieldsChallenge #Bottles2Shields  https://t.co/b5luv683Ov  #Masks4All https://t.co/LkSm6DUxVg,0.1,september23_september24
114,1.3086371553260708e+18,"COVID-19 update 
This is what I'm looking at in the doctor's office
#support81worldwide #support81longisland #support81newyorkcity @ NYU Langone Health https://t.co/z6pbGozdCc",0.0,september23_september24
115,1.3086380986293084e+18,Recovered COVID-19 Patients May Face Lifelong Heart Problems https://t.co/x9L5FFKpMq https://t.co/13DQTThZfu,0.2,september23_september24
116,1.3086399535937946e+18,"SJV Lancers Keeping our Catholic Identity Alive during COVID by celebrating Senior Commissioning Day all Together outside socially distanced today. @ Saint John Vianney High School, Holmdel, NJ https://t.co/rOMksUV9p4",0.0,september23_september24
117,1.308640245353595e+18,"Latest purchase in the fight against #covid_19 boredom: an outside mud kitchen! @ Battle Ground, Indiana https://t.co/a55lA7QqZ3",-0.16666666666666666,september23_september24
118,1.3086402475723612e+18,"We are urging customers to apply for financial assistance if they have been challenged by the financial impact of COVID-19. For more information and how to apply today, please visit https://t.co/YCRSyX4aan. https://t.co/rsW096pO3S",-0.14285714285714288,september23_september24
119,1.3086411755329085e+18,"Dr. Birx has blood on her hands. All these fools that cozy up to him are always thinking… sure I’ve seen him destroy people &amp; leave leave in the mud once they’re no longer useful to him, but it won’t happen to *me*. I’m different. 🤦‍♂️ https://t.co/TLHCFZ07TH",0.0,september23_september24
120,1.3086434070578831e+18,"Haven't posted in a while 

Update all is good 

#yeet #picoftheday #pandemic #2020 @ Fowler, California https://t.co/CNzTKph0Qo",0.04375000000000001,september23_september24
121,1.3086476724635034e+18,"thank you for being my Quarantine buddy @deondakid513. We haven't killed each other yet and I haven't driven you crazy. love you ❤
.
#boyfriend #6months #couplesgoals #blacklove #couplesyoga @ Georgia https://t.co/jCyEgJgUgy",0.0740909090909091,september23_september24
122,1.3086476751521423e+18,We’re both smiling. I hear my name and I don’t recognize anybody anymore they’re all PPE’d up. @alexgleas great to see you miss our days fighting for the @teamsters @ Soho Soho https://t.co/B30a5BiqDb,0.0909090909090909,september23_september24
123,1.3086496836113162e+18,"Sheryl had enough 🍷😢🍷😢🍷😢 #fyp #foryoupage #funny #quarantine #covid #crazy #queencilla #likethis #followme #life #1k #fun #tiktok #tiktokfamous @ Hunters Creek, Florida https://t.co/6zfeEIkwJX",0.0,september23_september24
124,1.308652853515481e+18,❤Help Recycle empty soda bottles into face shields and become a hero!   #BillionShields #Bottles2Shields  @BillionShields https://t.co/b5luv683Ov #Masks4All https://t.co/pZH6IEoGJB,0.7708333333333334,september23_september24
125,1.3086536482060657e+18,"Off in the distance, Harrison sees his destiny... @ Corona Heights https://t.co/LsLjNDB8OJ",0.4,september23_september24
126,1.3086548415272837e+18,"We've ONLY just begun and it's NOT over yet. Wait until the cold and flu season starts. 😷 #Coronavirus #Covid19 @ Sioux Falls, South Dakota https://t.co/xwiNpsN9JW",0.0,september23_september24
127,1.3086548427101143e+18,"#ferrari 
#juventus 
#fan 
#facemask 
#covid_19 
#2020 
🔥🔥🔥 @ Rochester, New York https://t.co/NsT8Mp0kRR",-0.1,september23_september24
128,1.3086548438089974e+18,#unionstationla #selfie #facemask #covid_19 #pandemic #pandemic2020 @ Union Station Los Angeles https://t.co/oNy96G44Rq,0.17532467532467533,september23_september24
129,1.308655275591766e+18,"COVID-19 update @ New York, New York https://t.co/iYSqUblK4C",0.0,september23_september24
130,1.3086567107441828e+18,❤❤ I challenge you to #SaveTheWorld from #Covid-19! Recycle empty soda bottles into face shields and become a hero!  https://t.co/8Cy7dVVG0g  #BillionShieldsChallenge #faceshield https://t.co/fHva3nuq4F,0.09285714285714283,september23_september24
131,1.3086582624731382e+18,"We are urging customers to apply for financial assistance if they have been challenged by the financial impact of COVID-19. For more information and how to apply today, please visit https://t.co/c3CMOCxPU6. https://t.co/19Txo3mt0S",0.0,september23_september24
132,1.3086591515187978e+18,"Our involvement fair table is pretty simple this year with CoVID and all, but it still speaks volumes about the welcome we extend! #RadicallyInclusive #RUInvolved @ Roosevelt University https://t.co/NjKXIZieSo",0.4,september23_september24
133,1.3086618275476644e+18,Finally brunching 🏡 👆🏽😋🍳🌭🧀🥪 #workfromhome #financialprofessional #supersinghs🙏🏽🕉🇺🇸 @ Kew Gardens https://t.co/MKx0wZqW7V,0.2444444444444445,september23_september24
134,1.3086640867172393e+18,"Not to say #IToldYouSo, BUT I FUCKING TOLD YOU SO, RIGHT HERE: Massive genetic study shows #Coronavirus mutating and evolving amid the rapid U.S. spread Trump is allowing!

So, call it what it now is… the #TrumpVirus!

https://t.co/YFrBhc0Wt9",0.0,september23_september24
135,1.308664367567655e+18,When your staff is having fun....after work! Lol! The Southern Pearl Dentistry assistants....the bread and butter. #fun #dentistry #happy #employees #covid19 #covidfree #zone #safezone #seeyourdentist #drgillespiedds https://t.co/wtcOtG1rUE,0.0,september23_september24
136,1.3086659999280456e+18,"""The covid virus never stopped me anyway"" #magical #disney @ Walt Disney World Animal Kingdom https://t.co/P01qdeO21X",0.0,september23_september24
137,1.308667776031105e+18,❤Help recycle empty soda bottles into face shields and become a hero!   #BillionShields #Bottles2Shields  https://t.co/8Cy7dVVG0g  #Masks4All https://t.co/nMNIN1j3Sq,0.04609375,september23_september24
138,1.308669437378134e+18,"Stupid #covid_19 #tbd @ Times Square, New York City https://t.co/7xQQmDwY6m",0.0,september23_september24
139,1.3086699026104033e+18,Would you like to help a billion people? I challenge you to #SaveTheWorld from #Coronavirus! Help your friends and neighbors recycle empty soda bottles into face shields and become a hero!  https://t.co/b5luv683Ov  #BillionShieldsChallenge #faceshield https://t.co/VTnmZuLGUd,0.1,september23_september24
140,1.308672160492335e+18,❤Help Recycle empty soda bottles into face shields and become a hero!   #BillionShields #Bottles2Shields  @BillionShields https://t.co/b5luv683Ov #Masks4All https://t.co/d6pLPimlX1,0.0,september23_september24
141,1.308672842947494e+18,"COVID-19 update 
This is what I'm looking at in the doctor's office @ NYU Langone Health https://t.co/7KsDwiQGdy",0.0,september23_september24
142,1.3086786877102285e+18,COVID-19 update @ NYU Langone Health https://t.co/WtuzbBW5YN,0.0,september23_september24
143,1.3086788758245335e+18,If you follow anyone in their 20s on Instagram and watch their stories of going to restaurants &amp; bars every night this wouldn’t surprise you… https://t.co/wqgtMLJAif,0.13636363636363635,september23_september24
144,1.30867919579981e+18,Just the facts! Getting Corona'd! @ Upper Arlington Historic District https://t.co/f3BQbm7xpW,0.06818181818181818,september23_september24
145,1.308679445859963e+18,#BillionShields Challenge is here! I challenge you to #SaveTheWorld:thanksdoc: from #Coronavirus! https://t.co/8Cy7dVVG0g  #Masks4All https://t.co/Ii6CBxhwAF,0.3318181818181818,september23_september24
146,1.3086817682543657e+18,❤Help friends and neighbors recycle empty soda bottles into face shields and become a hero!   #BillionShields #Bottles2Shields  https://t.co/b5luv683Ov #Masks4All https://t.co/MHVCe1dIOC,0.2272727272727273,september23_september24
147,1.30868279362748e+18,"Husband, kids, and I built a robot for our ""Mission to Mars"" lesson. We talked about the missions to Mars. #homeschool #science. @ Coeur d'Alene, Idaho https://t.co/1lRhc562Ko",0.25,september23_september24
148,1.3086830026591887e+18,#BillionShields Challenge is here! I challenge you to #SaveTheWorld:thanksdoc: from #Coronavirus! #Masks4All https://t.co/SZg8N9QlrI,0.0,september23_september24
149,1.3086832711155466e+18,COACH PUT ME BACK IN! 😜🙏🏾 I WAS GETTING DOWN PRE COVID! CAN WE PLEASE GET BACK TO OUR REGULAR SCHEDULED PROGRAM!! THANK U👊🏾 #karonlynntv #freshprince #itsmytime #lawofattraction #dance @ Worldwide https://t.co/MIhKD2CjFa,0.06770833333333333,september23_september24
150,1.3086834039029514e+18,Hello 👋 Bjj students. Save time by Visiting The Covid VS Application https://t.co/BE3F2fkA1n and complete our Covid Questionnaire before each class and email it to wetrust8@gmail.com. https://t.co/jvurjbnlg9,0.0,september23_september24
151,1.3086863884522988e+18,COVID-19 has killed more people in the United States than Americans killed in battle during the five most recent wars combined.  It is difficult to put into words the anguish we feel for this amount of life that has been lost.   https://t.co/9uoDR4H4JN,-0.05,september23_september24
152,1.308688915369472e+18,I challenge you to #SaveTheWorld from #Coronavirus! Recycle empty soda bottles into face shields and become a hero!   #BillionShields  Russian https://t.co/lunyFgaptB #Masks4All https://t.co/YGYtcF0KqC,-0.25,september23_september24
153,1.308689491217924e+18,"The pandemic made me do it. #skincare #skincareroutine #skincareproducts #redlighttherapy #ledredlighttherapy #mask @ Austin, Texas https://t.co/rzcwiaKwor",0.5,september23_september24
154,1.3086940605598638e+18,"Today, Optometrist appt.  Have good time sitting/waiting.....  at least I think so. 😜. Then, I'm off to the vampires at Dialysis.  😵😷
Wash your damn hands often.🤓

Y'all have a kick ass day! @ Family Healthcare Network https://t.co/XvQXodkg3E",0.08787878787878788,september23_september24
155,1.3086957804091843e+18,#BillionShields Challenge is here! I challenge you to #SaveTheWorld:thanksdoc: from #Coronavirus! #Masks4All https://t.co/dk8vccr13i,0.0,september23_september24
156,1.3086981400699126e+18,"Day 4 consisted of beaches and bars....that's all I have to say...😎😎😎 Moore trouble....

@padreislandnps @executivesurfclub 

#corpuschristi #padreisland #beach #bars #girlstrip #cousins #tequila #corona #whiskeysour https://t.co/fFVHylJ6zY",-0.05681818181818182,september23_september24
157,1.308700388854395e+18,It’s fall- and we’re still not going anywhere! 8 More Immersive Books to Read While Social Distancing  https://t.co/MaDvP7850z,0.13636363636363635,september23_september24
158,1.3087020211937403e+18,"#disney mask mail #itsagoodday #wearamask #disneylifestyle @gabys_got_oils @ Fair Oaks, California https://t.co/USZAraqMY2",0.4,september23_september24
159,1.308703700509229e+18,❤Help friends and neighbors recycle empty soda bottles into face shields and become a hero!   #BillionShields #Bottles2Shields  https://t.co/b5luv683Ov #Masks4All https://t.co/f0zJYad071,0.03333333333333333,september23_september24
160,1.308704178605228e+18,"COVID-19 high school marching band 2020.  MON night, TUE &amp; THU in person.  MON, WED &amp; FRI days are just like video.  Playing at Zoom on mute, 🤔🤔 @ Bizarro World https://t.co/GdNpIF4URi",0.0,september23_september24
161,1.3086274937719808e+18,#RunsRaces #2020diamondleague #covid19 Star-studded field set for Diamond League return https://t.co/pjJcW5qUFP @CanadianRunning https://t.co/WakTGfSrdK,0.0,september23_september24
162,1.3086298513316127e+18,"Mask harassment. I’ve got a face shield. (at @Apple Mall of America in Bloomington, MN) https://t.co/VQBXj0fUw5",0.0,september23_september24
163,1.3086305178525123e+18,Los Angeles Restaurant Scene Lights Up with Daring Moves Amid the Pandemic  https://t.co/rnIEdhwB85,0.6000000000000001,september23_september24
164,1.308630812502487e+18,I’ve got the COVID blues... 💔 #missingtherave @ Tangent Gallery / Hastings Street Ballroom https://t.co/tkGbzpKFhZ,0.0,september23_september24
165,1.3086319138344428e+18,I Can’t Wait to go on another Baecation I Love You Babe See You tonight when I get home from Work 💞👌😘 #2020relationships #fckcovid19 #CouplesChallenege @ California https://t.co/4wGwI4ntEq,0.0,september23_september24
166,1.3086324152089682e+18,How smart thermometers can give an early warning sign of Covid outbreaks https://t.co/CWRg0AQmqd #sanjose #california #siliconvalley #sanfranciscobayarea,0.6,september23_september24
167,1.30863672047727e+18,"Quarantine life vs IG  🤣😩🥴

I have been forcing myself to get up and get dressed even though I have know where to go. 😩🥴 

Has it been a struggle for y’all too? @ Los Angeles, California https://t.co/4B4SD44CX2",-0.25,september23_september24
168,1.3086375048039342e+18,Being back with our Homeschool friends is awesome! Today we kayaked! #cicisworld #kayaking #friends #rea #raisingeternalarrows #homeschool @ Nathan Benderson Park https://t.co/5SqZfTsUvM,0.55625,september23_september24
169,1.3086378252990996e+18,"Now this is an interesting update...

https://t.co/45ptw0gvaP

  . @ New Windsor, Illinois https://t.co/LA1DndqBMv",0.0,september23_september24
170,1.3086380986293084e+18,Happy Birthday to @brookhhill 🎉🎉 Hope you have the best COVID Birthday a gal could wish for. Stay safe B.Hill 🤍😘 #togetherwerise #hbd #blm #stud #studentathlete #volleyballer @ San Diego State University https://t.co/FXaqsPpmY9,0.2,september23_september24
171,1.3086385818802463e+18,LCHD reports 31st death in Lenoir County from COVID-19  https://t.co/sjQRFTHyC7,0.0,september23_september24
172,1.3086399535937946e+18,"There's Growing Concern COVID-19 Could Spark a Wave of Parkinson's Disease!

 https://t.co/rZ35SldTNq",0.0,september23_september24
173,1.308640245353595e+18,"The N°1 Friday Night Move 🔥
Music,Food,Hookah,International Vibes | 9pm-3am
📍@ GEE’s Lounge 3415C 52nd Ave, Hyattsville, MD
Table Reservations strongly suggested.
Call ☎️240.988.8395
Social distancing &amp; Masks enforced https://t.co/WItsz5xxhS",-0.16666666666666666,september23_september24
174,1.3086402475723612e+18,"Social Distancing @margeslakeside watching @jumboshrimpmusic 

#irondequoitny #margeslakesideinn #jumboshrimpmusic #threeheadsbrewery @ Marge's Lakeside Inn https://t.co/iBDqOu8A4g",-0.14285714285714288,september23_september24
175,1.3086411755329085e+18,My fourth time back in #NYC since #quarantine 😁 📸 Spotted this girl on Broome Street #masked in #soho but #makeitfashion #streetstyle #nycstreetstyle #mask #gettingmyshot @ Broome Street https://t.co/gDFsQnZeCf,0.0,september23_september24
176,1.3086436972071936e+18,"This one missed its tee time. Thanks Ole Kern for the guest submission. 

   #myfavoritemask #covid19 #recycle #itsstillgood #justthrowitaway🚮 @ Foxtail Golf Club https://t.co/Rvph7d4jmG",0.21212121212121213,september23_september24
177,1.3086471580364718e+18,"Yippee! The HOT ROOM is open again! Limited classes, limited slots for now. Social distancing, mandatory masks, upgraded ventilation and cleaning, etc. Om-m-m!!! @ Midtown Yoga Wellness Center https://t.co/GjmG7xlJvG",0.3,september23_september24
178,1.308649150687441e+18,"Throwback to my 57th birthday, before Covid and the travel bans. I have road trips and train rides to take before the final curtain comes down. @ Sioux Falls, South Dakota https://t.co/YFLN0eoNuy",-0.3333333333333333,september23_september24
179,1.3086496836113162e+18,Today’s Challenge:  Resist the urge to go numb.  #keepfeeling #covid #morelife #mysandiegoagent #prayerwarrior @ https://t.co/44KePxh8Km https://t.co/fQvyJ7Gu38,0.0,september23_september24
180,1.3086541451052646e+18,"Unite for the 200,000 lives lost 10/4/20 #covid #covid19 #compassion #grief #covidkindness #mask #kindness #thisisamerica #saveamerica #october2020 #2020vision @ United States of America https://t.co/4MG8DgcXVl",0.8,september23_september24
181,1.3086548415272837e+18,One of our new COVID-safe Pumpkin Patch Trolley activities this year are our festive photo scenes throughout campus! We hope our guests will love them! Bring your selfie sticks 🙂 #seashorepumpkinpatch #impressed https://t.co/rKvwV5AKK2,0.0,september23_september24
182,1.3086548427101143e+18,"Thanks to our friends @asmodee_usa , there is a great special going on until Oct 18th. Be sure to take advantage! #tickettoride #catan #pandemic #7wonders #ellicottcity #ellicottcitymd #howardcountymd @ Gamers-Corps https://t.co/2BXih536z5",-0.1,september23_september24
183,1.3086548438089974e+18,"This segment from Yahoo she's talking about Johnson and Johnson claiming to have some sort of new technology vaccine I'm trying to make the connection this is a recon #newtechnology @ Monterey Park, California https://t.co/mGNpvCI0mz",0.17532467532467533,september23_september24
184,1.308655275591766e+18,"Virtual interviews have gained popularity in the last few months due to #COVID-19, but as we slowly reopen, what if a potential employer asks you to come in the office? These are 3 quick reminders that we may not see our ""traditional"" interviews anymore.

#riverwayjobs https://t.co/7x7BO5vCKa",0.0,september23_september24
185,1.3086567107441828e+18,#stillsmiling #mcrrc #runner #running #intenserecovery #covid_19 #georgetownsportsmassage @ Georgetown Sports Massage https://t.co/GM2YISwmNu,0.09285714285714283,september23_september24
186,1.3086571254224978e+18,"The Hoala Assistance Program (HAP) is providing financial assistance to Native Hawaiian residents who are facing hardship due to the #COVID19 pandemic. Apply online today at https://t.co/JHFj8wgY40.
@HonoluluGov @hawaiiancouncil @HCFHawaii https://t.co/RQ48CDVXT8",0.0,september23_september24
187,1.3086582624731382e+18,"I don’t know if it’s the COVID thing, or what, but the service in these places have been impeccable!  @andwaffles is must when in the Area. @ And Waffles https://t.co/xbs32pXNJg",0.0,september23_september24
188,1.3086591515187978e+18,"It's not weird to have a favorite rest stop, is it?  They were disappointed that the playground was still closed due to covid. @ Eastland County Safety Rest Area https://t.co/EyZYnfATdD",0.4,september23_september24
189,1.308660293699072e+18,"50K+ #Google searches 4 Kyle Rittenhouse 2h old https://t.co/dQiRG3ddML https://t.co/ztKWIWDiZ6 #Illinois 🌅 6:44 🌆 18:50 CDT
#Covid19
#Illinois 09/22/2020
New CS 1531 14DCSΔ +9.3%
New D 29 14DDΔ +3.3% https://t.co/berewqmXgX",0.43333333333333335,september23_september24
190,1.3086618275476644e+18,"“Working Woman” original https://t.co/G0IZiYlZRz #etsyshop #etsyseller #etsysellersofinstagram #workingfromhome #workingmom #workingmoms #workingwomen @ Winter Park, Florida https://t.co/njpOUWk7Z5",0.2444444444444445,september23_september24
191,1.3086621587591332e+18,The Breadcrumbs Writers Need to Survive a Pandemic  https://t.co/8ROdQUVP7a,0.6,september23_september24
192,1.3086640867172393e+18,"Customer did his quarantine build. Had overheating issues. We did a case swap with AIO upgrade. 

Under full load aida 64
CPU temp before 87-92
Cpu temp after 53-62

#lianli #Coolermaster @ PC Gamerz Hawaii https://t.co/9z9NQBfGoE",0.0,september23_september24
193,1.308664367567655e+18,"Free Covid Testing and Free vegetables

Come get it NOW !!! @ Charlotte, North Carolina https://t.co/I479XaXgjZ",0.0,september23_september24
194,1.3086649069721027e+18,"I didnt slack during quarantine.  I made myself smarter.  Message me. #valleypersonaltraining @ Jackson, New Hampshire https://t.co/ut1kIA9CtF",0.5,september23_september24
195,1.308666417986728e+18,Social Distancing Networking... you still can make new business connections! @ Mojitobar Ft Lauderdale https://t.co/pCj5R0LZsd,0.1486111111111111,september23_september24
196,1.308669437378134e+18,"My Pandemic Distance Learning Classroom😽👩🏻‍🏫 #2020 @ Berkeley, California https://t.co/PDrgShYdqZ",0.0,september23_september24
197,1.3086699026104033e+18,"The upside and downside the outdoor dining NYC Covid style.... @ New York, New York https://t.co/7yjkUCQUZg",0.1,september23_september24
198,1.308672160492335e+18,"Huge shout out to Javier Hernandez with VR Local for the generous donation of PPE:  isolation gowns, gloves, and face shields!! ❤❤ @ Dental Health Arlington https://t.co/nHJtbVDmGC",0.0,september23_september24
199,1.308672842947494e+18,"FREE sandbag supplies! You can come to the #Tacoma Asphalt Plant or the Central Wastewater Treatment Plant to shovel &amp; load your own sandbags M-F, 8am-4pm. Due to #COVID19, you must practice social distancing and bring &amp; wear your own face mask &amp; gloves. https://t.co/3MmzvxypYN https://t.co/S5jrr2eiuO",0.0,september23_september24
200,1.3086777297437614e+18,"The grocery store finally had a few pomegranates, so I confectioned some pomegranate-stuffed dark chocolates. What strange hobbies #COVID is birthing in me. @ Bethesda, Maryland https://t.co/x1wno1KHS2",0.25625,september23_september24
201,1.3086780534475653e+18,"In between lesson planning, emails, filming stuff, recording stuff...pandemic and all, qué buena vida 😸🎉💗🎧🤹🏻 #createalifeyoulove @ New York, New York https://t.co/l6goXIZ942",0.2,september23_september24
202,1.3086782445692887e+18,Flu shot ✔️ Pneumonia shot ✔️ Culver’s Treat ✔️ Be like Rachel and get your flu shot. Tell them a Rachel sent you. #flushot #flu #fightflu #fluvaccine @ Culver's https://t.co/5TETNp3uKs,-0.2857142857142857,september23_september24
203,1.3086792564156908e+18,"Here’s to the pandemic!!! 🖕🏽 I got one today!!! @ Keller, Texas https://t.co/JmsvjL7dHi",0.0,september23_september24
204,1.308679445859963e+18,"How The World be lookin' at America.
.
I. Can't. Blame. Them.
.
#breonnataylor #america #2020 #covid19 #seattle #yetagain #vote #pleasevote @ Seattle, Washington https://t.co/1SU18jPQG6",0.3318181818181818,september23_september24
205,1.3086817682543657e+18,A Needy Wilmington COVID-19 Safety Compliant ✅ @ A Needy Wilmington https://t.co/ivPyVZGpAE,0.2272727272727273,september23_september24
206,1.308681983367811e+18,"Social distancing. 433/... - Drinking a Turbulence by @archesbrewing @ Dunwoody, GA  — https://t.co/nwd8wzPUEX",0.0,september23_september24
207,1.30868279362748e+18,The Disney Jr. Show in Hollywood Studios was super watered down since COVID but still kinda cute. #disney #waltdisneyworld #wdw #hollywoodstudios #disneyjr 📸:@soarinoverthemagic @ Disney's Hollywood Studios https://t.co/rPLdQnXTd5,0.25,september23_september24
208,1.3086863884522988e+18,What a clown. Larry Kudlow is wrong about EVERYTHING. https://t.co/vaDz8jmNDq,-0.05,september23_september24
209,1.3086883238006866e+18,Corona NY Wed Sep 23rd PM Forecast: TONIGHT Partly Cloudy Lo 31 SATURDAY Sunny Hi 41,0.85,september23_september24
210,1.308688915369472e+18,#arturofuenteopusx #johnniewalkerblacklabel #shallwebegin @ King Corona International Plaza https://t.co/In7sHpSS6x,-0.25,september23_september24
211,1.3086929691809382e+18,"Free covid test (@ Salgado Community Center in Santa Ana, CA) https://t.co/HxNFzqm7i2",0.023905723905723892,september23_september24
212,1.3086957804091843e+18,Free covid-19 testing site in Kino Sports Complex #traffic https://t.co/bc4TAizExm,0.0,september23_september24
213,1.308697274495705e+18,Video drop!!  Have you missed your #MAGArally recently cuz a #covid19 ... hopefully this #parody will bring you #home @ United States https://t.co/FGArouF3cv,-0.028125,september23_september24
214,1.308624352968151e+18,Corona CA Wed Sep 23rd PM Forecast: TONIGHT Mostly Clear Lo 62 THURSDAY Mostly Sunny Hi 96,0.7,september23_september24
215,1.3086274937719808e+18,"Summer Covid Games, I never thought of myself as a champ or an athlete till now. Definite gold for Social Distance Dash and Couch Surfing and a Silver for Synchronized Hand Washing. https://t.co/sroog1V9rH",0.0,september23_september24
216,1.3086285478802678e+18,"Behind the scenes:
A Sleepover w/Yuri, Season 2 (#Covid Edition)
.
.
.
.
#talkshow 
#television 
#studio
#greenscreen
#chromakey @ Manhattan Neighborhood Network Public Access TV https://t.co/LMw2gngzW6",0.08351562499999997,september23_september24
217,1.3086298513316127e+18,Book for the month for Halloween and make tbe two week quarantine worth it.👽🎃 https://t.co/YPIXKprS4a,0.0,september23_september24
218,1.3086305178525123e+18,"On brand, even in a pandemic. #anfassociate #workatanf #abercrombie #abercrombiestyle #abercrombieandfitch @ Santa Monica Pier https://t.co/11qpOSYzC7",0.6000000000000001,september23_september24
219,1.3086319138344428e+18,"Update: Kitty time, then me ✌🏽 Hope everyone prevailed this summer! #kitty #kittytime #cat #catlife #kitten #covid_19 @ Orlando, Florida https://t.co/eJHlwP5P0J",0.0,september23_september24
220,1.3086324152089682e+18,"When you still can’t drive a car and have to work from home, you make your wife’s favorite dessert for holding down the housework and biz!! #shesaboss @ Langhauser's Happy Home https://t.co/ycvQFOWWdo",0.6,september23_september24
221,1.308632813227438e+18,"Family feet painting party!

We are at the ”whatever works” point of quarantine, and this was a hit!

#twomoms🌈 #artkid #messyplayideas #processart @ North Bend, Washington https://t.co/wvoUN0m6ny",-0.05,september23_september24
222,1.3086347099630346e+18,BALL Delivery!!!  Call us for social distancing party or a #delivery for four or more. @ Golden Gate Bridge https://t.co/tJu4dhp7Fb,-0.14583333333333334,september23_september24
223,1.308636713615528e+18,"If this pandemic keeps up, this costume is going to become a uniform. https://t.co/gwDFK1Bhla",0.1975,september23_september24
224,1.30863672047727e+18,"On the way to set, but pretending I’m arriving as fighter pilot in Top Gun 2! #topgun #movie #film #onset #tomcruise #tomcruisememe #covid_19 #mask #director #directorslife #therountreemethod @ Los Angeles, California https://t.co/43fCahdYZC",-0.25,september23_september24
225,1.3086371553260708e+18,"If this pandemic keeps up, this costume is going to become a uniform. https://t.co/mVpvMi3LfD",0.0,september23_september24
226,1.3086375048039342e+18,"A day in the life... @oakley shades and @abercrombie strolling wear and @citizenwatchus  #anotherday #losangeles #covid_19 @ Los Angeles, California https://t.co/rg1Weyj470",0.55625,september23_september24
227,1.3086378252990996e+18,"The category is: Airport Chic! 😷 😂 
.
.
.
.
#travel #airport #socialdistancing #wearamask #lovetravels #orlando #mco #florida @ Orlando International Airport (MCO) https://t.co/3mtMq9S8Bq",0.0,september23_september24
228,1.3086378335994102e+18,"quarantine project #20...  refinish basement bathroom. @ Ladue, Missouri https://t.co/nQzOdRzsRi",0.0,september23_september24
229,1.3086380986293084e+18,Covid-19 updates in Overall Piedmont Area #traffic https://t.co/FWT2jwReVT,0.2,september23_september24
230,1.3086382282542572e+18,"Tomorrow!! @hopshoundssa slide by and bring the doggies 🐕 

7pm til 11pm #wearamask @ Hops &amp; Hounds https://t.co/M2HEf8eaRO",0.0,september23_september24
231,1.308640245353595e+18,"hello! can i order lysol, face shield and surgical mask!  #louisvuitton #zara #hm #louisvuittonlover #louisvuittonparis #louisvuittonaddict #louisvuittoncollector #marmaggie7285 #luxuryfashion #plotaverse https://t.co/mSpl04KVlC",-0.16666666666666666,september23_september24
232,1.3086402464357376e+18,"I had the chance to chat with @voyagedallas again about my work, business, and life during Covid. Take a moment and check it out ❤️! #linkinbio @ Dallas, Texas https://t.co/Or1nTWGlFT",0.15916666666666668,september23_september24
233,1.3086411755329085e+18,This pandemic has really regressed my patience with other people. Why are these people discussing what best to do in a mass shooting?? We're just going to talk to people who are homeless why are people like this,0.0,september23_september24
234,1.308642224322863e+18,"Still living this COVID free life sons!! #covidfree #healthly #littlebrowngirl @ Times Square, New York City https://t.co/RiYav3yB3r",0.0,september23_september24
235,1.3086434070578831e+18,"Thankful for live stream during this crazy COVID time. Thanks @blackberrysmoke and @watchmandolin   @effthehabs you should get these livestreams.    Now May I get a Tito’s and soda please? @ East Cobb, Georgia https://t.co/hqNvtPF15j",0.04375000000000001,september23_september24
236,1.3086471580364718e+18,"GET OUT THE EARLY VOTE RALLY!!! 
Food, Fun, Football and Fellowship
Huge thanks to Fairview Dairy Queen for alway supporting our 
community! 
Mask &amp; Social Distancing Required 
South Metro Business Connections https://t.co/doEFnmHOvr",0.3,september23_september24
237,1.3086476724635034e+18,Tasty haze. - Drinking a Quarantine Time Warp by @BlueOakBrewing at @doghausdogs  — https://t.co/h67MwXsdFE,0.0740909090909091,september23_september24
238,1.308649031002919e+18,"No Covid here 🤪😂🙃
#whiskeywednesday #whiskeygal #whiskymakesmefrisky #humpday #hawaii #hawaiilife #pourmeanother #funny #giggles #whenisthisover #f2020 #dating #canyouimaginebeingsingle #pandemicblues @ Oahu Life https://t.co/dCq9uzUg3j",0.3,september23_september24
239,1.3086496836113162e+18,"Summer Covid Games, I never thought of myself as a champ or an athlete till now. Definite gold for Social Distance Dash and Couch Surfing and a Silver for Synchronized Hand Washing. https://t.co/4LdLXXJLiR",0.0,september23_september24
240,1.308652853515481e+18,@shaundeeb you sound overanxious to see if the weight that came off during your covid stint let’s you actually buckle your seat belt on a plane.,0.7708333333333334,september23_september24
241,1.3086536482060657e+18,"Pandemic Barbie, complete with TP to PPE. https://t.co/GwuI0cKfRN",0.4,september23_september24
242,1.3086548427101143e+18,Just posted a video @ Corona Barbershop Plus https://t.co/3kv1liAvYe,-0.1,september23_september24
243,1.308655275591766e+18,Skew it up fam!🍻Happy Hour till 7pm! Come grab a Cold one &amp; some food by @senaethai 🥡😋❤️ SKO!!#cobratucson #cobraarcadebar #tucson #weback #wearamask #FRIDAY #food #drinks #tucsonaz @ Cobra Arcade Tucson https://t.co/NTgQ5BWPmT,0.0,september23_september24
244,1.3086567107441828e+18,"A long-awaited choir rehearsal resumed tonight; complete with social distancing, KN-95 masks, and sanitized space! They meet Wednesday’s from 7-7:30pm for a choir of up to 25. 🎼😷 https://t.co/Sb7TCbhZcF",0.09285714285714283,september23_september24
245,1.3086571254224978e+18,"Doing my part. #wearamask #fridaythe13th #campcrystallake #jasonvoorhees @ Bakersfield, California https://t.co/kjxcyfnHzB",0.0,september23_september24
246,1.3086582624731382e+18,"The newest way to read menu’s...
.
.
.
#wafflehouse #allstar #covid_19 #covid #country #countryfood #southernfood #grits #bacon #dallas #texas @ Waffle House https://t.co/1eHXJck5au",0.0,september23_september24
247,1.3086618275476644e+18,"Hey World, Bass here. It’s been a crazy 6 months but remember to keep smiling (even when you wear your mask). #bassinyoface @ Westerville, Ohio https://t.co/BEAehAhZGX",0.2444444444444445,september23_september24
248,1.3086655397330657e+18,"Visiting by flashlight🥰.
Day 195.
#windowvisits #covid19
#covid19stories #covid19usa @ Cape Cod https://t.co/tSOwJhReQG",0.0,september23_september24
249,1.308669437378134e+18,"Beach Life Corona Style @ Siesta Key, Florida https://t.co/7DALcNC4lP",0.0,september23_september24
250,1.3086699026104033e+18,Pandemic survival. Familia!!! 🖤💛🖤💛🖤💛🖤💛🖤💛 #LafcKrew @ Banc of California Stadium https://t.co/l8zeIbv30y,0.1,september23_september24
251,1.308672160492335e+18,"Viva La Diva! NYC is coming back! 🍎#nycstrong ✊ #wearamask 😷

#vivaladiva #nyc #rhony #nystrong #maskup @ Manhattan, New York https://t.co/NXKgN45rls",0.0,september23_september24
252,1.308672842947494e+18,"Pandemic Barbie, complete with TP to PPE. https://t.co/gXerVGFM5T",0.0,september23_september24
253,1.3086782445692887e+18,"Hello, you're welcome to stand on one of our X's while you wait for your food, to help prevent from getting the coronavirus LOL @ Sal's Mexican Restaurants - Selma https://t.co/8xQn87xlls",-0.2857142857142857,september23_september24
254,1.3086786877102285e+18,Book for the month for Halloween and make tbe two week quarantine worth it.👽🎃 https://t.co/F8NWiPOsW9,0.0,september23_september24
255,1.30867919579981e+18,"Running straight out of quarantine 🤗🏃🏻‍♀️🥰😎🤩 awesome run ladies #chs_lions @ Dublin, Texas https://t.co/03fe8sNXo5",0.06818181818181818,september23_september24
256,1.3086817682543657e+18,#mayor #presser #covid_19 @ Los Angeles City Hall https://t.co/5rvZFoPA6I,0.2272727272727273,september23_september24
257,1.308681933698691e+18,"have mask, will travel... be prepared, be kind, be thoughtful,  be safe... WEAR A MASK... @ Scottsdale, Arizona https://t.co/YA7TiKp7WB",0.35714285714285715,september23_september24
258,1.30868240617882e+18,Full Face shields will be available October! Adults and Kids sizes. @ Pure Oils Newgate Mall https://t.co/lkO8iiHRuh,0.3,september23_september24
259,1.30868279362748e+18,"Wear a wool bomber jacket while working from home? Of course I wool-d. #dadjokesareback

Jacket: @bananarepublicmens 
Tie: @thetiebar
Shirt: @jcrewmens 
Tie bar: @woodandrivet
#dressedchest @ San Francisco, California https://t.co/6MUo0OYOyW",0.25,september23_september24
260,1.3086832711155466e+18,We even brush our teeth together as a family during this pandemic thanks to @woobamboo eco awesome oral care. @ Brentwood https://t.co/zzC24cT6XH,0.06770833333333333,september23_september24
261,1.3086834039029514e+18,Great fun Covid groovin’ with ma’ pals both here and far. The track was deep though! #recordingstudio #synergy preamps #vertex effects #distanced recording #masked avengers @ Studio City Sound https://t.co/BiUYjRh4qC,0.0,september23_september24
262,1.3086883238006866e+18,Have you read my latest blog post?? ⁉️ I’ve shared my top tips for doing the Disney parks during COVID-19! 😷🏰Do you have any tips of your own?? Let me know! ✨BLOG LINK IN BIO!! ✨ @ France Pavilion https://t.co/oGhRMX3fuq,0.85,september23_september24
263,1.308688915369472e+18,"Social distancing. 434/... - Drinking a Down Right Hazy IPA by @downhomebrewing @ Dunwoody, GA  — https://t.co/tve4of6USs",-0.25,september23_september24
264,1.308689491217924e+18,Remember the cinema? 😫🍿🥤🎥 #movietheater #2020 #covid #pandemic #arclighthollywood #arclightcinemas @ Hollywood https://t.co/wK8tWEUdwT,0.5,september23_september24
265,1.308691360761942e+18,"They outta stock due to COVID😩🤦🏿‍♀️ #Unbrokensealtho #restocking2021 #NothinlikeaGOODlaugh 😜🤣😂🤣😂🤣😂🤣 @ Hoover, Alabama https://t.co/EP5fj4B2Qm",0.0,september23_september24
266,1.3086929691809382e+18,"My daughter’s birthday plans in March were cancelled due to the pandemic but we celebrated her half #birthday with a mini #poolparty this past weekend! 🎂 @ San Antonio, Texas https://t.co/6648dB4YqG",0.023905723905723892,september23_september24
267,1.3086940605598638e+18,"Reppin the Dodgers pandemic style! 2020 NL West Champs! ⚾️💙 #Dodgers #LosDoyers #GoBlue #ThinkBlue #ILoveLA @ League City, Texas https://t.co/6iWhuPGXzF",0.08787878787878788,september23_september24
268,1.308697274495705e+18,"YSK that in #TrumpsAmerica an employer can often legally spy on you while you #WorkFromHome, using your computer camera.

https://t.co/RQLpoyMx2O #Privacy #Infosec #Cybersecurity #Tech #HR #Internet #WFH",-0.028125,september23_september24
269,1.3086981400699126e+18,"Outdoor dinning  with your loved ones is the way to do it! #pandemic #besafe #romantic #wearamask @ Seal Beach, California https://t.co/LAYW11Sg88",-0.05681818181818182,september23_september24
270,1.308624352968151e+18,"#goodnight #wednesday #doslagos #corona #southercalifornia 
Have a great night folks en Dos Lagos https://t.co/Q38oSTF0hZ",0.7,september23_september24
271,1.3086274937719808e+18,"No forget! Pretty much from now on. #maskitup #wearamask #maui #mauimusic #mauimusician #mauimusicians #hawaii #sanfrancisco49ersfans #bangbangninergang #mykuleana #ourkuleana #organicislandmusic @ Paukukalo, Hawaii https://t.co/tasguhFn5v",0.0,september23_september24
272,1.3086275777460224e+18,#mycurrentview @yamashirola has done a superb job at #socialdistancing #dinnertime #hadtodoit #getoutside @ Yamashiro Hollywood https://t.co/ZRmipvWQjS,-0.1875,september23_september24
273,1.3086285478802678e+18,"Another perfect movie night @222hennepin #outdoormovie #shawshankredemption #fundarental.com #socialdistancing @ Minneapolis, Minnesota https://t.co/3DpEifNUpM",0.08351562499999997,september23_september24
