,id,tweet,sentiment,date
0,1.3499419192380088e+18,Thoughts? San Francisco:: Bay Area Seniors Seeking COVID-19 Vaccine Face ‘Logistical Nightmare’ https://t.co/FusrdUgtPQ @HainesForSF 2020,-0.65,january15_january16
1,1.3499449138870723e+18,Just posted a photo @ Quarantine Nola 2020 https://t.co/RZbjK4ijyD,0.07500000000000001,january15_january16
2,1.3499477558385336e+18,45 not even a grey hair on my head ✊🏿⚜️👸🏾🧘🏾‍♀️🕊 @ Quarantine Nola 2020 https://t.co/pR3uEEkVGU,0.0,january15_january16
3,1.3499500950312305e+18,"#shishmaref #alaska Covid-19 PSA. @ Shishmaref, Alaska https://t.co/sRRvnBR2JZ",0.0,january15_january16
4,1.3499537064023204e+18,"Thoughts? San Francisco :: UCSF Grand Rounds: Vaccine rollout, herd immunity, and the threat of emerging mutations https://t.co/QWewq9obLF https://t.co/Kvhfp1PbxW",0.13636363636363635,january15_january16
5,1.3499564873894339e+18,Trends Microsoft Joins Oracle and Salesforce to Develop Digital COVID-19 Vaccination… https://t.co/ygqfSLOwtC Fashion #Hypebeast #Trends https://t.co/s9HpZXfMEI,0.13636363636363635,january15_january16
6,1.3499567418286653e+18,"Lot great things coming for the community, it’s a pandemic so the less fortunate need us now more than ever. #MakeTheHoodsGreatAgain @ Atlanta, Georgia https://t.co/bXUXtodfgG",0.43333333333333335,january15_january16
7,1.3499584536415683e+18,"Toasted Kittybeans 😻 #joey #joeyshappyplace
°•
•°
°•
#corona #catsofinstagram #cats #HighAbove #joshuarlawfoto #love #phish #peace #unity #respect @ Noblesville, Indiana https://t.co/odsbEGxTcC",0.1,january15_january16
8,1.3499584547907953e+18,"🤣
Posted @withregram • @_rezyms ☑️ @ Quarantine Nola 2020 https://t.co/dWnBDnNkzj",0.0,january15_january16
9,1.3499603894804398e+18,Just posted a photo @ Corona del Mar https://t.co/DG4dxmyISN,0.0,january15_january16
10,1.349964158704382e+18,"New COVID masks on deck. #gangstathuglife #konscience #theinnerstruggle #graffbat #protectyaneck @ Fresno, California https://t.co/Xfr2t4og54",0.0,january15_january16
11,1.3499730855172055e+18,"#covid_19 #struggle #taking #daily @ Seattle, Washington https://t.co/OSpz3k1387",-1.0,january15_january16
12,1.3499764767671665e+18,"I feel attacked 😂 

Posted @withregram • @teflon_rahn Jewel of the day. 💎💎💎 Bla bla bla. Tell your story walking.👉🏽👉🏽👉🏽 @ Quarantine Nola 2020 https://t.co/xUKylvUgqp",0.3,january15_january16
13,1.3499780110433935e+18,Just posted a video @ Corona Sunroof https://t.co/ZVNSvVQkUo,0.05,january15_january16
14,1.3499785941902418e+18,Just posted a photo @ Quarantine Nola 2020 https://t.co/lbwQFPtjKO,0.2,january15_january16
15,1.3499818777430876e+18,"20K+ #Google searches 4 Ernie Boch, Jr 1h old https://t.co/Y0WmcSYeC9 https://t.co/nbePdEd91i 
#Boston 🌅 7:10 🌆 16:37 EST
#Covid19
#SuffolkCounty 01/12/2021
New CS 532 14DCSΔ +15.9%
New D 13 14DDΔ +5.1% https://t.co/tZEdpFoCmi",0.13636363636363635,january15_january16
16,1.3499932042554368e+18,Thoughts? San Francisco:: COVID Vaccines: Bay Area Health Officials Challenged By Some Frontline Workers Choosing To Defer Shots https://t.co/lMYOOE70Qc @HainesForSF 2020,0.0,january15_january16
17,1.3499937358665974e+18,Here we see the pre-COVID flâneur in full bloom.  We’d like to see the return of those halcyon days. @ Bob Tedrow's Homewood Music/Tedrow Concertinas https://t.co/bM0kGPmRfN,0.0,january15_january16
18,1.3499975298452316e+18,They have wings!  https://t.co/tKOzl5NEIG,-0.003125000000000003,january15_january16
19,1.3499978391794196e+18,"Well, at least I’m making the best of this quarantine time 😊 @ Saxonburg, Pennsylvania https://t.co/3T4eQdrw8o",-0.75,january15_january16
20,1.349998000584749e+18,Just posted a photo @ Quarantine Nola 2020 https://t.co/YFpeNeRDDU,-0.3333333333333333,january15_january16
21,1.350003044721705e+18,"Siri was doing fitness dancing with Jaimee at DanceVibes until the COVID arrived. 

#dancevibes #siri #sirilovestodance @ DanceVibes https://t.co/EcvJqjSaw1",0.0,january15_january16
22,1.3500067177451274e+18,"Tolstoy doing his part to keep the trains clean during the pandemic🙄🐶😂👍#mta #subway #recycle #yum #hangry #borzoi #christmas #nyc #mylife #follow @ New York, New York https://t.co/pKXUQAc9FC",-0.975,january15_january16
23,1.3500072082564096e+18,This is my cousin..he is throwed off and I love it 😘😘😂😂Posted @withregram • @pastorpetty225 I  swear 2 god @ Quarantine Nola 2020 https://t.co/bebggkXftE,-0.6,january15_january16
24,1.3500072434592195e+18,Just posted a photo @ Quarantine Nola 2020 https://t.co/5Utgtza1KX,0.0,january15_january16
25,1.3500077035741798e+18,"STOP IT BEFORE IT'S TOO LATE.

RP @vaccinesuncovered Terrible 😢 

#VACCINES #STOPTHESTEAL #FALSEVIR #DSLWORLD ☀️ @ California https://t.co/ItOzPtAZdU",-0.03125,january15_january16
26,1.3500098773478892e+18,"It took over seven times longer to safety-test, validate, and approve this vaccine than to create it. We need to get as excited about regulatory innovation as we are about the technology. https://t.co/PfUPcAkNmY",0.38333333333333336,january15_january16
27,1.3500116222746788e+18,Thoughts? San Francisco:: Plastic Surgeons See a ‘Zoom Boom’ Among Stay-Home Remote Workers During Pandemic https://t.co/ktcMTeO65D @HainesForSF 2020,0.0,january15_january16
28,1.3500120663677542e+18,LCHD reports six deaths Thursday of residents who tested positive for COVID-19  https://t.co/I8kmgHr83k,0.0,january15_january16
29,1.3499537064023204e+18,WHO Changes Definition of Herd Immunity https://t.co/r2MuE4RRdm https://t.co/E4GNK0ymdE,0.13636363636363635,january15_january16
30,1.34996052036796e+18,✔️ 1st dose of the covid vaccine! #IGotMine #Covid19Vaccine @ Advocate Sherman Hospital https://t.co/LujnMWlgmX,0.15833333333333335,january15_january16
31,1.3499681849677169e+18,"When your sixth grade students decorate a mask for you, you wear it. Even though it is a kids mask and your face is huge. @ St. John Lutheran Church &amp; School https://t.co/Zv5eGlbO5D",0.0,january15_january16
32,1.349992569556656e+18,@adrianoespaillat #congressman received both #doses and still #tested #positive for #coronavirus #covid19 #adrianoespaillat  #vacunas #vaccine #news #noticias jperezshow #jpereznoticias #spanglish #bilingual #latinos https://t.co/DkaeONbQnA,0.0,january15_january16
33,1.3499940814143816e+18,"Happy jacket Friday Y'all!!!   #bigdaddywarren #oldmanswag #workingfromhome #jacketfriday @ Berea, Kentucky https://t.co/OczWOrZbhL",0.0,january15_january16
34,1.3499978391794196e+18,"20K+ #Google searches 4 Corey Johnson 3h old https://t.co/58LHSA7m7c https://t.co/OgS1GSSor5 
#Virginia 🌅 7:28 🌆 17:19 EST
#Covid19
#Virginia 01/13/2021
New CS 4598 14DCSΔ +18.0%
New D 75 14DDΔ +10.3% https://t.co/62wOteCAr7",-0.75,january15_january16
35,1.349998000584749e+18,Simplicity is key 🔑. Mask up. Wash your hands. Mind your business. Cheers to the weekend 🥂🖤 #newenergy #awholevibe #PhreshAF 🤟🏾👑🤙🏾 @ Mind Ya Fuk'n Business https://t.co/AXs14qonk2,-0.3333333333333333,january15_january16
36,1.3500077024166175e+18,COVID-19 update @ Weschester County https://t.co/fASSJ1Ad1M,0.13636363636363635,january15_january16
37,1.3500081433597174e+18,"New single coming tomorrow to IG
#hiphop #smoke #socialdistancing #blue #purple #portrait #coverart #staytuned #stayabstract #rap #music #lyrics #lyricvideo #neon #chromatic #longhair #black #dark #trap #trippy https://t.co/M4fiBeDg7u",0.0,january15_january16
38,1.3500084583727923e+18,"Intense, smart, gutsy Gina Raimondo in more innocent days before Covid. She's shown at Scarborough Beach taking on recycling. In a few days, she will be  acting Commerce Secretary. I was (still am) very impressed https://t.co/1OaqZrNmEL",-0.1,january15_january16
39,1.3499379381136957e+18,"Bloomfield Pulse Condolences to all of the families 

Essex County Coronavirus Cases
Updated: Friday, January 15, 2021

#07003covidupdate #bloomfieldnj @ Bloomfield, New Jersey https://t.co/HO2vnmY5kX",0.5,january15_january16
40,1.34993883155499e+18,Eviction moratorium protest outside the @cdcgov   #eviction #evictionmoratorium #cdc #pandemic #covid19 #atlanta #ATL #georgia @epaphotos #epaphotos @housingjusticeleague @ Centers for Disease Control and Prevention-CDC https://t.co/XiKoqH9Mtb,0.0,january15_january16
41,1.3499419192380088e+18,"20K+ #Google searches 4 Ernie Boch Jr 6h old https://t.co/PHmrB5Hs0s https://t.co/GdHvgpoGrC 
#Boston 🌅 7:10 🌆 16:37 EST
#Covid19
#SuffolkCounty 01/13/2021
New CS 575 14DCSΔ +15.1%
New D 9 14DDΔ +5.4% https://t.co/3p8BDFNe98",-0.65,january15_january16
42,1.3499446338375393e+18,Thoughts? San Francisco:: COVID Politics: California Democrats Starting To Take Gov. Newsom Recall Effort Seriously https://t.co/Swil95i5sQ @HainesForSF 2020,0.0,january15_january16
43,1.3499449124777083e+18,In the last month 13 ppl have tested positive for #COVIDー19 at my job...😷😕 I hope they are reporting this shit!,-0.06666666666666668,january15_january16
44,1.349944913689981e+18,"Almost time to get the vaccine. Seeing the light at the end of the tunnel. (@ Grand Valley Meijer Campus - @gvsu in Holland, MI) https://t.co/65syNmci51",0.21313131313131314,january15_january16
45,1.3499476620161434e+18,@Quest office doing another “covid19” test😤 (@ MLK Blvd &amp; US 301) https://t.co/UNYuPLpbRp,0.0,january15_january16
46,1.3499481566210335e+18,"Header to Long Beach VA for Pops 1st Covid vaccine shot @ Los Angeles, California https://t.co/vnl8PIr8Ws",0.2272727272727273,january15_january16
47,1.3499481876211261e+18,No #PPE shortages here! We have eight different styles of #N95 respirators in stock and available to help #StoptheSpread. #healthcare #essentialworkers https://t.co/APf09LCSaR https://t.co/dW6vyE3oaV,0.0,january15_january16
48,1.3499496925458063e+18,I got my #Covid vaccination! 😍 @ Fort Washington Avenue Armory https://t.co/RgizKv2gPA,0.0,january15_january16
49,1.3499500950312305e+18,"New single coming tomorrow to IG
#hiphop #smoke #socialdistancing #blue #purple #portrait #coverart #staytuned #stayabstract #rap #music #lyrics #lyricvideo #neon #chromatic #longhair #black #dark #trap #trippy https://t.co/yVpSkqx8rj",0.0,january15_january16
50,1.3499507078399017e+18,#flashbackfriday to @hell_city and other tattoo convention crowds! We will all rise again after this pandemic and come back together as one big tattoo family! #hellcity #hellcitytattoofest #tattooconvention #tattoofest https://t.co/W8S16M5gbJ,0.5,january15_january16
51,1.3499539800555151e+18,"Risk of COVID-19 infection in music venues “ruled out” with masks and proper ventilation, study finds:… https://t.co/KyMBQv6GYq #Musicnews https://t.co/Nbba6McCcu",0.1875,january15_january16
52,1.3499541256986378e+18,"Day 27 - Go Chiefs!!
#wearamask #100daysofmasks #gochiefs @ Kansas City, Kansas https://t.co/ufEvgqUelA",0.0,january15_january16
53,1.349954350307795e+18,Have a great Friday everyone❤ ❤❤❤!!!! Stay safe and wear a mask! 🎭🎭🎭 Just dance!💃💃💃💃❤❤ #longbeachswimmer #livinglife #gloriarincon  #wearamask #totalkneereplacement #swimmerforlife #swimming #veryblessed #5moredays https://t.co/ect5ScAk80,0.0,january15_january16
54,1.3499564873894339e+18,Just posted a photo @ Quarantine Nola 2020 https://t.co/LWPdoqXlq3,0.13636363636363635,january15_january16
55,1.3499567418286653e+18,"Coronavirus vaccine incentive: Trader Joe's, Instacart and Dollar General to pay workers to get vaccinated - USA TODAY https://t.co/8SAFrF7e4z https://t.co/dxHoaB6osw",0.43333333333333335,january15_january16
56,1.3499607699416064e+18,"WFH Day 190: Stankonia by @outkast 

#workingfromhome @ Perry Hall, Maryland https://t.co/qgWCsF4ds6",0.0,january15_january16
57,1.3499632854293176e+18,"See our latest #Leesburg, VA job and click to apply: Pharmacist - COVID 19 Vaccine Support - https://t.co/8zvpmyN0oR #HealthyCareer",0.0,january15_january16
58,1.3499647679942533e+18,"Seeing lots of do you wear a mask outside. I wear a mask 70 percent of my day during the week. #fridaymotivation @ Danvers, Massachusetts https://t.co/5VPd1hdtWj",0.5,january15_january16
59,1.3499662411302953e+18,#Dead!! 💀 #Vaccine  #NurseLife ••• #TAGSOMEONE THATS A #NURSE!! 🤔👀💉 @ United States https://t.co/kxdp51GjfK,0.2,january15_january16
60,1.3499680021843272e+18,Posted @withregram • @prettylittledee1 @ Quarantine Nola 2020 https://t.co/E08MWsELKa,-0.5,january15_january16
61,1.3499681849677169e+18,"The Anne Arundel County Department of Health has updated its website to include a new vaccine dashboard and revised FAQs. Information is changing rapidly and we'll be updating information as soon as it becomes available. 

=&gt; https://t.co/M5bayqng85
=&gt; https://t.co/IfyEUSWFsF https://t.co/LLiaji0ccr",0.0,january15_january16
62,1.3499705871422054e+18,Rolled up my sleeve &amp; did the thing! 💉 #ThisIsOurShot #Covid19 #Vaccinated @ Northeastern University https://t.co/AbYi94Ah0q,0.0,january15_january16
63,1.3499730855172055e+18,Local Action and Finn launch new mixtape series to help pay DJs during pandemic: Mixtape Club offers a… https://t.co/70BkAt0gBN #Musicnews https://t.co/lL0NEgGQEj,-1.0,january15_january16
64,1.3499753005710172e+18,"@dirtdogla last night.  Got a discount with @doordash, so I ordered extra! #DUIfries #chilicheesedog #foodporn #nomnom #stayhomestaysafe @ Pasadena, California https://t.co/ukQBPSh4LG",0.3,january15_january16
65,1.3499764767671665e+18,"Doctor receives 2nd dose of the Pfizer vaccine.

#medicalphotography #healthcareworkers #healthcareprofessional @ New York, New York https://t.co/nZUAyI0S6p",0.3,january15_january16
66,1.3499803193535939e+18,Wyandotte County COVID-19 Vaccination Interest Form  https://t.co/Duv00LcIBI,0.0,january15_january16
67,1.349989014435205e+18,Just posted a video @ Flushing Meadows - Corona Park https://t.co/QjCfFvc7QY,-0.2,january15_january16
68,1.3499964657588634e+18,"What I am watching today = January 15, 2021  https://t.co/SHuegCpCYY  #AsiaCzar #IndoPacific #LACounty #COVID #TaxRevenue #AndrewYang #NYC #Drones #FAA",0.0,january15_january16
69,1.3499975298452316e+18,Thoughts? San Francisco:: COVID Vaccine Questions Answered: Can You Still Catch Virus After First Dose? https://t.co/kIA1XOVEV5 @HainesForSF 2020,-0.003125000000000003,january15_january16
70,1.3499976725146788e+18,I put my faith in science 🧬 the Golden ticket 🎫 #covidvacccine number 1 #coviddiaries - first at this location @krogerco #maga #chinesevirus @ Kroger https://t.co/6aEIGID8pu,0.2,january15_january16
71,1.3500038178326118e+18,@BigDickRJ88 AND IT MADE YOUR DIKK HARD??!?!..LEMME GO GET THAT VACCINE!!!!🤣🤣,0.2500000000000001,january15_january16
72,1.3500045075650314e+18,Work from home life 🙌🏼 @ Washington D.C. https://t.co/UJYzcLZSKh,0.11666666666666667,january15_january16
73,1.3500053781851218e+18,"This morning's #workflow 

#workfromhome #fridayvibes #atlanta @ Midtown https://t.co/fU4Gv97dJ1",0.2,january15_january16
74,1.3500060711931208e+18,Today the start to a new Era working from home. Home desk setup and awaiting my full introduction to My new roll at Under Armor and HCL technologies as a Technical Specialist. I’m a Mac aka Apple specialist. https://t.co/DASxigboWv,0.28,january15_january16
75,1.3500077024166175e+18,The pandemic is causing us to switch things up. Glad I was able to talk with the future scholars @monaviewes for their virtual career fair! I had a blast but I think I may need to step my @tiktok game up! 🤔 https://t.co/8y3Frm6b4f,0.13636363636363635,january15_january16
76,1.3500081433597174e+18,#Dead!! 💀 #Vaccine  #NurseLife ••• #TAGSOMEONE THATS A #NURSE!! 🤔👀💉 @ United States https://t.co/NDAtW6lcDq,0.0,january15_january16
77,1.3500084583727923e+18,"20K+ #Google searches 4 Ernie Boch, Jr 7h old https://t.co/Y0WmcSYeC9 https://t.co/nbePdEd91i 
#Boston 🌅 7:10 🌆 16:37 EST
#Covid19
#SuffolkCounty 01/13/2021
New CS 575 14DCSΔ +15.1%
New D 9 14DDΔ +5.4% https://t.co/iymtHIwuEX",-0.1,january15_january16
78,1.3499361723746468e+18,Finally vaccine days are in💉 now let’s get back to business! 💰 #covid_19 #supportsmallbusiness #petcopark #tacos #besttacosintown #tacosarelife @ornelita @foodtrucktopia @ Petco Park https://t.co/HJUY8487l2,0.0,january15_january16
79,1.3499379381136957e+18,"Happy Birthday to YOU🎉🥳

 #mask #scrunchies #maskson #matching #shopglittergirlzhbz #makemasksfashionable #masks4all #allinthistogether #dmtoorder📩 @ Glitter Girlz Headbandz https://t.co/EpoqNWVfRq",0.5,january15_january16
80,1.34993883155499e+18,"See our latest #Westborough, MA #SupplyChain job opportunity and click the link in our bio to apply: COVID Molecular Lab Supervisor - 2nd Shift Westborough, MA at Labcorp",0.0,january15_january16
81,1.3499398420634706e+18,"LV Paradise 🌴 🎰 
(Peep the tees 👌🏾🤞🏾)
This trip With the Queen was one for the books even with COVID ❤️ @ Polo Towers Las Vegas https://t.co/ZS2HOyx0Xu",0.0,january15_january16
82,1.3499419192380088e+18,"Pandemic sweater from my sis @snowneena1 #supportourown @ Downtown Dallas, Texas https://t.co/tLsHzEh8Dd",-0.65,january15_january16
83,1.3499422810596434e+18,@NYSOPWDD has created plain language materials to help inform the public about COVID-19 and the COVID-19 Vaccine. Learn more by visiting their website here: https://t.co/pSgkFuYIXV https://t.co/NqGm5OBoGj,0.5,january15_january16
84,1.349944913689981e+18,#masks #covid_19 #trumpanzees @ The Wakey Bakey Pastry Shoppe https://t.co/ndtsPFNkCc,0.21313131313131314,january15_january16
85,1.3499476620161434e+18,A little breakfast while waiting on my Toyota in service 😛🍺 - Drinking a Corona Familiar by @GrupoModelo_MX @ Findlay Toyota  — https://t.co/lVuXZK7wMP,0.0,january15_january16
86,1.3499481876211261e+18,But...but...the reserves...  https://t.co/yTmLWKDuM5,0.0,january15_january16
87,1.3499496925458063e+18,"BREAKING: Vaccine reserve was already exhausted when Trump administration vowed to release it, dashing hopes of expanded access!

https://t.co/JpWq1LdGFl",0.0,january15_january16
88,1.3499507078399017e+18,"@acdha We stopped after thanksgiving, under the assumption that each successive holiday was going to cause a new spike. At this point the only things we can do to get even safer is upgrade our PPE for the truly unavoidable ventures out, and wait to get vaccinated.",0.5,january15_january16
89,1.3499537064023204e+18,[WATCH] Jasmine's Caribbean Cuisine Bravely Opens In Times Square During Pandemic https://t.co/aIZkZ67Plg https://t.co/o77I5iKVY3,0.13636363636363635,january15_january16
90,1.3499541256986378e+18,"WA and OR Governors saying that there are no reserves of vaccine to send to states, they were told.😖 https://t.co/tlPoPD3WEl",0.0,january15_january16
91,1.349954350307795e+18,"Most of the most famous cemeteries in New Orleans are closed to the public during the pandemic, but the lesser-known (and totally uncrowded) St. Louis Cemetery #3 is still open. @ New Orleans, Louisiana https://t.co/2w6Dv8rBYD",0.0,january15_january16
92,1.3499584536415683e+18,"Imagine that. He not only has a plan, he shares his plan with us. That's the way to go, Joe! #rescueplan #coronavirus #covid #food @ The Wakey Bakey Pastry Shoppe https://t.co/Hm7cgFh32d",0.1,january15_january16
93,1.3499585724116787e+18,"🐆 Are weekends even a thing anymore? #quarantinelife #stayhome @ Oakland, California https://t.co/hkqvfVN0Ii",0.0,january15_january16
94,1.349960262179119e+18,Take that COVID!  💉 @ Department of Health https://t.co/DnV7yxQOvc,-0.016666666666666666,january15_january16
95,1.349960263269716e+18,"Friday work from home mood #workfromhome #labradorretriever #lab #dog #workmate #labrador #wearingpants #gay #gaymenwithdogs #tgif #mood #lapdog @ Redmond, Washington https://t.co/MpeXyZFIYd",0.06666666666666668,january15_january16
96,1.3499603894804398e+18,can't wait for everything to close again and get no government support again https://t.co/ldTWyNqwT8,0.0,january15_january16
97,1.3499632854293176e+18,Out with my previously COVID stricken and currently concussion suffering bride. She loves this spot and love her! Makes for a fun lunch! @ The Farm at South Mountain https://t.co/9W8L95z1N4,0.0,january15_january16
98,1.3499647679942533e+18,You can keep them text messages but so simple 🤦🏽‍♀️😂 @ Quarantine Nola 2020 https://t.co/qwCSjQFpH6,0.5,january15_january16
99,1.3499662411302953e+18,"20K+ #Google searches 4 One Night in Miami 1h old https://t.co/dT88TYB8Kh https://t.co/MM1sxuj6Kb 
#Miami 🌅 7:08 🌆 17:51 EST
#Covid19
#Miami-DadeCounty 01/13/2021
New CS 2568 14DCSΔ +11.8%
New D 20 14DDΔ +6.8% https://t.co/vet9jghrsX",0.2,january15_january16
100,1.349967940616024e+18,"#danceordie
Quarantine MLK weekend mood
Jewels by @anderson._paak @ Glendale, California https://t.co/1Qa79CmHHy",0.0,january15_january16
101,1.3499680021843272e+18,Tuna Poke Bowl. #eatlikeyoumeanit #addavocadoifyoudare #wearamask😷 please 🙏 @ The New Oxford Canteen https://t.co/epEVfQLImh,-0.5,january15_january16
102,1.3499689326654996e+18,Just posted a photo @ Quarantine https://t.co/qfk6BPoUG1,0.3,january15_january16
103,1.3499751109297193e+18,"Thank you to Ocean State Job Lot on Atwood Ave in Cranston for the PPE donation. Operations Supervisor Anna Giguere, Team Leader Eric Gagner, Assistant Store Leader Mike Wyatt, and Assistant Store Leader Tom Connolly. https://t.co/KFzN6bpi2T",0.4166666666666666,january15_january16
104,1.3499751145242296e+18,"The Hawaiians headed back to school after a long vacation and quarantine. #hailichristianschool #tomasellikeiki #gospellife @ Hilo, Hawaii https://t.co/3ED3gygfVV",0.13636363636363635,january15_january16
105,1.3499803193535939e+18,"💉I don’t want the vaccine yet 🙅🏽‍♂️. So tell your friends, “Pull ya mask up shortie‼️”
🗣@mayorbmscott ✊🏽 @ Baltimore City https://t.co/IpUqXpq8w2",0.0,january15_january16
106,1.3499810754691727e+18,"Perfect winter gift especially during a pandemic! 

#flowers #pandemic #pandemic2021 #birthday #winter2021 #bouquet #bouquetofflowers #hamiltonma  #hamilton  #northshorema @ Hamilton, Massachusetts https://t.co/IhZiEB8hMW",0.0,january15_january16
107,1.3499846133688197e+18,"LINK IN BIO... the newest video from N.B.S. x Snowgoons “Pandemic” is now here Feat. ST (Term, Easy Money &amp; REKS) shot by Don Films Trailer by DJ Tray #ItsTheVets @ Cambridge, Massachusetts https://t.co/a1em4Cp4yv",0.0,january15_january16
108,1.349992569556656e+18,Thoughts? San Francisco :: Got vaccine q’s? The Exploratorium and UCSF docs got the answers https://t.co/iAOqirbFde https://t.co/Ci0KpQaum5,0.0,january15_january16
109,1.3499932042554368e+18,"I got to give my mommy her first COVID shot! Thank you @adventhealth for the opportunity to have my mom vaccinated! 
#AdventHealth #IGotTheShot 
💉🙌🏽 @ AdventHealth Wellness Center - Wesley Chapel https://t.co/KWcriSMdf4",0.0,january15_january16
110,1.3499975298452316e+18,"@abbottglobal point of care nasal swabs for diagnostic covid 19 rapid testing Approved for Emergency use for acute exposure  (within 7 days) #nursepractitioner #covid19 #coronaviruspandemic @ Detroit, Michigan https://t.co/2mb9ceI9SR",-0.003125000000000003,january15_january16
111,1.3499976725146788e+18,"ITS FRIDAY TURN UP!!!! CLICK THE LINK IN MY BIO TO CONNECT TO THE STATION 24/7 REQUEST SHOUTOUTS OR FOR BUSINESS CALL OR TEXT 24/7 786.262.2476 24/7 🔥BE SAFE AND WEAR A MASK 😷 @ Miami Beach, Florida https://t.co/kJZy35Yi5k",0.2,january15_january16
112,1.3499978391794196e+18,"Just posted a photo @ Corona, California https://t.co/stHoX7yHz5",-0.75,january15_january16
113,1.3500022126558167e+18,VACCINES HAVE #NEVER BEEN A #GOOD THING FOR THE PEOPLE. ESPECIALLY THE #AFRICAN PEOPLE OF THIS WORLD. 🌐 #DSLWORLD ☀️ @ California https://t.co/uSNHQZnnyr,0.0,january15_january16
114,1.3500045075650314e+18,Back to the grind! Gotta love Friday Pandemic Preliminary Hearings! #DoIHaveSomethingInMyTeeth @ San Fernando Court https://t.co/KZxgRny5EO,0.11666666666666667,january15_january16
115,1.350005284614226e+18,"Y’all know imma keep this MF thang on me 😤. So grateful that I was able to receive this vaccine and do my part! @ Philadelphia, Pennsylvania https://t.co/2ffbfAqph4",0.0,january15_january16
116,1.3500053781851218e+18,"Finally!!! I got the COVID vaccine today.
#fyp #foryoupage #foryourpage @ San Jose, California https://t.co/Nov7QuA3wT",0.2,january15_january16
117,1.3500055685352202e+18,We Helping 1200 Families Get A Better Credit Score And Become Homeowners In 2021. Prospering During The Pandemic!! DM Me Now We Can Help You. It’s Your Time And Turn!! @ Operation Impact Community Development Center https://t.co/UF8cQ5DtcP,0.12424242424242422,january15_january16
118,1.3500060711931208e+18,"S/O @souljaboy can’t get enough of pandemic dat bih crack 💯 @ Gwinnett County, Georgia https://t.co/21RujaHuxK",0.28,january15_january16
119,1.350006822141268e+18,Governor Announces COVID Relief Funding for Entertainment Venues https://t.co/USOV6E80Zx,0.2,january15_january16
120,1.3500072434592195e+18,When they tell you the hotel pool is closed due to COVID...you substitute it for the biggest sandbox you know 😍#oceancity #myfavoritepasttime #nevertooold @ Ocean City Boardwalk https://t.co/CvT9DPc9vL,0.0,january15_january16
121,1.3500077024166175e+18,"Need emergency assistance during COVID in Crow Wing County?

Click the link below:

https://t.co/VP7PKTKiry

#brainerdlaps #stapleslaps #brainerd #staples #minnesota https://t.co/P4AeFKmsmP",0.13636363636363635,january15_january16
122,1.3500077035741798e+18,"Don't submit then quit. Apply for jobs like ""Licensed Clinical Social Worker Case Manager - LCSW - Telework MO"" at CVS Health, then look for people you might know at the company. You might be able to reach out to HR directly. Ready to apply? Check out the link in our bio.",-0.03125,january15_january16
123,1.3500081433597174e+18,I don't give a 🖕🏾 about likes or follows..I had my first email address is 93🤦🏽‍♀️✊🏿 @ Quarantine Nola 2020 https://t.co/vr52LEojoa,0.0,january15_january16
124,1.3500084583727923e+18,Thoughts? San Francisco:: Bay Area COVID Roundup: Vaccine Rollout Seeing Mixed Results; Seniors Facing Vaccine ‘Logistical Nightmare’; San Jose State Women’s Basketball Cancels Season https://t.co/foVNaJhORq @HainesForSF 2020,-0.1,january15_january16
125,1.3500098773478892e+18,I tested negative for covid but I'm still under quaratine for 10 days! Have Mercy @ LSU Health System North Baton Rouge Clinic https://t.co/ZAakAELOeA,0.38333333333333336,january15_january16
126,1.3500100353473495e+18,"Both OR and WA Governors put this out an hour or so ago. I am floored, and 😡.  https://t.co/tlPoPD3WEl",0.0,january15_january16
127,1.350011077745111e+18,"New single coming tomorrow to IG
#hiphop #smoke #socialdistancing #blue #purple #portrait #coverart #staytuned #stayabstract #rap #music #lyrics #lyricvideo #neon #chromatic #longhair #black #dark #trap #trippy https://t.co/TbTOvBbUkB",0.0,january15_january16
128,1.3500116222746788e+18,"Trump's #COVID19 #Pandemic has significantly affected life expectancy: Life expectancy at birth for Americans will shorten by 1.13 years to 77.48 years thanks to Trump. That is the largest single-year decline in life expectancy in at least 40 years!

https://t.co/dXe30uYftQ",0.0,january15_january16
129,1.3499357914184745e+18,When you walk around the neighborhood 5 days before Inauguration &amp; the National Capital is on lockdown under a state of emergency...  #presidentialtransition #byeDonald #helloJoe @ Washington D.C. https://t.co/RzjnTVOJSZ,-0.05555555555555556,january15_january16
130,1.3499368907204854e+18,"Can you recommend anyone for this #pharmacist #pharmd job in Spokane, WA? Click the link in our bio to see it and more. Pharmacist - COVID 19 Vaccine Support at CVS Health",0.0,january15_january16
131,1.3499398420634706e+18,"We Back
Faxk Covid !!
Sunday at 6pm
Ventradio @ Southfield, Michigan https://t.co/mxpwdHoCPU",0.0,january15_january16
132,1.3499419192380088e+18,Wear a mask #wearamask #timeoutnewyork #wearamask😷 #wearadamnmask #nycactor #nyccasting #timeoutnewyork #artonlink #ny1pic #coronatimes #pandemic2020 @ Macy's https://t.co/aFEWNdw4oC,-0.65,january15_january16
133,1.3499449124777083e+18,"Inspite of the Pandemic, We Are Determined to Continue Preparing For Students Returning, Here Are Samples of Mrs. Kugelman's 5th Grade Class &amp; Mrs. Polidano's Class w/Sub Miss Cazares 👍😊😎🙌 @haciendalapuenteusd @tiffk19 https://t.co/AluKsskyU1",-0.06666666666666668,january15_january16
134,1.3499477558385336e+18,Being #1 in the world with infection rates during a global pandemic apparently not ‘a rainy day’. https://t.co/nRSiMH7O5g,0.0,january15_january16
135,1.3499481566210335e+18,"Corona taught us this lesson more than we ever would have thought possible..
#PunOfTheDay
#ShadedPuns @ Los Angeles, California https://t.co/ja4bXwSwxP",0.2272727272727273,january15_january16
136,1.3499481876211261e+18,"Waiting for the day covid let’s me play again 😭 @ Prescott, Arizona https://t.co/4eS6NWMzbD",0.0,january15_january16
137,1.3499483722207232e+18,We have the sweetest Nurse who has helped us through COVID! #LoveMyPuppy #TheFatLouie #LouLou #NurseLouLou @ Indian Valley Lake https://t.co/ZhXHmGUJVg,0.375,january15_january16
138,1.3499496925458063e+18,Is she ever not agro? https://t.co/wL063hiKVE,0.0,january15_january16
139,1.349950944587477e+18,"Power of Credit &amp; Work From Home Webinar FRIDAY NIGHT at 9pm EST 

Presenters:

RVP Erica Sanford  &amp; RVP Coach Kev

https://t.co/yCCF8VkpXd 

Meeting ID  204 409 1988 @ Broward County, Florida https://t.co/PqWRcFNH4l",0.35,january15_january16
140,1.3499537064023204e+18,"Nice night out at @sangria71 with friends #covid_19 #covidpandemic #maskup #paella #skirtsteak #spanish @ Sangria 71 - Commack, NY https://t.co/afOhHZfRlS",0.13636363636363635,january15_january16
141,1.3499541256986378e+18,"Me, while they're tryna give me that fuck ass vaccine! 🤣🤷🏾‍♂️😏

#PettyFridays @ Chicago, Illinois https://t.co/WfSLC1OuFd",0.0,january15_january16
142,1.349954350307795e+18,"Me: So are we making this a Hip-Hop thing or a Rock/Metal thing?
Band: Yes. 
Me: 👌🏽

#drums #drummers #session #recording #workingfromhome #ihitthings @ New York https://t.co/xsp70AJraN",0.0,january15_january16
143,1.3499564873894339e+18,"The United States has passed 400,000 confirmed COVID-19 deaths",0.13636363636363635,january15_january16
144,1.3499567418286653e+18,New job posting: COVID-19 Lead Case Investigator (Schools and Childcare Centers)- Public Health https://t.co/PaiPcOzKwv,0.43333333333333335,january15_january16
145,1.3499584547907953e+18,"This #SkilledTrade job might be a great fit for you. Click the link in our bio to see it and more. COVID-19 Lab Technician - 1st shift at Adecco #Gaithersburg, MD",0.0,january15_january16
146,1.3499585724116787e+18,"Good eats :)  Where do you like to dine?

#outdoordining #2021eats @jsbbq_belmar #burgerandfries #wearamask #belmarnj #thejerseyshore @ JSBBQ https://t.co/zlFqbXR95D",0.0,january15_january16
147,1.349960263269716e+18,"UAMS has a unique combination of education, research and clinical expertise that promotes and supports teamwork and #diversity. We’re looking for someone to serve as our latest PRN RN- IMSL FMC COVID Infusion. https://t.co/F9AtzxrzPu #Nursing",0.06666666666666668,january15_january16
148,1.3499603894804398e+18,Progress in the Pandemic!! #GNB @ Greater New Bethel Baptist Church https://t.co/j7N70VkqU7,0.0,january15_january16
149,1.34996052036796e+18,"Alabama Department of Public Health drive through COVID-19 Vaccination Clinic Tuesday, January 19th. See attachment for additional details. https://t.co/BctrQgJU5n",0.15833333333333335,january15_january16
150,1.3499607699416064e+18,"Progress in the Pandemic, can’t wait to get back!! #GNB @ Greater New Bethel Baptist Church https://t.co/amQ8VALRkm",0.0,january15_january16
151,1.349964158704382e+18,"20K+ #Google searches 4 @VonMiller 1h old https://t.co/8B1DLpu5QX https://t.co/XCaZQNalrL 
#Denver 🌅 7:18 🌆 17:00 MST
#Covid19
#DenverCounty 01/13/2021
New CS 235 14DCSΔ +10.3%
New D 4 14DDΔ +6.5% https://t.co/6kqrjOo946",0.0,january15_january16
152,1.349967940616024e+18,Just posted a photo @ Quarantine Nola 2020 https://t.co/DcmYU1AtPz,0.0,january15_january16
153,1.3499680021843272e+18,"50K+ #Google searches 4 Ernie Boch Jr 13h old https://t.co/PHmrB5Hs0s https://t.co/GdHvgpoGrC 
#Boston 🌅 7:10 🌆 16:37 EST
#Covid19
#SuffolkCounty 01/13/2021
New CS 575 14DCSΔ +15.1%
New D 9 14DDΔ +5.4% https://t.co/i15Fh6NyAT",-0.5,january15_january16
154,1.3499689326654996e+18,"We're hiring! Read about our latest job opening here: Prep Cook - https://t.co/0ijpEGcp6m #Corona, CA #cook",0.3,january15_january16
155,1.3499742889593037e+18,"It’s better to be safe than lose a love one 🙏🏽😢
#covidsucks #stayhome #wearamask @ Lynwood https://t.co/VA0PXAh6J5",0.25,january15_january16
156,1.3499751109297193e+18,"@joebiden Adult. Humane human being. Truth teller. Compassionate leader. 
•
•
•
#endcovid19 #covid19 #wearamask😷 #getvaccinated #covid19vaccine @ The United States of America https://t.co/eWXkqY5aDk",0.4166666666666666,january15_january16
157,1.3499751145242296e+18,"Tonight we will be at The Vine in Chapel Hill, TN. 
4704 Nashville Highway Chapel Hill, Tennessee

Doors open at 6pm. 
Come and rock out with us!

(we encourage masks and social distancing.) @ The Vine https://t.co/Xgd9rcFlaf",0.13636363636363635,january15_january16
158,1.3499753005710172e+18,"😂😂😂ikr..💯
Posted @withregram • @vii.0.i 😭😭🤣🤣🤣 @ Quarantine Nola 2020 https://t.co/wmZxMYdy9g",0.3,january15_january16
159,1.3499764767671665e+18,"First vaccination shot done (only stickers they had left lol)

#fcovid19 #vaccinatedagainstcovid19 #vaccine #maskup #covid_19 @ Philadelphia, Pennsylvania https://t.co/XS9Dqfzeao",0.3,january15_january16
160,1.3499780110433935e+18,"I’d love to know how many doses Arlington has on hand, and how many have been administered. Is that info available anywhere? https://t.co/SaPJsJkilK",0.05,january15_january16
161,1.3499785941902418e+18,Just posted a video @ Café Quarantine https://t.co/hTejLQ2mFC,0.2,january15_january16
162,1.3499803193535939e+18,Pfizer BioNtech COVID Vaccine #2. Feeling fine. Just a mildly sore arm. @ Cleveland Clinic Florida https://t.co/Y9IAzjINwG,0.0,january15_january16
163,1.3499810754691727e+18,Thoughts? San Francisco :: Biden’s Covid vaccine plan focuses on communities of color https://t.co/SvnWghzmDr,0.0,january15_january16
164,1.3499818777430876e+18,Good for them. This is the right call. https://t.co/Fl9fjvnla5,0.13636363636363635,january15_january16
165,1.3499846133688197e+18,"Working from home. #wfh en The Town, East Side Oakland. https://t.co/4bvHIw6nFR",0.0,january15_january16
166,1.349989014435205e+18,So close and yet so far! @ Quarantine 2021 https://t.co/id0sNBMEPs,-0.2,january15_january16
167,1.3499913371525816e+18,"COVID-19 Vaccine #1.  #2 in three weeks.
People in line were fearful of the pain of injection. &lt;really?&gt;
An hour later, have no site discomfort. Waiting is the hardest part. @ Beaver Brook https://t.co/JgEw9q1A7L",0.0,january15_january16
168,1.349992569556656e+18,"Very proud and happy to be doing my part to help end this #pandemic!!! #covidvaccinated✔️ @ Monroe, Michigan https://t.co/f1eKqdHjLe",0.0,january15_january16
169,1.3499940814143816e+18,"I haven't had a cocktail since the first lockdown in March 2020. Since I've always liked sweet drinks, this Blue Raspberry Freeze from @applebees was very well made and much appreciated. https://t.co/4CawwvW88X",0.0,january15_january16
170,1.349994470423593e+18,"Nervous to apply for a job like ""Mental Health Clinician: Marriage &amp; Family Therapist &amp; Social Worker-Bilingual Preferred"" at The Children's Village? Apply even if you're not a 100% match. You might be underestimating your value. Click the link in our bio for more info.",-0.05,january15_january16
171,1.3499944882744238e+18,"Let’s get this vaccine into some arms!! #aspen #vaccinessavelivess  #thebeginningoftheend @ Aspen, Colorado https://t.co/jeLojt5Pq1",-0.125,january15_january16
172,1.3499975298452316e+18,"I am officially a statistic. 
#COVID19
#RONA2021 @ VA Maryland Health Care System https://t.co/XjGzPrdMYc",-0.003125000000000003,january15_january16
173,1.3499976725146788e+18,It begins https://t.co/ioFgKRAflN,0.2,january15_january16
174,1.349998000584749e+18,Experimental mRNA vaccines that code for spike proteins are killing people? I’ll wait until the lymphomas start hittin’ before I dig up last month Tweets.,-0.3333333333333333,january15_january16
175,1.350003044721705e+18,"Feeling’ pretty grateful that I have the opportunity to protect my patients, my family and friends, and myself by getting the COVID-19 vaccine! @ Oregon Health &amp; Science University (OHSU) https://t.co/N70YrdFlkA",0.0,january15_january16
176,1.3500038178326118e+18,"Who’s Ready!  CROUSE’S invites you to our Patio Grand Opening &amp; 5 year Anniversary get together! (COVID Style)!
Come done &amp; enjoy Yuma’s sunshine &amp; great food!  Great beer selection too! @ Crouse's Flat Top Grill https://t.co/V0DU6wL2ff",0.2500000000000001,january15_january16
177,1.3500055685352202e+18,😷X Marks The Spot. #chemtrails #geoengineering #haarp #wearamask @ Melrose Avenue https://t.co/8732BOFb1V,0.12424242424242422,january15_january16
178,1.3500060711931208e+18,"Vaccine signup. Later. If ever. Video description: page loading indefinitely. @ Costa Mesa, California https://t.co/58el9bc9R0",0.28,january15_january16
179,1.3500067177451274e+18,The weather SUCKS but we are still gonna jam on a heated and covered porch! North Myrtle Beach! @boardwalkbillysnmb! 6PM! #prettierthanmatt #rainraingoaway #socialdistancing @ Boardwalk Billy's NMB https://t.co/LDwedALgac,-0.975,january15_january16
180,1.350006822141268e+18,"🚨New Face Masks Alert 🚨

These adorable styles (and more) are now available at Dance Etc! 

#danceetcnc #shoplocal #shoplocalraleigh #servingthetrianglesince2006 #trustadancertoknowdancewear #facemasks #masks #ppe #new https://t.co/wlf2qaa2vo",0.2,january15_january16
181,1.3500072082564096e+18,"blue friday how does it feel not new order pandemic insurrection 2021
#lofi #soundartists #teenageengineering @ South St. Louis City https://t.co/NgEW4LwbfZ",-0.6,january15_january16
182,1.3500072434592195e+18,"PLEASE SHARE! FREE COVID testing and food distribution happening at Pep Mueller on Saturday, Jan. 23rd. @ Mueller Park https://t.co/YsaPkBh5ca",0.0,january15_january16
183,1.3500077024166175e+18,"Can you recommend anyone for this job? Covid Vaccine Administrator (Registered Nurse II) https://t.co/z0HzcrC4NL Mcminnville, OR",0.13636363636363635,january15_january16
184,1.3500077035741798e+18,"Quaranteam: Covid Edition 🔫
.
.
.
#quarantinelife #paintball #paintballing #paintballlife #vegan #vegansofig #veganlife #veganlifestyle #couple #couplegoals #fit #fitness #fitvegan #safetyfirst @ Los Angeles, California https://t.co/OC7zLgjlN5",-0.03125,january15_january16
185,1.3500084572989932e+18,"Obligatory COVID-19 Vaccination post 💉 💪 Just a poke! One down, one to go. Thanks @samaritanhealthservices for coordinating this massive feat! #StrongerTogether #PlayOffense #PlayDefense @ Sam Care Express https://t.co/UhzHwUeyPQ",0.0,january15_january16
186,1.3500084583727923e+18,"Who’s Ready!  CROUSE’S invites you to our Patio Grand Opening &amp; 5 year Anniversary get together, COVID Style), tomorrow starting @ 11!!
Come down &amp; enjoy Yuma’s sunshine &amp; great food!  Great beer selection too! https://t.co/BGzNLTFwkh",-0.1,january15_january16
187,1.3500100353473495e+18,New Trump GTFO of the office covid monster Tshirts available for$45.00 cashapp@678-558-4273 please email us your order @planetics46@gmail.com  #Replicansagainsttrump#democratsabroadfrance #dumptrump https://t.co/jLG48uOdqU,0.0,january15_january16
188,1.350011077745111e+18,"Just me again. See, during quarantine I bought a lot of clothes that I haven't been able to wear, so I decided to just put them on and....#violettemeier @ Decatur, Georgia https://t.co/kL2L1PnVJ0",0.0,january15_january16
189,1.3500116222746788e+18,#covid19 #pfizer #vaccinated #1stdose #ukhealthcare #uk @ UK Albert B. Chandler Hospital Pavilion A https://t.co/TqzgopwzNj,0.0,january15_january16
190,1.3500129558075924e+18,"Beautiful memories 💖 @ Corona, California https://t.co/tW1vbTgG4V",0.0,january15_january16
191,1.3499357914184745e+18,COVID-19 update @ Gristedes Supermarkets #059 https://t.co/UCJfQtq3If,-0.05555555555555556,january15_january16
192,1.3499379381136957e+18,"Took my eighth Covid test on Monday and this is my eighth negative result. @ Cleveland, Ohio https://t.co/ZV4f78MgaG",0.5,january15_january16
193,1.34993883155499e+18,"COVID-19 update @ New York County, New York https://t.co/J3fjnTa4MW",0.0,january15_january16
194,1.3499419192380088e+18,"See our latest #Corona, CA job and click to apply: Sales Manager - https://t.co/VWFecd8DEW #Sales",-0.65,january15_january16
195,1.3499446338375393e+18,"Pigeon Forging, quarantine style. @ Pigeon Forge, Tennessee https://t.co/2NnVQ9vNwm",0.0,january15_january16
196,1.3499449124777083e+18,"Helping with deliveries today. RNCPOD Team working hard today. #stayhome #wearamask @ Mt. View, New Mexico https://t.co/qNEyq5xK7D",-0.06666666666666668,january15_january16
197,1.3499449138870723e+18,I fail to grasp the understanding of when and where safety and hygiene rules are used... No hand sanitizer or wipes... @ Rushmore Mall https://t.co/JThuM6uMiP,0.07500000000000001,january15_january16
198,1.3499476620161434e+18,Received my Covid-19 vaccine @ Dodger Stadium https://t.co/s0MIcrAphO,0.0,january15_january16
199,1.3499481876211261e+18,"Just posted a photo @ Roosevelt Ave , Corona Queens NY https://t.co/uOZIIfUkhF",0.0,january15_january16
200,1.3499496925458063e+18,Just posted a photo @ 103 Corona Plaza 7 Train https://t.co/dToLttLe9a,0.0,january15_january16
201,1.3499537064023204e+18,"@jonbecker I scheduled haircuts for the girls (first on over a year, after finding one that is super Covid safe) and only realized after booking it was Wednesday and briefly wondered if I should worry. That’s how you know it’s not exactly a peaceful transition.",0.13636363636363635,january15_january16
202,1.3499541256986378e+18,Just got my first dose of the Pfizer vaccine. @COSAGOV ran a very efficient drive-through clinic!,0.0,january15_january16
203,1.3499559466137887e+18,"It’s my first time seeing my parents post-holidays and after self quarantine - LOVE you Mom &amp; Dad!! 😷 #socialdistancing #wearamask @ Irvine, California https://t.co/pOErodMh3P",0.35,january15_january16
204,1.3499564873894339e+18,"Post vaccine #1 treat. Keeping traditions alive. #adulting #fridaynightvibes 
#donut inspo: cousin L.O. 
.
.
#pandemiclife #covid_19 #moderna #mylife #momlife #authorslife #writerlife @ New Hampshire https://t.co/bcuklhH26f",0.13636363636363635,january15_january16
205,1.3499584536415683e+18,I Stay Ready How Bout You Oh Wait We A Still Can't Go Know Where Well Played Covid-19 🤠😎😳🤷‍♂️😜 @ United States https://t.co/gUv7yvRGfx,0.1,january15_january16
206,1.3499585724116787e+18,"Just got my first COVID-19 vaccination! #vitalant #covid_19 #covid_19vacccine #vaccinesafetyadvocate #vaccinessavelivess #memphis #maskup @ Memphis, Tennessee https://t.co/1fDpcWAIgs",0.0,january15_january16
207,1.349960262179119e+18,COVID-19 Temperature check at work. #temperaturecheck #covidtemperaturechecks #covidtemperaturecheck @ Denver International Airport https://t.co/bqqUpKfmSx,-0.016666666666666666,january15_january16
208,1.34996052036796e+18,"Dear San Antonio.
Y'all coming out?
The COVID plan is SOLID and SAFE. 
LETS GO!!!! @ Mark's Outing https://t.co/mdS5JuPOzH",0.15833333333333335,january15_january16
209,1.3499607699416064e+18,"#VACCINATED!!

Please, please, please go get vaccinated when your group is called.  

And in the meantime, let’s stay strong, wear masks, and practice social distancing.  The end is in sight!

@chelseamarketny https://t.co/HQVokrQSBi",0.0,january15_january16
210,1.3499640359999488e+18,"So we couldn’t disrespect  these ATL streets all bday week and not close out with a cooties test. 😬 (we were masked up as well). 

#covid_19 #georgia #gettested #cooties #pulledmybrainsout @ Atlanta, Georgia https://t.co/fm6XQ2SeVr",0.0,january15_january16
211,1.349967940616024e+18,Just posted a photo @ 103 Corona Plaza 7 Train https://t.co/RK5kjFVll6,0.0,january15_january16
212,1.3499680021843272e+18,"Well, I finally got my first vaccine of two. Let’s see how this goes @ Ralphs https://t.co/qtp1gEGOZk",-0.5,january15_january16
213,1.3499689326654996e+18,So being separated is the new normal. I’m hoping that sometime by this summer we can go back to the old normal.  #ppe #facialtreatment #workwear #safetyfirst #treatmentroom @ Sonoran Naturopathic Center https://t.co/dL1f6ShDri,0.3,january15_january16
214,1.3499698618211533e+18,Friday night's NBA Game between the Memphis Grizzlies vs. Minnesota Timberwolves Game has been Postponed due to COVID Protocol!! @ Minneapolis Minn https://t.co/CitjDgFcL0,0.4,january15_january16
215,1.3499705871422054e+18,COVID-19 cases remain a concern in Gallatin County https://t.co/JHyDqzksCE,0.0,january15_january16
216,1.3499730855172055e+18,"I have lost these keys twice during quarantine/COVID. Here’s to not losing them again during this pandemic. #goals @ Bushland, Texas https://t.co/DyRvUaZC6u",-1.0,january15_january16
217,1.3499742889593037e+18,"✨New Noise✨tonight! Indie dance party! 
All indie- all underground with @brandonairlines 

Doors open at 930

😷😷😷😷😷😷

#newnoise #aliens #indie #undergroundmusic #socialdistancing @ Barbarella Houston https://t.co/3urkfu8KuP",0.25,january15_january16
218,1.3499751145242296e+18,"Did you read the Superintendent’s email today?
Sign up through MyChart. 
https://t.co/NUF6elhBeX @ Salem, Oregon https://t.co/yQoKyTHEYs",0.13636363636363635,january15_january16
219,1.3499780110433935e+18,"When you want Korean BBQ during a pandemic, you bring it home!  Keeping it low carb with my homemade #cauliflowergoldenrice using @lucas.sin recipe 😍
Thanks @hmartofficial @ San Jose, California https://t.co/sW9QTpTdsn",0.05,january15_january16
220,1.3499785941902418e+18,"COVID-19 update @ Manhattan, New York https://t.co/zseuF43dRZ",0.2,january15_january16
221,1.3499803193535939e+18,"Heading home from work... TGIF-Mode... Time 2 Unwind... Oh, &amp; a few cold beers 🍻 &amp; chill with my 2 babies 🐈 🐈‍⬛ 

#ｔｇｉｆ #depechemode #homesweethome #ilovemycats #ilovemybeers #time2create @ Florida https://t.co/Tp8uJmUT7w",0.0,january15_january16
222,1.3499818777430876e+18,"The Jurassic Drive-Thru Experience, definitely one of the best I’ve seen of this genre of pandemic entertainment. #apentertainment #apphoto @ Rose Bowl Stadium https://t.co/6THnhYI4Pz",0.13636363636363635,january15_january16
223,1.349989014435205e+18,"Accident, two lanes blocked in #WestHempstead on The Southern St Pkwy EB at Hempstead Ave/X17, stopped traffic back to Corona Ave/X15 #traffic https://t.co/cLJ9IKsg5n",-0.2,january15_january16
224,1.3499913371525816e+18,"@_theblackbutterflyy_ you mad fucking petty get yo girl @abrandnewking
#covid #coronavirus #therapist #crazy #violation #funny #dead #nochill #weak #f4follow @ New York, New York https://t.co/8dUm8yRxs5",0.0,january15_january16
225,1.349992569556656e+18,"Homophones that are not homophones when I say them. Just spicing up the second grade English curriculum. #homeschool #accents #Britsabroad #transatlantic #AmericanEnglish @ Hermosa Beach, California https://t.co/nui3xfGAHy",0.0,january15_january16
226,1.3499932042554368e+18,"Thoughts? San Francisco:: COVID Vaccines: San Francisco Opening 3 Vaccination Sites, Sets Goal of 10,000 Vaccinations A Day https://t.co/fj79wkvFrr @HainesForSF 2020",0.0,january15_january16
227,1.3499937358665974e+18,Fully vaccinated. #covid #vaccine #health #hope @ Washington D.C. https://t.co/0cueGjq9th,0.0,january15_january16
228,1.3499940814143816e+18,I just got my COVID-19 Vaccine today @ Parkland Hospital https://t.co/8bETEWUroP,0.0,january15_january16
229,1.3499944882744238e+18,"What to bring to participate in the SG Freeze Out...
● Face covering (REQUIRED)
● Snacks
● Water bottle
● Hand sanitizer
● Something hard to write on @ NC State Student Government https://t.co/fLZMlRTWDx",-0.125,january15_january16
230,1.3499964657588634e+18,We have to eat early like we are 80 years old cuz there’s no open tables later. Thank you Covid. @ Terra Plata https://t.co/8eWQt8fisg,0.0,january15_january16
231,1.3499976725146788e+18,"Albert came by for Paul's Birthday 🎈🎉🎈 Social distancing 🎂🎉🎂 @ Fullerton, California https://t.co/yS77c0zm7q",0.2,january15_january16
232,1.3499978391794196e+18,Happy #mlkweekend!  Please do your service as the pandemic will allow. @ MLK Memorial. Washington D.C. https://t.co/NpSrBkle6G,-0.75,january15_january16
233,1.349998000584749e+18,"Thank you @murderapparel for the fantabulous well crafted facemasks for Sprout and me. No fog on my glasses! 🙏👏 #WearTheFacemask #WearAFUCKINGMask😷 #WearAMask @ Stantonsburg, North Carolina https://t.co/7wJyyzp4tt",-0.3333333333333333,january15_january16
234,1.3500022126558167e+18,"During a pandemic, hope comes in many forms #tellingtheuniverse @ Newbury Park https://t.co/VmSO1cQ9Aa",0.0,january15_january16
235,1.350003044721705e+18,"How are you coping with lockdown? Sadly, I've gain pounds eating more and hopefully not turn into cartoon a year more of lockdown. @ Blinkinia Beach https://t.co/rNGnqHRr4X",0.0,january15_january16
236,1.3500053781851218e+18,"It's so funny these Republicans are going to be so mad. Now they are being made to have to wear a mask, You go girl, save this country @ Denver, Colorado https://t.co/nHrpSpzwjC",0.2,january15_january16
237,1.3500055685352202e+18,"COVID-19 update @ New York, New York https://t.co/G0FX0iamT3",0.12424242424242422,january15_january16
238,1.3500067177451274e+18,"After many months it’s finally back!!
Corona Refrescas. @ C.D. Discount Liquor https://t.co/7hJyjyFLh4",-0.975,january15_january16
239,1.3500072082564096e+18,Vaccine 💉 #1  ☑️    #covid_19 @ Murray School District UT https://t.co/mqO8efeftU,-0.6,january15_january16
240,1.3500072434592195e+18,"Even in the age of COVID, love flourishes. @ Austin, Texas https://t.co/6EkUZlbvqF",0.0,january15_january16
241,1.3500077024166175e+18,"New songs are coming!! Here's a little preview from the song ""I don't kno""... #BigLegion #hiphop #westcoast #rap #CLance #california #IDontKnow #comingsoon #sneekpeak #newmusic @ Corona, California https://t.co/q540IO1i8L",0.13636363636363635,january15_january16
242,1.3500077035741798e+18,"Literally every Friday night in a pandemic. #catsofinstagram #pandemiclife @ Braddock Hills, Pennsylvania https://t.co/0NMC4AygU1",-0.03125,january15_january16
243,1.3500084572989932e+18,Posted @withregram • @makeheryourqueen_ @ Quarantine Nola 2020 https://t.co/2TBuRnHLn5,0.0,january15_january16
244,1.3500098773478892e+18,"❄ I've had enough winter now. ❄ Grateful I work from home and don't have to get out in it. Next season please! @ Kansas City, Missouri https://t.co/MzgkYHVrlC",0.38333333333333336,january15_january16
245,1.350011077745111e+18,"Feral Benny waiting for his breakfast! We got him a cat house! Hopefully he’s using it, on cold nights! 😻🏠😻 #lovebenny #feralbenny #tabbycat #bennyshouse #thankful #grateful #love #staysafe #wearamask https://t.co/YApBgSgELd",0.0,january15_january16
246,1.3500116222746788e+18,"IT'S FRIDAY!! 😊🤣
Sending you all positive energy today! Stay safe! 😷

#theoffice #officehumor #workprobz #workmemes #careers #careerplanning #wfh #thesituation #work #worklife #wfhhacks #igers #instalike https://t.co/TYoavBNCf3",0.0,january15_january16
247,1.3500120663677542e+18,Unisphere. @ Flushing Meadows - Corona Park https://t.co/daBDtRLUTK,0.0,january15_january16
248,1.3499357914184745e+18,See our latest NY job and click to apply: Pharmacist - COVID Testing Support NY - https://t.co/jaWS3P3YA8 #pharmacist #pharmd,-0.05555555555555556,january15_january16
249,1.3499361723746468e+18,"Olivia gets in the picture, box ready for 2021 and my 5th - 5th Covid - era #patattootour😷🇺🇸 @ Orlando, Florida https://t.co/0xybF918Gh",0.0,january15_january16
250,1.3499368907204854e+18,"Thoughts? San Francisco ::   SOGI info only applies to positive COVID cases - Bay Area Reporter, America's highest… https://t.co/JXvPXUqnfI",0.0,january15_january16
251,1.3499379381136957e+18,Cold Friday nights during Covid call for homemade cookies #cookiemonster #homemade #yum @ Downtown Nashville https://t.co/SbnKO1CWg6,0.5,january15_january16
252,1.3499398420634706e+18,"Does quarantine have you feelin' humdrum and / or does the winter weather have your serotonin runnin on low? Ain't no problem... we can fix that! @ Beckley, West Virginia https://t.co/JBGY6MDPOS",0.0,january15_january16
253,1.3499419192380088e+18,"My beautiful Kiri Rose 🌹 loves hanging out with daddy when mommy’s away 😍 #girldad #loveofmylife #preciousmoments #memories #family @ Corona, California https://t.co/6BX7fe70Gb",-0.65,january15_january16
254,1.349942757889106e+18,#dropzonebar #fridayvibes #djocean #sanantonio #wearamask #chamoyshots #barbiewhiteclaws #jager #patiobar @ Drop Zone Bar &amp; Grill https://t.co/iWGcwqLH9j,0.03333333333333333,january15_january16
255,1.3499446338375393e+18,Thoughts? San Francisco:: COVID Vaccine: Supply Constraints Thwart Rapid Rollout in California https://t.co/OBer1DC3VD @HainesForSF 2020,0.0,january15_january16
256,1.3499449124777083e+18,Please don’t do this. Natural immunity from illness is just 5-6 months. Even with vaccine you still can get sick and transmit to others. Mask. Distance. We will get through this but we need a bit more time. https://t.co/sBrCPMoZar,-0.06666666666666668,january15_january16
257,1.3499449138870723e+18,"Lobster Ramen in the best bubble. #izanami #takeout #stayhome @ Santa Fe, New Mexico https://t.co/ltoWCZLNsB",0.07500000000000001,january15_january16
258,1.3499476620161434e+18,"Very creative! #babies #facemask #facemaskforkids #kidsmask #creativeFaceMask #maskforbaby #faceShields #shield #coronaviruspandemic #pandemic #covid_19 #StaySafe @ Norwalk, California https://t.co/ciDXWDtlKe",0.0,january15_january16
259,1.3499477558385336e+18,"Celebrate excellence! Despite the pandemic and its challenges, my client @nebydagoat_ made the honor roll with straight A's this quarter... For that achievement his haircut was free! #youngscholar #2021 #STAYTRU https://t.co/gPuV7N0e5B",0.0,january15_january16
260,1.3499483722207232e+18,"The Quarantine Kitchen made homemade Broccoli Beef and fried rice (made using some left over rice from when I made Bitter Chicken) Yumms @ Los Angeles, California https://t.co/oQ9bOs5cRr",0.375,january15_january16
261,1.3499496925458063e+18,"It's great to see so many nonprofit and churches step up in this time of need during this pandemic. 

Keep up the great work, your community appreciates it! 👏🏼

#hanford #Hanfordca @ Hanford, California https://t.co/TbSVILqnkt",0.0,january15_january16
262,1.3499507078399017e+18,"back 2 work this week. 
.
.
.
#pandemic #gym #ywca #ywcampls #downtown #minneapolis #rivertown #mississippiriver  #uppermississippiriver #uppermidwest #MSP #MN @ywcampls @ YWCA Minneapolis https://t.co/GnuEEQm5yg",0.5,january15_january16
263,1.3499537064023204e+18,Family together more.  One of the many good things happening in a lockdown. @ Blinkinia Beach https://t.co/uvLeulrnDS,0.13636363636363635,january15_january16
264,1.349953976767185e+18,"join us tonight on Live with Naz. 8:30 PM PST link in bio. #dating #Love #Match #worstdates #love #LOL #Laughs #Comedy @ Corona, California https://t.co/gG7lYdtnSC",0.16428571428571428,january15_january16
265,1.3499539800555151e+18,"Jordan came home from working in Bend all week, so I thought I’d welcome him back the best way I know how. #lasagna #showstopper #madefromscratch #letsgetcooking #letseat #barefootcontessa #welcomehome @inagarten https://t.co/OA6lAiCXFg",0.1875,january15_january16
