,id,tweet,sentiment,date
0,1.3325425170159452e+18,"Home from work about to kick these shoes off, download that #noceilings3abd play cod until I pass the hell out 💪🏾💪🏾💪🏾",0.13636363636363635,november28_november29
1,1.332543499049132e+18,"You ready for DRUNKEN QUARANTINE KARAOKE tomorrow night??? 🔱🔱🔱🔱🔱 @ Madison, Wisconsin https://t.co/coHxhvXTYz",0.125,november28_november29
2,1.3325435330357699e+18,"A day later but just as special. So much to be thankful for but the pandemic has really amplified those things that really matter; family, health and freedom. @ Palo Alto, California https://t.co/sc2X3yvK6z",-0.4,november28_november29
3,1.3325549008074957e+18,"I miss going to the library. Damn you, COVID. @ San Francisco, California https://t.co/9SBf6rphQe",0.0,november28_november29
4,1.332555003240747e+18,"Mulled wine on a chilly night. #hygge  #wine #bonfire @ Corona, California https://t.co/EKRB0JoH0g",0.22666666666666666,november28_november29
5,1.332557245142487e+18,"#timweiner #richardnixon #impeachment #resignation #president #americanhistory #history #american #reading #lockdown #2020 #yorbalinda #usedbooks 👩‍🎨🖼️🐣🦃🔪🩺 @ Los Angeles, California https://t.co/pNxGuq9VoD",0.25999999999999995,november28_november29
6,1.332567256866308e+18,Biden will let health experts decide who will get a Covid-19 vaccine first https://t.co/WcqMrSZYL2 https://t.co/0K8Yudipwz,0.0,november28_november29
7,1.3325738347011154e+18,"😳🤔😆😂🤣
*
*
*
*
*
*
*
*
*
*
#CoronaVirusMemes #SARSCoV2 #CoronaVirus #COVID19 #Quarantine #Pandemic #StayHome #LiveLaughLoveLysol #PandemicVsStupidity @ Dont Trip https://t.co/Rx1to12Yqh",0.19142857142857145,november28_november29
8,1.3325754727025377e+18,"3 trips to LAX, 7 missed flights and 2 COVID tests later @ Waianae, Hawaii https://t.co/B7lAikRCH2",0.0,november28_november29
9,1.3325803690029711e+18,Just posted a photo @ Corona Cigar Company &amp; Diamond Crown Lounge https://t.co/myLb6FR6MK,0.06666666666666668,november28_november29
10,1.3325848585022464e+18,"COVID-19 update @ New York, New York https://t.co/fHDCyWQm03",0.032467532467532464,november28_november29
11,1.3325871743830016e+18,Scotch and live music while we can!  #alaska #biker #winter #covid @ Williwaw Social https://t.co/pHDPcmAd1Y,0.0,november28_november29
12,1.3325879204656742e+18,"New single is out now go stream it on all platforms.... #ShutUp #hiphop #BigLegion #Hurox #KungFuVampire #westcoast #spotify #itunes #applemusic #youtube @ Corona, California https://t.co/IhtSSVKPa1",0.13333333333333333,november28_november29
13,1.3325961953997087e+18,"Scores of worker #COVID deaths not reported amid US regulator's lenient approach...

 https://t.co/L70eO5qGLF",0.0,november28_november29
14,1.3325964519192248e+18,"#Covid is real - don’t take your loved ones for granted. 😷 @ Pensacola, Florida https://t.co/dMgxjU9rfE",0.0,november28_november29
15,1.3325964944830054e+18,Just posted a photo @ Quarantine Nola 2020 https://t.co/64wHJvU6GL,0.0,november28_november29
16,1.3325972245938217e+18,Boss Corona @ Corona Cigar Company &amp; Diamond Crown Lounge https://t.co/usfxCheRLP,0.825,november28_november29
17,1.33260058462985e+18,"COVID-19 update @ Queens, New York https://t.co/eVqfEM1ZkO",0.0,november28_november29
18,1.3326011008563896e+18,Start up your TLC Business for ONLY $5 For your FREE E-Commerce Website to start receiving daily pay.. Are you ready to learn and earn while working from home? @ Zetta’s Health &amp; Wellness https://t.co/wh1u3nrnrh,0.025,november28_november29
19,1.332602772122792e+18,"IT’S THE WEEKEND! ❤️💜💙 #livefortheloveofyourlife #liveforlife #liveforlove #loveforlife #live #love #life #youandme #withyou #withme #you #me #athome #stayhome #virtuallife #pride🌈 @ San Diego, California https://t.co/mSFpX1PGZs",0.2666666666666667,november28_november29
20,1.332610227041149e+18,"Opinion: Supreme Court's scientifically illiterate decision will cost American lives!

 https://t.co/wnZdQkXBeY",0.0,november28_november29
21,1.332610532109656e+18,"Thursday Thanks Dinner leftovers from @theparthenonlnk while watching @zappamovie with @mdub71. #musicalgenius #cancersucks #honornativeland #givethanks #thankful #covid_19 @ Lincoln, Nebraska https://t.co/IPIdYgOSOw",0.2,november28_november29
22,1.332615598157783e+18,"Pre-pandemic visit from this guy! #sanfrancisco #sf #napa #pointreyes @ San Francisco, California https://t.co/oCzv4jDs1g",-0.12916666666666665,november28_november29
23,1.3326179991073341e+18,#bigbear #hijo #hija #daugher #son #hijo #familia #family #happythanksgivingweekend #bigbear #snow #cheers #weekend #covid_19 #2020 @ Snow Valley Mountain Resort https://t.co/UMPv4Xdhxe,0.0,november28_november29
24,1.3326209884088033e+18,"Thankful for my loving, caring family. They know my need for family, yet care enough to spend the day in masks and social distancing... Super thankful for a relatively mild November day... @ Eudora, Kansas https://t.co/YCbbzoNcON",0.0,november28_november29
25,1.3326288345675448e+18,#quetos #quarantine #stayhome #stayhealthy #staystrong #staypositive @ Bestqualityautosales https://t.co/EGN9k6oGX5,0.9375,november28_november29
26,1.3326299541908644e+18,Not your typical Thanksgiving day feast.                              #quiet #memorable #dinnerfortwo  #tablesetting #turkeyday #fresh #healthy #yummyfood #besafe #stayhealthy #wearamask #socialdistancing # https://t.co/QVM6WQb0OQ,0.0,november28_november29
27,1.3326299710393672e+18,"Black Friday 🦉BB King Freestyle Out Now #NoCeilings3 #drake #lilwayne #ovo #welcomeovo #octobersveryown #covid #blackfriday #2020 @ New York, New York https://t.co/LihDxHv5qf",0.40909090909090906,november28_november29
28,1.3325435001732751e+18,A Doodle morning. #goldendoodle #centralpark #wearamask @ Central Park Tennis Center https://t.co/JkVZ17EwYS,0.0,november28_november29
29,1.3325456966758031e+18,"No rivalry games, for us, today 😢 Damn Covid. #covidgoaway♥️🙏🌎 @ Douglasville, Georgia https://t.co/Sd4BPAtN5Y",0.5208333333333334,november28_november29
30,1.3325498429341123e+18,"Happiness is...

...not having to set the alarm for the next day!

One more day to sleep in before Monday returns!
.
Enjoy your weekend folks! 
.
Do you have any social-distancing plans? @ Birmingham, Alabama https://t.co/niEfN1IQoC",0.0,november28_november29
31,1.3325548271386665e+18,"See our latest Key West, FL job and click to apply: Pharmacist - COVID 19 Vaccine Support - https://t.co/vyB3MyH1nc #HealthyCareer #CVSJob",0.4124999999999999,november28_november29
32,1.332557243485741e+18,Quarantine haircut before and after. Feels good to have a style again. Our guest Stephanie loves changes on a normal day.#beforeandafter #behindthechair #hairsmesalon #doylestownsalon #buckscountysalon #hairstyles https://t.co/t8Iv4lbvXw,0.65,november28_november29
33,1.332557245142487e+18,"We're hiring! Click to apply: Pharmacist - COVID 19 Vaccine Support - https://t.co/3vkj176OCV #Novi, MI #pharmacist",0.25999999999999995,november28_november29
34,1.3325602750237983e+18,"Happy Saturday!! Just Me in Zoom Zumba with Zumba Besties Carla and Theresa from Vicksburg, Mississippi and FitFam Quarantine Edition (Dana, Kim and Shun)!! @ Fox Meadows https://t.co/6VCmHggX4Y",0.0,november28_november29
35,1.3325694226580808e+18,Morning briefing in the ‘Age of Covid’ #irideparkcity @ Park City Mountain https://t.co/Go4rbpzJYu,0.0,november28_november29
36,1.332579472021721e+18,"Some general rules if I'm in public.

1) Gotta keep 6 feet apart. I'm a sucker for personal space.
2) No mask, no talk. I ain't catching coronavirus because someone ain't wearing a mask.

I had homeless people try to talk but no mask, I ain't talking.",0.3125,november28_november29
37,1.33258331063629e+18,"Acty - A #Free #App where you can discover activities to reduce #Stress… which is especially useful in our #COVID19 #TrumpVirus #Pandemic #Distopia's #HolidaySeason of #Megadeath!

https://t.co/RqsSzHtLhc #TrumpCoup #Coronavirus #Lockdown #Holidays #MassMurdererTrump #COVIDIOTS",0.7,november28_november29
38,1.3325848585022464e+18,"Do what you love, love what you do. CVS Health is hiring! Join #TeamCVS Pharmacist - COVID 19 Vaccine Support in Dayton, OH Apply online or join our talent community! #NowHiring https://t.co/dbpkSC6qrr",0.032467532467532464,november28_november29
39,1.3325905351990927e+18,"Happy Saturday!! Just Me in Zoom Zumba with Zumba Besties Carla and Theresa from Vicksburg, Mississippi and FitFam Quarantine Edition (Dana, Kim and Shun)!! @ Fox Meadows https://t.co/rXZZgi9GlG",0.0,november28_november29
40,1.3325964519192248e+18,"With the consistency of Covid cases here in Lewis County, we will take Sunday's to deep clean our shop and Internet Lounge to help protect our customer's health.  Thank You for your understanding and cooperation 😁💯 https://t.co/JhxlERcetx",0.0,november28_november29
41,1.3325972245938217e+18,I flipping miss pre-2020 💕 These kiddos don’t know what they’re in for post pandemic 🤣 #CrazyAuntieCaitlin @ Mashnee Island https://t.co/EUVeA1J46o,0.825,november28_november29
42,1.332599582077948e+18,"You should that I work in social media from home. My job outside of the house is that I deliver for DoorDash, Postmates and Walmart.

A mask is a requirement for my job. It's a keeps you, keeps me safe kinda thing.

No political statements were harmed in this PSA.",0.1968253968253968,november28_november29
43,1.332610532109656e+18,Trying to figure out why you have to pay for your own medical records 🤔 @ Quarantine Nola 2020 https://t.co/vQOrFPlVMr,0.2,november28_november29
44,1.3326109507345654e+18,"Happy Saturday!! Just Me in Zoom Zumba with Zumba Besties Carla and Theresa from Vicksburg, Mississippi and FitFam Quarantine Edition (Dana, Kim and Shun)!! @ Fox Meadows https://t.co/j6BpRn0DAj",-0.015151515151515154,november28_november29
45,1.3326157071216353e+18,"When everyone gets together but its a pandemic. @ Winthrop, Massachusetts https://t.co/GpL5fI4hTc",0.2871428571428571,november28_november29
46,1.332627781050622e+18,Closed today! See you Tuesday December 1.  Have a great weekend! #staysafe #wearamask @ Indulge! https://t.co/GihghMOhIY,0.2291666666666667,november28_november29
47,1.3325412395819622e+18,Miami County ranks 6th per capita in Covid cases and Troy’s “genius” mayor goes ahead with this super spreader event? If stupid was a super power she should wear a cape. #covidiots #troyohio #sotiredofthestupidity https://t.co/eyCIpICGkE,0.03535353535353535,november28_november29
48,1.332543499049132e+18,@danettesoasis just #rolledwithit #covid_19 #smallbusinessowner #youcantscareme #shoplocal #shopsmall @ Danette's Urban Oasis https://t.co/obc6LXw1s6,0.125,november28_november29
49,1.3325456966758031e+18,Supporting the Park Ridge Wilderness Princesses for tree day.  And no wreaths this year - because of COVID-19 workers can’t get close enough to each other to weave them. #prwp https://t.co/gBfh3TOkRO,0.5208333333333334,november28_november29
50,1.3325457981318963e+18,"This one couldn’t hold it any longer in all that beauty. Thanks @jenniferduggan for the guest submission. 

#myfavoritemask #covid19 #recycle #itsstillgood #justthrowitaway🚮 #maskholes #covidcommandos https://t.co/dGY9QLa8tO",0.0,november28_november29
51,1.332548826939478e+18,"A FRIENDLY REMINDER: We’re excited to see y’all out &amp; about but please be considerate of the folks around you by remembering the 3 Ws - Wear a mask, Wait 6 feet apart &amp; Wash your hands for 20 seconds. #NoMaskNoEntry https://t.co/3atUILW9uO",0.5,november28_november29
52,1.3325498429341123e+18,"Completely in tears 😭 for this photo here. Wondering why I'm the one with all the digital memories 📸.... First Thanksgiving without my auntie 😔... Praying my mom survives this 🙏 😭... #Covid19 @ Nashville, Tennessee https://t.co/YBZObX1w2Q",0.0,november28_november29
53,1.3325510526467604e+18,"Very excited for these to get installed! Huge thanks to @bakemono for these! Long time coming due to covid, but well worth the wait! Carbon Fiber s201 mirrors! @ MT Rally Team https://t.co/iQTwfOhJdP",0.25,november28_november29
54,1.3325536508378522e+18,"#Good Morning ☀️💋 #coffeelover ☕️ #saturdaymorning ☕️🌟 #Have a good day 😄 #wearamask😷 #goingtowork ✌🏽✨ @ Brooklyn, New York https://t.co/8FtKzkIxlw",0.3181818181818182,november28_november29
55,1.3325540566367805e+18,@TheDude74111 They will also suddenly very much care about Coronavirus cases as well,0.45,november28_november29
56,1.3325549008074957e+18,Getting ready for our Quarantine Pod Thanksgiving.  This pandemic would be unbearable without this close circle of friends.  #givingthanks #quarantinepod #quarantinelife https://t.co/k77IJchZ1c,0.0,november28_november29
57,1.332555003240747e+18,"Do what you love, love what you do. CVS Health is hiring! Join #TeamCVS Pharmacist - COVID 19 Vaccine Support in Culpeper, VA Apply online or join our talent community! #NowHiring https://t.co/G2ahMX4MMT",0.22666666666666666,november28_november29
58,1.3325553585528627e+18,"""Human excrement on the sidewalk behind the westbound muni tunnel fence"" (Corona Heights, D8) https://t.co/d50XHAYPsI https://t.co/95JzuQhFEU",0.0,november28_november29
59,1.33255822090104e+18,"CDC: US #COVID19 #TrumpVirus death toll could reach 321,000 by mid-December, thanks to all of you America-hating, American-Mass-Murdering, #MAGAt traitors &amp; your #COVIDIOT #TrumpDeathCult #Thanksgiving!

https://t.co/paMOsr7kM3 #TrumpKills #MassMurdererTrump #Superspreader #COVID",0.0,november28_november29
60,1.3325582220376842e+18,"So lucky. So proud. @amortymort #wonderfulkids #birthdayparty in a #pandemic @ Morningside Heights, Manhattan https://t.co/rPyyqfmI7x",0.0,november28_november29
61,1.332567256866308e+18,"My Governor will not do this, or anything really. https://t.co/3ssxEvd4eg",0.0,november28_november29
62,1.3325674053698355e+18,We are looking for a buyer on 23424 Toronja Corte #Corona #CA  #realestate https://t.co/Yg6tOlUeoU https://t.co/BDT4w8BInV,0.0,november28_november29
63,1.332567959651414e+18,Does anybody remember this? ... How I am starting to feel after hearing Los Angeles is going into ANOTHER lockdown on Monday... 💯 for it... #wearamask #staysafe #stayhome #quarantine #coffeetalk @nbcsnl https://t.co/l2rjR6XAYC,0.0,november28_november29
64,1.3325694226580808e+18,#socialdistancing #karaoke🎤 #saturday #shenanigans #apexnc @ JD's Tavern https://t.co/46Cx1ElDcd,0.0,november28_november29
65,1.3325733237928428e+18,"@EricTrump Yes Eric, your sugar Daddy covid pandemic response was screwed up as a Football bat.",0.06,november28_november29
66,1.3325738347011154e+18,"▫️▫️▫️▫️▫️▫️▫️▫▫▫▫▫️▫▫▫ ▫ ▫ ▫
#portraiture#portraitphotography#postmoreportraits#leica#summicron#newyorkstreetstyle#streetphotography#nycstreets#pursuitofportraits#nyc#bnw_demand#maskup#streetphotographersfdn#covid_19 https://t.co/yLzPOFooTX",0.19142857142857145,november28_november29
67,1.3325745793117102e+18,"Autumn fallen leaves #brooklyn #hike 

#cheflife #nyc #nyclife #nature #walk #instamood #covid19 #instagramhub #autumn #autumnvibes #skyporn @ Brooklyn, New York https://t.co/v1xqFT5kuk",0.0,november28_november29
68,1.3325790214485647e+18,Travel Blogging While Under A Quarantine...  https://t.co/2jbUBaeVTc,0.10189393939393936,november28_november29
69,1.332579472021721e+18,Ngl traveling during Covid is a breeze #MaskUp #StayFly #BeeGr8 @ Detroit Metro Airport (DTW) https://t.co/w2TND7tJZU,0.3125,november28_november29
70,1.3325803666499666e+18,We're hiring! Read about our latest job opening here: Pharmacist - COVID 19 Vaccine Support - https://t.co/SytbcXn9bb #CVSJob #HealthyCareer,0.21666666666666667,november28_november29
71,1.3325803690029711e+18,"Yo! Get tested! Free testing sites throughout the Twin Cities. F U Covid!!
#covid #covidtesting #test @ Roy Wilkins Auditorium https://t.co/vau6jxU9YO",0.06666666666666668,november28_november29
72,1.3325821859546522e+18,"Saying hi to #santa as he rides safely through town! #merrychristmas #covid_19 #lovethistown @ South Berwick, Maine https://t.co/GcOjriVBHq",0.0,november28_november29
73,1.33258331063629e+18,Just posted a photo @ Quarantine Nola 2020 https://t.co/HDM90uEWEe,0.7,november28_november29
74,1.3325871743830016e+18,"Madness: Conversations During COVID Lockdown • A podcast on Anchor
Renee, in Chicago, has conversations with people who have things they want to get off their chest, either they don’t agree with or have a solution a issue we are all dealing with today. (https://t.co/L0o30aj7VB) https://t.co/ATkLf9thOI",0.0,november28_november29
75,1.3325881693264323e+18,6pm ! Red piano and Islay Events presents BK and Jim Rankin at 4pm and me at 6 pm ! Photo by @jamesstvincent JamesSt Vincent #wearamask #safetyfirst #socialdistancing #musicforlife  @islay_events @ The Red Piano https://t.co/elCekQPKDG,0.15000000000000002,november28_november29
76,1.3325905351990927e+18,She’s back! Snow Lady always comes out at Christmas time! Alex loves her! Happy Caturday! 💙⛄️😻🎄🧡 #caturday #alexstevens #gingercat #teamginger #snowlady #thankful #grateful #love #christmastime #staysafe #wearamask https://t.co/mY6cj5Td8z,0.0,november28_november29
77,1.3325938740873994e+18,"At 7:14 AM MST, 15 ESE Corona [Lincoln Co, NM] TRAINED SPOTTER reports SNOW of 3.00 INCH https://t.co/rYLbbA5s7r",0.0,november28_november29
78,1.3325964519192248e+18,Fucking yikes....  https://t.co/swpSCtewLe,0.0,november28_november29
79,1.3325964944830054e+18,"Just posted a photo @ Corona, California https://t.co/f0lmsZvpwh",0.0,november28_november29
80,1.3325972245938217e+18,"Just posted a photo @ Corona, California https://t.co/dRN8DPV1Ay",0.825,november28_november29
81,1.332602771028099e+18,Will COVID-19 Show the Adaptability of Machine Learning in Loan Underwriting? https://t.co/lryJsbeseA #data #DataScience #DataEngineering,0.0,november28_november29
82,1.332602772122792e+18,"Cooking with Covid! So far only loss of smell &amp; taste &amp; fatigue. Made an effort at a Thanksgiving meal. Stay safe everyone, Covid is real! ❤️ @ Portland, Oregon https://t.co/gU2cT8sRDB",0.2666666666666667,november28_november29
83,1.3326063512274412e+18,#gotbrunch creamy @twobrooksrice Rice Grits with Beef Brisket Debris &amp; shredded Cheddar topped with #pearidgefarm fried egg. #gorebsgo❤️💙 #congratsOHS #eatlikeyoumeanit #wearamask😷 🙏 @ The New Oxford Canteen https://t.co/cRHQBUwHyQ,0.15555555555555556,november28_november29
84,1.332610532109656e+18,Just posted a photo @ Quarantine Nola 2020 https://t.co/rGsgBIzIMZ,0.2,november28_november29
85,1.332615598157783e+18,#notjustforboys #runner #running #intenserecovery #covid_19 #activereleasetechnique #ART #georgetownsportsmassage @ Georgetown Sports Massage https://t.co/21YhY7DHzu,-0.12916666666666665,november28_november29
86,1.3326157071216353e+18,Just because you can't socialize doesn't mean you can't drink! These unique cocktail books are sure to please everyone on your shopping list! #bnholiday #socialdistancing @ Barnes &amp; Noble https://t.co/UTXQ2UvCuT,0.2871428571428571,november28_november29
87,1.3326179991073341e+18,"#wearamask #itsphase2maw @ New Orleans, Louisiana https://t.co/c1nK6HtBJ2",0.0,november28_november29
88,1.332543499049132e+18,This job might be a great fit for you: Pharmacist - COVID 19 Vaccine Support - https://t.co/UpM7834Zor #HealthyCareer #CVSJob,0.125,november28_november29
89,1.3325435001732751e+18,"Fun in the time of COVID @ Upperco, Maryland https://t.co/DQH6lugdv9",0.0,november28_november29
90,1.332548826939478e+18,"Happy 21st Birthday Bao!!!!! I love you so much! Sucks that you’re 21st was in The year of Covid and couldn’t have a party, but we will make ritas  tonight celebrate at home #21yearsyoung #margaritatime #mysonis21y’all https://t.co/E9Mqa7elLF",0.5,november28_november29
91,1.3325498429341123e+18,Yes. A bit nervous but being extremely safe. Watching from my brother-in-law’s office. Got my N95 and Baby Yoda hand sanitizer. And twenty feet from the closest person (family not included). #GoPokes #OSU https://t.co/mq6CMQ9Rg3,0.0,november28_november29
92,1.3325510526467604e+18,"Thinking about Thanksgiving and beyond: Always coronavirus winter, but never Christmas?  https://t.co/7dr72l9ILK",0.25,november28_november29
93,1.332551999653548e+18,"This pandemic has life and death consequences for everyone. Even without catching it, it could still kill you or someone you care about. Stop being a selfish prick and wear a mask.  https://t.co/qs1fFuV0cx",0.0,november28_november29
94,1.3325536508378522e+18,"Watch out for the coronavirus!!!! Stay clean! @ Atlanta, Georgia https://t.co/CM1weMXNhd",0.3181818181818182,november28_november29
95,1.3325549008074957e+18,"Proper attire for a wedding during a pandemic. 😆 @ Shawnee, Kansas https://t.co/sLAaeQ4H9a",0.0,november28_november29
96,1.332555003240747e+18,I just met my youngest nephew for the first time ever 😷😷😷😷😷 @ Quarantine Nola 2020 https://t.co/FvN1ePOoLl,0.22666666666666666,november28_november29
97,1.332557245142487e+18,"#BlackFriday traffic in NYC’s Westside highway... incredible but true, thanks to #Covid-19 @ Manhattan, New York https://t.co/4MwYi3WBFl",0.25999999999999995,november28_november29
98,1.3325581291800125e+18,"Done with cranberries and pumpkin.  On to  an oatmeal chocolate chip bread from @yossyarefi.  My chips sank but it was still delicious! #staysafe #stayhome @ Murphy, Texas https://t.co/bEYBEkm8ak",0.13636363636363635,november28_november29
99,1.3325648937450455e+18,"Was in a mood because life (moving, changing jobs, pandemic, etc.) is stressful right now. Went running. Am now in a better mood. Would recommend. #WhileIWasRunning @ Park Hill, Denver https://t.co/Slk7SFVKfy",0.0,november28_november29
100,1.332567256866308e+18,"My #love #Kitten 👑 Gretchen loves Thanksgiving holiday at home with mom (who is OFF from work) It’s been good food, desserts and endless snug-a-bugging. ❌⭕️ @ Grand Blanc, Michigan https://t.co/19bcfCVs1H",0.0,november28_november29
101,1.3325674053698355e+18,"Rapper @peddybaby_3 Said He F**ked Over 20 Different Women🙋🏾‍♀️During The Pandemic😂#nolazinetv @ New Orleans, Louisiana https://t.co/zeZJkH5pDH",0.0,november28_november29
102,1.332567781766783e+18,"SATURDAY TURN UP! EXCLUSIVE!  🛫🛫🛫🛫CLICK THE LINK IN MY BIO TO CONNECT TO THE STATION  786.262.2476 CALL OR TEXT 24/7 .. BE SAFE WEAR A MASK 😷 @ Miami Beach, Florida https://t.co/njTkNHwPbS",-0.06666666666666665,november28_november29
103,1.332567959651414e+18,"I would never want to leave home. Perfect Covid couch/bed #couch #bed @beckihack @ Brooklyn Park, Minnesota https://t.co/5HiJ270rkY",0.0,november28_november29
104,1.332569419097129e+18,"Thinking about Thanksgiving and beyond: Always coronavirus winter, but never Christmas?  https://t.co/dJlsOSJvGm",0.2,november28_november29
105,1.332571049427411e+18,Have a merry &amp; safe holiday season.  #holidayseason #christmas #wearamask #librarylions #nypl @ NYPL The New York Public Library https://t.co/PMzjnAEBLn,0.0,november28_november29
106,1.3325754370091377e+18,"Pope Francis Praises Tyrannical Leaders For COVID Lockdowns...Condemns Protestestors, Only Days After Meeting With Maskless NBA Players At Vatican https://t.co/EoISqBqBJf https://t.co/xaCKjh36en",0.0,november28_november29
107,1.3325754727025377e+18,"Thanksgiving in post covid world.

Thank you God. @ San Diego , California https://t.co/L9i67LhHVE",0.0,november28_november29
108,1.3325757984994386e+18,"New #mask game by @bespokebybk #cats #wine #wearamask #savelives #commute #nyc . You have to get one of these they are the best 💯💯💯 #shopsmallbusiness @ New York, New York https://t.co/jhj1GGULwU",-0.5208333333333333,november28_november29
109,1.3325768245813699e+18,"Thanks to you, this number keeps rising and we are now over 200,220 free meals since #covid started. More about how we use a food truck to serve free meals at https://t.co/GVIvViRBqw https://t.co/pFDm1davB1",0.28750000000000003,november28_november29
110,1.3325793342513725e+18,@brianceballo and @colinmorganboxing outdoor pandemic training getting ready for the fight vs Larry Gomez Dec 3 on @nbcsports @ringcityusa @360boxingpromotions @boutfightclub #CeballoGomez @ Churchill Boxing Club https://t.co/sG6e8FWxtm,0.2406926406926407,november28_november29
111,1.332579472021721e+18,social distanced black sheep brunch @abckitchen #blacksheep #brunch #weekend #socialdistancing #black #dianaforever #candleinthewind @ ABC Kitchen https://t.co/dFEHVO0888,0.3125,november28_november29
112,1.3325803666499666e+18,"I'm at Sejuiced in Corona del Mar, CA https://t.co/n0xpBOdSeJ",0.21666666666666667,november28_november29
113,1.3325803690029711e+18,"🏅......🎖......🥈Medals Are On It! 
😂
#socialdistancing #runners @ Dallas, Texas https://t.co/KOmry2IH38",0.06666666666666668,november28_november29
114,1.3325821859546522e+18,"Just posted a photo @ Corona, California https://t.co/pq346RnYDH",0.0,november28_november29
115,1.33258331063629e+18,"I finally got some Turkey day food and 2 super cool masks from my yogie sense sag sister🧘🏽‍♀️⚜️♐️☯️🥰🦃🦃
Happy Sabbath and #GeauxTigers 😷😷😷😷😷😷😷😷😷😷😷
Thank you so much 
Excuse me while I pig out @ Quarantine Nola 2020 https://t.co/0jj1BURsw2",0.7,november28_november29
116,1.3325871743830016e+18,@TheGunzShow hopefully not covid when people came into my jobs with their masks down breathing on me buying stuff they didn’t need,0.0,november28_november29
117,1.3325881693264323e+18,Our 10 mile run/5 mile ruck event today got cancelled last minute due to coronavirus so we planned our own ruck instead! 5.5 miles with 20lbs each and a very happy @scooby_the_gsd for company😊 https://t.co/AiMBgBzpEL,0.15000000000000002,november28_november29
118,1.3325905351990927e+18,How to enjoy Quarantine #wearamask😷 @ Smokers Haven- Galloway https://t.co/kkXqJ1oQXG,0.0,november28_november29
119,1.3325964944830054e+18,Keeping feet warm. #outdoors #backyard  #covid_19 @ Washington D.C. https://t.co/7XxQ5Zrt2U,0.0,november28_november29
120,1.3325972245938217e+18,"Mask up 

Don’t listen to #diaperdon let’s get out of this 

#pandemic #protectothersprotectyourself #bidenharris2020 #followthefauci #holidayseason #signofthetimes #maskisnotpolitical #bethesolution #NYC https://t.co/oTcn3wq9iC",0.825,november28_november29
121,1.33260058462985e+18,"Getting ready for #LockDown part 2! Until then, I’ll be at #BCC all day. 2-10. 
.
.
#ToiletPaper
#Disinfectant
#Wipes @ Bushwick Country Club https://t.co/xPlrIR0kxz",0.0,november28_november29
122,1.3326021817285386e+18,"20K+ #Google searches 4 Florida vs Kentucky 1h old https://t.co/1OMqpba4RY https://t.co/sPjTc2odrm 
#Gainesville 🌅 7:04 🌆 17:30 CST
#Covid19
#AlachuaCounty 11/20/2020
New CS 63 14DCSΔ +6.3%
New D 1 14DDΔ +10.8% https://t.co/sM59uuiEM4",0.0,november28_november29
123,1.332602771028099e+18,Celebrating 59 years Covid style.... #livingsimply #whiskeylover #friendship  #bonfire @ Titlow Beach https://t.co/sXElguTH3c,0.0,november28_november29
124,1.332602772122792e+18,"Turns out these guys are #quarantine professionals! We could all learn from these GoodBois™️. @ Stillwater, Oklahoma https://t.co/VDREcJTNPH",0.2666666666666667,november28_november29
125,1.3326063512274412e+18,@dougdirt24 Conclusive proof that meth kills coronavirus.,0.15555555555555556,november28_november29
126,1.332607559602217e+18,"We love watching our students on the big screen during class playback! What are YOU watching/bingeing this holiday weekend?!
#aboutthework #oncamera #film #television #entertainment #streaming #relaxing #bingewatching #stayhome #staysafe https://t.co/gV5Z0COYPr",0.4,november28_november29
127,1.3326090123245568e+18,💙🕊🐈😭✊🏿🤘🏾⚜️💯💯💯💯💯💯💯💯 this gave me my whole life and heart 🤘🏾🦃 @ Quarantine Nola 2020 https://t.co/qvVYjRLF8t,0.2,november28_november29
128,1.332610227041149e+18,"50K+ #Google searches 4 Small Business Saturday 2020 5h old https://t.co/fZbAz1Z5Py https://t.co/zVJd2jTKtP 
#Pennsylvania 🌅 7:13 🌆 16:45 EST
#Covid19
#Pennsylvania 11/20/2020
New CS 6808 14DCSΔ +21.5%
New D 108 14DDΔ +5.9% https://t.co/DhaRR3u1lJ",0.0,november28_november29
129,1.332610532109656e+18,"Today is Small Business Saturday! Swipe to see some reasons why shopping local is so important, especially in the face of COVID-19 when many amazing businesses have had to make the tough decision to close their doors. https://t.co/ZEGmKimSEr",0.2,november28_november29
130,1.3326109507345654e+18,"20K+ #Google searches 4 Los Angeles 1h old https://t.co/Zq5pxx99Xd https://t.co/uswzcLC2Ou 
#LosAngeles 🌅 6:38 🌆 16:44 PST
#Covid19
#LosAngelesCounty 11/20/2020
New CS 4818 14DCSΔ +8.3%
New D 28 14DDΔ +2.3% https://t.co/EIRNA8tTPw",-0.015151515151515154,november28_november29
131,1.332615598157783e+18,"Don't forget about Church tomorrow! We can't wait to see 
YOU DON'T WANT MISS THIS 💙😀

We have In-Person Worship Service at 11:00 AM

We are located at 2378 Dogwood Dr. SE, Conyers, GA 30013

We follow the recommendation of the CDC for CoVID-19 https://t.co/wbxLa1tgAZ",-0.12916666666666665,november28_november29
132,1.332617750720766e+18,Support you small business who needs you more than ever this year because of COVID-19! Think big shop small! #shoplocal #shopsmall #smallbusiness #smallbusinesssatyrday #support #gethammard #genevail https://t.co/ecat6Cx5VP,0.2490909090909091,november28_november29
133,1.3326180002607432e+18,"Greeting cards will be a major part of your holiday. Don't let covid stop you from your #Holiday Sparkle

#greetingcards #holidayseason 
#shopthedock #smallbusinesssaturday @ The Dock Bookshop &amp; Dock Community https://t.co/jckcVJXOkU",0.4004545454545455,november28_november29
134,1.3325425170159452e+18,"Spent all of quarantine growing her, how’d she turn out? #ourfirsttree #sohappy @ Pine Farm https://t.co/l1AYNfUwIm",0.13636363636363635,november28_november29
135,1.332543499049132e+18,This job might be a great fit for you: CA Pharmacist - COVID 19 Vaccine Support - https://t.co/6yaKhIr2fV #pharmacist #pharmd,0.125,november28_november29
136,1.3325435330357699e+18,Social distancing. 563/... - Drinking a Phat Chance Amber Ale by @innovationbeer @ Innovation Station  — https://t.co/eZKXk8wvqk,-0.4,november28_november29
137,1.3325442551019848e+18,So is there ANYBODY in 2020 who would pay $40 to play this? #COVID19isFREE #covid_19 #pandemic @ Walmart Roanoke - North Highway 377 https://t.co/3VF1kbyzfh,0.2,november28_november29
138,1.3325457981318963e+18,"These days u gotta stay fully #strapped w #ammo on #RAMBO status... Fukk what anyone else says #2020 #quarantine #WHITETRASH #covid19 #9mm #rounds #bullets #mags #pistol @ Phoenix, Arizona https://t.co/pOr4pivjAB",0.0,november28_november29
139,1.332548826939478e+18,Shhh 🤫.    Having a belated Thanksgiving meal w family. Only 5 of us w social distancing &amp; all had Covid tests in last 72 hrs 😷 (@ Hirsh Cave. Always Hot Or Cold) https://t.co/RWSsfwT53e,0.5,november28_november29
140,1.3325510526467604e+18,Just posted a photo @ Corona Heights https://t.co/tdIGW48sq5,0.25,november28_november29
141,1.332551999653548e+18,"Due to the spike in Covid-19 cases, we are going to be live streaming for service. Please join us ONLINE at 10am for worship &amp; the word ! @ Bethesda Church https://t.co/ZBXGfdGcae",0.0,november28_november29
142,1.3325530129009254e+18,"@fullsteambrewery @eriklarsmyers  @mysterybrewing Six Impossible Things is back!!!!  And we got to use our growler during the pandemic! @ Chapel Hill, North Carolina https://t.co/qg0mRMDdkg",-0.6,november28_november29
143,1.3325548271386665e+18,"The only member of our family who hasn't gained the COVID-19. 
Photo credit to @kimberly__prince @ Monona, Wisconsin https://t.co/jSlvtuHYNi",0.4124999999999999,november28_november29
144,1.3325581291800125e+18,"I was told not to wear a mask with skulls... I resisted until today. It's Wal-Mart's fault... I swear, 💀😷 @ New Smyrna Beach, Florida https://t.co/YSYILRTZMN",0.13636363636363635,november28_november29
145,1.33255822090104e+18,"Kitchen Essentials. @marykayus Mary Kay Hand Nourishing Soap and Mary Kay Hand Sanitizer. #marykay #mymklife #kitchenessentials #musthave #giftideas #shopsmall #shoponline @ Rochester, Michigan https://t.co/QbpvGwZ5C8",0.0,november28_november29
146,1.332559837079728e+18,The postal person just left and she brought toilet paper and supplies so that means Faith and Hope know what's about to go down ☯️🧘🏽‍♀️⚜️😷😷😷😷😷😷😷😷😷 @ Quarantine Nola 2020 https://t.co/hYEKuIdQ9H,0.0,november28_november29
147,1.3325674053698355e+18,"Renovated this house all summer during Covid. 🤷🏽‍♂️ BEFORE and AFTER video - https://t.co/BMg7HEfmSS
🏠
🔨 
#beforeandafter 
#renovations #onlybledeighttimes @ Los Angeles, California https://t.co/ZoFunbGTNh",0.0,november28_november29
148,1.332567781766783e+18,"Sucking it in AND wearing camo to hide the extra fat rolls I accumulated by ignoring my training through lockdown. 🤔😵 #OutForARun @ Ravenswood, Chicago https://t.co/UHO94jHD6X",-0.06666666666666665,november28_november29
149,1.332567959651414e+18,"COVID-19 update 
Home???
100-15 204th St, Queens, NY 11423
Muting my post is not cool @ Queens, New York https://t.co/dVXn3qWmd5",0.0,november28_november29
150,1.3325694226580808e+18,"Sailing #SanDiego bay. What a way to keep the Covid concerns at bay. 😁 ⛵️ (@ San Diego Bay in San Diego, CA) https://t.co/bMUGTCsyU6 https://t.co/pFMaTdJ39w",0.0,november28_november29
151,1.3325733237928428e+18,"Pre-lockdown throwback: GOD MODULE + VOICECOIL + DIESEL DUDES in 2016!
Help us survive the plague:
https://t.co/UAgVRJ1KpR
I could go for some pizza, how about you? https://t.co/FG6NbXnzpZ

#dnalounge #godmodule #deathguild #voicecoil #dieseldudes #industrial #livemusic #concert https://t.co/BIu8MXkQHc",0.06,november28_november29
152,1.3325738347011154e+18,"30 Days of Gratitude 
Day 28

Abby has captured all of our hearts and saved us during the pandemic. 

I am so thankful that we got Abby and I pray years pass slowly so that we have her for many years to come. https://t.co/InqNnNuT5O",0.19142857142857145,november28_november29
153,1.3325745793117102e+18,Social distancing. 562/... - Drinking a Midnight Rye-der by @innovationbeer @ Innovation Station  — https://t.co/2micVeQTv0,0.0,november28_november29
154,1.3325754727025377e+18,Another reminder to wear a mask 💯💖 @ Flatiron Building https://t.co/IqgkKC1YHe,0.0,november28_november29
155,1.3325757984994386e+18,"Thank you Covid for helping us slow down and see what’s important. @ Boonville, North Carolina https://t.co/NpkNv8mpgi",-0.5208333333333333,november28_november29
156,1.3325768245813699e+18,Beautiful day to get outside and enjoy the sunshine with some of my favorite ladies! #dogpark #socialdistancing #yooper @ Tourist Park Campground https://t.co/sB4WLqsjRT,0.28750000000000003,november28_november29
157,1.3325790214485647e+18,"@foxnews usually does better than the others with bad reporting but how can you use the same picture for two totally different stories?  #fakenews #foxnews #covid_19 @ Mocksville, North Carolina https://t.co/E9WnkKKqLq",0.10189393939393936,november28_november29
158,1.3325793342513725e+18,"Excited to join this panel to talk about the disproportionate impact of COVID-19 in Black and Brown communities and its roots in racism and discrimination. @ Oakland, California https://t.co/iKJKVfv8Qc",0.2406926406926407,november28_november29
159,1.3325803666499666e+18,"Free Covid testing in Hermosa on Monday November 30th from 10am-4pm. Walk-in, indoors #ourhermosa #hermosachi #chicago #gettested @chicago @benoblepritzker @felixcardona2019 @ Pritzker College Prep https://t.co/TdtW4GnBNH",0.21666666666666667,november28_november29
160,1.3325803690029711e+18,rules is rules✌🏽#lockdown #stayhome 🙃 @ Los Feliz https://t.co/hGyxUXHoAX,0.06666666666666668,november28_november29
161,1.332580744540037e+18,My contribution to the article in Northwest Herald. Managing COVID at home. #covid_19 #managingcovid19 #homehealth #northwestherald #somedocs #doctorsoninstagram #drmundozie #illinois #usa #healtharticle https://t.co/JzChqAco7L,0.0,november28_november29
162,1.33258331063629e+18,"Don't submit then quit. Apply for jobs like ""Pharmacist - COVID 19 Vaccine Support"" at CVS Health, then look for people you might know at the company. You might be able to reach out to HR directly. Ready to apply? Check out the link in our bio. #pharmacist #pharmd",0.7,november28_november29
163,1.3325848585022464e+18,social distancing like a champ.. @ McCarran International Airport https://t.co/6H36kUAKAN,0.032467532467532464,november28_november29
164,1.3325879204656742e+18,"Must be Fall/Autumn. #neighborhoodwalk #californiafall #simplepleasures #stayhome #smellthecoffee #beautifulday @ Pleasanton, California https://t.co/Aajt3lIm8O",0.13333333333333333,november28_november29
165,1.3325905351990927e+18,"now getting my local mountain ABC channel on antenna. a little pandemic plus. @ Greenville, South Carolina https://t.co/GIQRj5fvNi",0.0,november28_november29
166,1.3325961953997087e+18,Faith and Hope @ Quarantine Nola 2020 https://t.co/213bPqkJv8,0.0,november28_november29
167,1.3325964519192248e+18,Fancy plastic cutlery for covid free eating! 🍰 @ Espionage https://t.co/shJoQCnzWX,0.0,november28_november29
168,1.3325972245938217e+18,"50K+ #Google searches 4 Oklahoma State Football 1h old https://t.co/PPkMim1rte https://t.co/wygR1Sb4eP 
#Texas 🌅 7:10 🌆 17:28 CST
#Covid19
#Texas 11/20/2020
New CS 11815 14DCSΔ +8.9%
New D 183 14DDΔ +7.6% https://t.co/H0t7UOjMD8",0.825,november28_november29
169,1.3326021817285386e+18,"Link in the Bio for Full Eps.: 
https://t.co/113UTTprhi
SUBSCRIBE, LIKE, SHARE, COMMENT 
#podcast
#zmbsqd 
#zombieapocalypse
@glennericnelson
@deadonpictures
#comics 
#quarantine 
#nvrdun
#isolation 
#corona https://t.co/ndhWPKpoVh",0.0,november28_november29
170,1.332602772122792e+18,"#PandemicInDetroit
#wearamask 
#detroitvseverybody 
#detroithustlesharder 
#detroitcyberpunk @ Downtown Detroit https://t.co/4shiNuqFzP",0.2666666666666667,november28_november29
171,1.332607559602217e+18,"50K+ #Google searches 4 @penn_state vs Michigan 3h old https://t.co/QfP3RGcBZB https://t.co/L5CUzHTOUo 
#AnnArbor 🌅 7:41 🌆 17:04 EST
#Covid19
#WashtenawCounty 11/20/2020
New CS 264 14DCSΔ +21.7%
New D 2 14DDΔ +5.7% https://t.co/ooonchBTVY",0.4,november28_november29
172,1.3326090123245568e+18,Just posted a photo @ Quarantine Nola 2020 https://t.co/z752BWZwkC,0.2,november28_november29
173,1.332610227041149e+18,"Any update on the Race? They still counting? Asking for a friend... in the meantime, mask up &amp; stay #Fly #FlyNative #ppe #lifestyle #instamood #2020 #liveit @ The White House https://t.co/hooZMuer4E",0.0,november28_november29
174,1.332610532109656e+18,"FCK COVID TEES ARE IN STOCK!!! @ New York, New York https://t.co/ulxkEqWhZo",0.2,november28_november29
175,1.3326132996918067e+18,They still ain't getting my phone number 😷😷😷😂😂♐️♐️♐️♐️♐️🐐 @ Quarantine Nola 2020 https://t.co/YvrLfpFEKO,0.2857142857142857,november28_november29
176,1.3326179991073341e+18,"#gearing #up  at the #kulh #store #in #parkcity #utah #Thanksgiving #weekend  #covid_19 #conscience  #November #shotoniphone  #appleiphone  #frenchies #frenchielove #utahisrad @ Park City, Utah https://t.co/8HR1Irww9a",0.0,november28_november29
177,1.332542326766506e+18,Great day at the gardens... rain made for automatic social distancing!! @carbernard1 @ San Antonio Botanical Garden https://t.co/WOpLcM4fkq,0.13636363636363635,november28_november29
178,1.3325425170159452e+18,"Let’s go Irish!  Due to COVID concerns, instead of watching the game at Lucas Oil, the whole Massillamany Clan is watching and cheering them on at home! @ Fishers, Indiana https://t.co/8i2v6HoQfh",0.13636363636363635,november28_november29
179,1.3325442551019848e+18,"DAY # 9 of this Hell caused by Covid 19!! So ready to feel better!! #2020shitshowcontinues  #covid_19sucks  #ihaveacrappyimmunesystem @ Mount Holly, North Carolina https://t.co/oWwycuIsRp",0.2,november28_november29
180,1.3325456966758031e+18,SO much parking around DuPont this weekend - concerned about what it means for COVID numbers ahead. https://t.co/JWzrRQR3Wf @ Dupont Circle https://t.co/jKoWFp9N7d,0.5208333333333334,november28_november29
181,1.3325498429341123e+18,Live video production in the pandemic age... @ Chartway Arena https://t.co/xzrHchNPbY,0.0,november28_november29
182,1.332551999653548e+18,Lol I’ve never checked this in? - Drinking a Corona Light by @GrupoModelo_MX at @giordanospizza  — https://t.co/jBI831bxXH,0.0,november28_november29
183,1.3325530129009254e+18,"Quarantine Sunset 🌊 @ Brentwood, L.A, CA. https://t.co/guiE2vFrng",-0.6,november28_november29
184,1.3325548271386665e+18,"My mom, meeting her first great grandchild, Charlie, for the first time!  #blessings #covid_19  #covid #covidthanksgiving @ Lutheran Haven https://t.co/dUkhGVHhdK",0.4124999999999999,november28_november29
185,1.3325549008074957e+18,Missing theatre today. Missing @wecomefromaway. #broadwaywillbeback #wearamask @ Come From Away https://t.co/0x1mXdNAMi,0.0,november28_november29
186,1.332555003240747e+18,"@pearkes “Good news and bad news, folks. The bad news is Excel corrupted the DNA sequence data, so the COVID vaccine doesn’t work. The good news is, it parsed everything as a date, so we now have a vaccine for Mondayitis.”",0.22666666666666666,november28_november29
187,1.3325553585528627e+18,"So I'm start taking my steroids at night cause I hate a love hate relationship with this medicine 
Steroids make more crazy😘😷😷😷😷♐️😂😂 @ Quarantine Nola 2020 https://t.co/lKk7fBC6zh",0.0,november28_november29
188,1.332557243485741e+18,"Pepper had to get to the vet for her annual checkup by non-traditional means (traditional having been the subway pre-pandemic). It was good exercise, for me anyway, about 50 blocks all told. @ Hell's Kitchen https://t.co/lCR3GTmT75",0.65,november28_november29
189,1.332557245142487e+18,Now I must steam myself 😷😷😷😂😂😂 @ Quarantine Nola 2020 https://t.co/VB4HdT89lI,0.25999999999999995,november28_november29
190,1.3325581291800125e+18,When the pandemic makes you lose your street cred- I should have checked In for all my train wreck tota to go 🙀 @stationtavernsd @ South Park (San Diego) https://t.co/tttG0qyxzy,0.13636363636363635,november28_november29
191,1.33255822090104e+18,Just another day in this shit hole country. https://t.co/M9Rz46PToS,0.0,november28_november29
192,1.3325582220376842e+18,"This Is Gonna Be Interesting 
#boxerlover  #iamcherryfields #covid19 #justlikethat #godfavorsme #2hourorless #teamwork #loveyourself #bookedbusyandblessed #family #covid19 #justlikethat #godfavorsme @ Home https://t.co/oDkapoAuYB",0.0,november28_november29
193,1.3325582231534019e+18,"🧍🏻‍♂️✌🏼 #picoftheday #fuckfakefriends #solo #instagood #instadaily #instalike #handsome #latinboyz #quarantine #haters #zzz #sniper @ Redding, California https://t.co/tksaU81PUU",-0.006397306397306411,november28_november29
194,1.332559837079728e+18,"Quarantine isn’t so bad with a couple of giant mals 🐺 @ Oklahoma City, Oklahoma https://t.co/K9gDypQSj5",0.0,november28_november29
195,1.332561705201754e+18,Dinner date with the Mrs. Happy Birthday baby! The COVID didn’t stop us from having an eventful day. Safely filled with family and love. @ LongHorn Steakhouse https://t.co/8SGQ7Y8oKM,0.2,november28_november29
196,1.3325648937450455e+18,🖕🏽 family brought weapons 😂😂😂 @ Quarantine Nola 2020 https://t.co/5XAmj7eKQ6,0.0,november28_november29
197,1.3325686667691377e+18,"Ringside at the @miketyson vs @royjonesjrofficial fight #covidcreativity #rva @fitetv #stayathome I wanna clean fight or my $49.99 back @ Richmond, Virginia https://t.co/gW0xnIRvHg",0.0,november28_november29
198,1.332569421571793e+18,Simcoe and Mosaic combo. Meshed citrus. Grapefruit. Earthy undertone. Great to have 18th Street in Indy. In town for tomorrow’s Colts game. 8 starters out with COVID. Better keep drinking. Nunc Coepi!! -DC... (Under Crown) https://t.co/n4JISFDWWO,0.0,november28_november29
199,1.3325738347011154e+18,"TOMORROW NIGHT ITS GOING DOWN!! ALL ARTISTS PERFORMERS DM @slayve_child_wick_god TO GET ON ... KEEP IT 89.1 FM CLICK THE LINK IN MY BIO TO CONNECT TO THE STATION! 24/7 BE SAFE WEAR A MASK 😷 @ Miami Beach, Florida https://t.co/fZ94P4p61o",0.19142857142857145,november28_november29
200,1.3325745793117102e+18,"About 8 years ago 
I told you my mother closes my left eye #myastheniagravis @ Quarantine Nola 2020 https://t.co/ryeJ353vqS",0.0,november28_november29
201,1.3325754370091377e+18,Turkey Trotting In COVID  https://t.co/th5QPaxzlB,0.0,november28_november29
202,1.3325754727025377e+18,Golf 🏌🏻 The best sport for social distancing. ⛳️ #golf #reyes #2020things @ Altadena Golf Course https://t.co/IykOs8TdwB,0.0,november28_november29
203,1.3325757984994386e+18,"Watch ""COVID-19 survivor has rare side effect of COVID-19 treatment -- a massively swollen tongue"" on YouTube - https://t.co/akle8a14TE",-0.5208333333333333,november28_november29
204,1.3325768245813699e+18,ME GOING TO A FIGHT PARTY TONIGHT &amp; DUCKING COVID-19 SINCE NON OF YALL WONT BE WEARING A MASK 😂😂😂😂 IN SWIFT @ New Jersey https://t.co/wGd31gWgZu,0.28750000000000003,november28_november29
205,1.3325790214485647e+18,COVID-19 didn't stop the release of the Oatmeal Raisan Cookie Ale from @danvillebrewingco. Now available in a can but you can still get it in a growler. @ Danville Brewing Co. https://t.co/t7g3DzhsRf,0.10189393939393936,november28_november29
206,1.3325803666499666e+18,"Might be a good day to drink the 🩸 blood of your enemies because #covid_19  #2020 although might be #wine 🍷  love ❤️ to all @ Loveland, Colorado https://t.co/kgQSdilFuh",0.21666666666666667,november28_november29
207,1.3325821859546522e+18,"He knows they’re out there @hippietrailer @ Corona de Tucson, Arizona https://t.co/KIYRdwEtq6",0.0,november28_november29
208,1.3325871743830016e+18,"“ We are what we repeatedly do. Excellence is not an act but a habit” - Aristotle
.
.
. #habits #gym #losangeles #strength #conditioning #groupfitness #outside #safetyfirst #safe #wearamask @ Ganbatte Fitness https://t.co/NMzNgnfCkq",0.0,november28_november29
209,1.3325881693264323e+18,Save our nurses and doctors. Wear masks. https://t.co/ieJXqRzmNh,0.15000000000000002,november28_november29
210,1.3325905351990927e+18,"Well, happy 2020.  🤷‍♂️🤦‍♂️😭
Where’s Clark when you need him? #igiveup @ Corona, California https://t.co/pQNalPG55y",0.0,november28_november29
211,1.3325961953997087e+18,Coming up this week at Painting with a Twist Carmel.  Seating is limited so reserve your seats today!  #carmelindiana #christmasstory #paintandtrivia #holidays #thingstodo #socialdistancing @pwatcarmel https://t.co/wjLSOnvjot,0.0,november28_november29
212,1.3325964944830054e+18,Coronavirus commentary from our neighbors at Lefty's Live Music. @ Lefty's Live Music https://t.co/w8b0WeSFew,0.0,november28_november29
213,1.3325972245938217e+18,Shorts Weather in November! Nice day for a Social Distancing (SoDi) Half Marathon. #MNStrong #SocialDistancing #Minnesota #November #Nike #run #halfmarathon #selfie #fitgay #gay #beard #scruff #AllOutin2020 https://t.co/jvMnD0bMXw,0.825,november28_november29
214,1.332599582077948e+18,"Saturday night vibes on Covid and that @bia! Lol 😏😘🤑😘🤩😛😎

#bia #maskon #saturdaynightbelike #meetmeatthesto #awholemood #vibes #thebeautyinfluencer #itscute @ Charlotte, North Carolina https://t.co/NXdlXByUHo",0.1968253968253968,november28_november29
215,1.33260058462985e+18,"2020 was a weird year BUT, we got the entire house decorated for Christmas on November 28th 🙌🏼🙌🏼😁😁 #christmas #holidayseason #christmastree #christmasdecor #pittsburgh #pandemic #2020 #islandofmisfittoys #rudolph https://t.co/Ub1xUEOmGX",0.0,november28_november29
216,1.3326011008563896e+18,"Saturday's coronavirus hospitalizations in Southern Oregon were down from Monday's record-setting day, according to to @OHAOregon.

Our daily COVID-19 updates are free to read. For all our stories, subscribe here: https://t.co/YeMilg2nL0

https://t.co/fQQzUe03Mr",0.025,november28_november29
217,1.3326021817285386e+18,Beautiful. Combines my two favorite things - hand sanitizer and fast food. @ Bath &amp; Body Works https://t.co/NWDyPQjMSR,0.0,november28_november29
218,1.332602771028099e+18,"We're hiring! Read about our latest job opening here: Pharmacist - COVID 19 Vaccine Support - https://t.co/ROfjaMPPkF #Dallas, TX #CVSJob",0.0,november28_november29
219,1.332605189702832e+18,"Our very first Xmas 🌲 hopefully the last with a pandemic⁣
⁣
Swipe ⬅️⁣
⁣
Yes! A jew that loves Xmas 🎅 ⁣
⁣
#christmas #miamibeach #santa @ Miami Beach, Florida https://t.co/sXtooJwy0D",0.0,november28_november29
220,1.3326063512274412e+18,"Other cities: We’re having trouble getting people to pay attention to COVID info
SF: You try sexy ladies on stilts yet? @ San Francisco, California https://t.co/5SwHCulHI6",0.15555555555555556,november28_november29
221,1.3326090123245568e+18,"Do what you love, love what you do. CVS Health is hiring! Join #TeamCVS Pharmacist - COVID 19 Vaccine Support in Seattle, WA Apply online or join our talent community! #NowHiring https://t.co/RjBJ37tIFA",0.2,november28_november29
222,1.332610532109656e+18,"Socially distanced gathering with my niece Adrie and her friend from LV along with Ty and Phronsie. #wearamask #socialdistancing #beautifulday @ Denver, Colorado https://t.co/2sBpoKpVGS",0.2,november28_november29
223,1.3326132996918067e+18,"We're in lockdown now in Los Angeles, but Happy to do an exhibit walkthrough anytime! #contemporaryhaitianart #artoftheday #artgallery #blackart #blackwomanart #Haitianartgallery @ Galerie Lakaye https://t.co/5NFUoiPNrO",0.2857142857142857,november28_november29
224,1.332617750720766e+18,"@Kaepernick7 Oh, there is apparently a covid grace period that wouldn’t allow it.",0.2490909090909091,november28_november29
225,1.3326179991073341e+18,"Quarantine Thanksgiving Victory goes to @dina_ali for a incredibly tasty Maqluba 👌🏻 @ Lexington, Kentucky https://t.co/Ca8cVWvQ3Y",0.0,november28_november29
226,1.3326194475431404e+18,"“ We are what we repeatedly do. Excellence, then, is not an act but a habit “ - Aristotle
.
. #habits #dowork #mindset #gym #outsidespace #wearamask #losangeles #doyourbest @ Ganbatte Fitness https://t.co/66RieaJ1yB",0.0,november28_november29
227,1.3326201815506166e+18,"Me not understanding why yall can’t stay in your damn houses. 😬
.. Just playing... wear a mask
.
.
.
.
📸 MindYoBidness @ Milky Way Galaxy https://t.co/oB04ytw4u8",0.07777777777777778,november28_november29
228,1.3326218441853133e+18,@kateflaim @lindaholmes But also hearing about people who’ve always been fake opting to hit the tree farms this year! Covid anxiety and wanting a tree up earlier is why we opted artificial for this year. And fig we can go back to real after next year and use this on a porch or   something,0.425,november28_november29
229,1.3326242819775365e+18,"Shannon Reaves, co-owner and founder of Bath Savvy talks with FOX 2 News’s Veronica Meadows on her business, pivoting during Covid-19 and what Small Business Saturday means to her business. https://t.co/dIC3eibcD9",0.13636363636363635,november28_november29
230,1.332542326766506e+18,Join us for worship in the morning at Linder Road! 9 am - in-person and livestreamed to Facebook and YouTube. 11 am in-person. We're following all COVID protocols! #Worship #HelpYourself #GodIsGood https://t.co/59RPk17lmL,0.13636363636363635,november28_november29
231,1.3325425170159452e+18,Outdoors being social during pandemic by socially distancing with friends that we miss... @ Carkeek Park https://t.co/rSxjsG2lB5,0.13636363636363635,november28_november29
232,1.332543499049132e+18,"Thanks Temecula Wine Country for the last 4 days. Good to escape the Covid craziness, reconnect with family and get away for a while. Back to the grind on Monday... @ Temecula Wine Country, Southern California https://t.co/ULE4rZzeQv",0.125,november28_november29
233,1.3325435330357699e+18,Have a great #night #world #corona #southerncalifornia #doslagos en Dos Lagos https://t.co/9tKVuwPZBA,-0.4,november28_november29
234,1.3325442551019848e+18,Just posted a photo @ Quarantine Nola 2020 https://t.co/lJBM4vNlfJ,0.2,november28_november29
235,1.3325456966758031e+18,#socialdistancing #friends #outside #isnotraining @ Carkeek Park https://t.co/8da6MLHiSY,0.5208333333333334,november28_november29
236,1.3325498429341123e+18,Next year yall🎁 @ Quarantine Nola 2020 https://t.co/wZir7wBDq7,0.0,november28_november29
237,1.3325510526467604e+18,"Just posted a photo @ Corona, California https://t.co/AYsNKgDJwN",0.25,november28_november29
238,1.3325530129009254e+18,Time to get the tree!  YMCA has great trees and wreaths! @ymcaofthefoothills #christmastree #chrismas2020 #wearamask #doingmypart #wewillsurvive #savelives #cooperiscute @ YMCA of the Foothills https://t.co/039Ga94lRC,-0.6,november28_november29
239,1.3325540566367805e+18,"Social distancing. 564/... - Drinking a Bended Tree Chestnut Brown Ale by 7 Clans Brewing @ Dunwoody, GA  — https://t.co/mcZaWBnAPL",0.45,november28_november29
240,1.3325548271386665e+18,"Par for the Covid course, behold our no frills, socially distant Santa visit. #boysstilllovedit #christmas2020 🎅🏻 @ Visiting Santa @ The Galleria Dallas https://t.co/T5GFjx89wX",0.4124999999999999,november28_november29
241,1.3325549008074957e+18,"Inspired by #gremlins we tried out our caroling skills out and about #mikeandbob #wearamask @michaelhennesseyactor @bobburlingham @ingridactress @delusionaldiva #christmascarols @ Hollywood, California https://t.co/u1gxy3nmwT",0.0,november28_november29
242,1.332555003240747e+18,How to Run a Pandemic PR  https://t.co/alfkfJyFnC,0.22666666666666666,november28_november29
243,1.332557245142487e+18,Just posted a photo @ Quarantine Nola 2020 https://t.co/xtl7YMEXk1,0.25999999999999995,november28_november29
244,1.33255822090104e+18,"My school losing #GeauxAway🤦🏽‍♀️🖕🏽🥲
Surprise surprise @ Quarantine Nola 2020 https://t.co/HrKyv4lz3x",0.0,november28_november29
245,1.3325582220376842e+18,"Hiking in Tilden Park above Berkeley. Hazy but beautiful today. It’s nice to be able to do a little hiking to punctuate our essentially quarantine lifestyle @ Berkeley, California https://t.co/CXx0QtwCdm",0.0,november28_november29
246,1.3325582231534019e+18,My mama brought me gumbo....we're like the Yaya women with the gumbo..I guess she knew our dumb ass school was gone lose #GeauxAway😷😷😷😷😷😷😷😷😷😷😷😷 @ Quarantine Nola 2020 https://t.co/DKuPSKOG4c,-0.006397306397306411,november28_november29
247,1.332559837079728e+18,"Also, I always forget to grab a big thing of water when we head to the hospital. With covid restrictions only one of us gets to be here, so it’s hard to sneak away and grab food.",0.0,november28_november29
248,1.3325602750237983e+18,#hubby &amp; #covid_19  #working #rona @ Woodland Hills https://t.co/s5IzlSzx4e,0.0,november28_november29
249,1.332561705201754e+18,Some Asian chicks I went to college with left thus at my house last year..it definitely works⚜️♐️🧘🏽‍♀️ @ Quarantine Nola 2020 https://t.co/1M0rCbOR7F,0.2,november28_november29
250,1.332567256866308e+18,"I am very concerned of all the side effects that this vaccine they have that they don’t know about yet because they haven’t really tested it long enough @ Fall River, Massachusetts https://t.co/okFQPJHhJI",0.0,november28_november29
251,1.3325674053698355e+18,"Working in the Road lol..

Work 'n Travel..mwaaaa💋 All the same if u are organised...🤑

#stayconnected 
#staysafe
#stayhome BUT remember #homeiswheretheheartis❤️ 
#whereeverforever🌍 https://t.co/ASrHogG5kh",0.0,november28_november29
