,id,tweet,sentiment,date
0,1.2445462436715725e+18,"Wife made 4 pounds of  pasta and 2 batches of cookies for the nurses in ER tonight   ER Staff thank you for your dedication. 
Good luck and be safe  
Tonight !!!!
#covid_19 #corona #longisland #southsidehospital… https://t.co/QDZNDpMil8",0.0,march30_march31
1,1.2445500181844992e+18,"When you test “Negative” for that “Rona”! 
Gotta laugh to keep from crying.
Fancy footwork by @JavinShepard 
.
.
.
.
.
#awesomerayray #funnymemes #funny #lifestooshort #rona #corona #coronamemes #covıd19… https://t.co/zgjgkzoNwz",0.2380952380952381,march30_march31
2,1.2445536918620488e+18,#thankyou #allah #corona #covid_19 #salah #muftimenk @ California https://t.co/fWabQZLk2D,0.08727272727272728,march30_march31
3,1.2445571539538207e+18,"Just please don’t! 

I can fix it, but it will be a journey. If you are desperate, there are plenty of other things we can do to help!

#dontboxdye #corona #socialdistancing #colorcorrection #natick #natickma… https://t.co/PWILTyMG6M",0.4777777777777778,march30_march31
4,1.2445625772266373e+18,"Happpppy Doctor's day and thank you so very much for all you do, also to nurses and all in the medical and first responders field. 

#thankyou #doctor #nurse #firstresponders
#frontline #doctorsday #corona
#covid_19… https://t.co/YHeT5HNY2I",-0.4,march30_march31
5,1.2445628510728233e+18,Field Hospital in Central Park for 68 beds with respirator units outside #mtsinaihospital samaritanspurse rescue relief their first state aide operation #corona #coronavirus @ Mount Sinai Maternity Ward https://t.co/dLBESsNCh2,0.0,march30_march31
6,1.2445632318694072e+18,"Life doesn’t get easier or more forgiving, we get stronger and more resilient. Bless everyone today and this week. #corona #coronavirus #covid_19 @ BRONX LEBANON HOSPITAL https://t.co/Ys3KbKlXs1",0.0,march30_march31
7,1.2445714315870003e+18,⭐️RallyWIN⭐️ A FREE MASK WITH YOUR HOODIE! BlakOWN CustomMade CoronaFree Hoodies/Mask...Get Yours Today! #rw #rallywin® #blakown® #corona #coronafree #mask #coronafreemask #fit #custom #cutandsew #disruptor #fashion… https://t.co/iRDjrKYSgF,0.8,march30_march31
8,1.244574329469313e+18,A bouquet of flower portraits to shelter with today. #shelterinplace #corona #covid_19 #coronawalk #flowers #flowersofinstagram #flower #flowerpower #flowertherapy #stopandsmelltheflowers #lovenature #loveflowers @… https://t.co/E46Ip8YvL4,0.3333333333333333,march30_march31
9,1.2445791778541117e+18,Well I’m up! This staying home has my sleep schedule all messed up. Fell asleep much earlier by accident &amp; now I’m up before dawn! #imup #selfie #selfiejunkie #insta #instagay #cantsleep #corona #selfquarantine… https://t.co/Dy3SyAGwjM,-0.40234375,march30_march31
10,1.2445847613409526e+18,A.L.I.E.N. LIVING: “Cornered by Corona: Finding My Place Of Joy”  https://t.co/6C9UPEE9V0,0.0,march30_march31
11,1.244588156361552e+18,"Y’all! They are even calling in help from the @marvel universe! #avengers #marvel #corona #nyc @ West Hollywood, California https://t.co/aSTadofXjw",0.0,march30_march31
12,1.244592167143846e+18,Corona NY Mon Mar 30th AM Forecast: TODAY Mostly Cloudy Hi 45 TONIGHT Partly Cloudy Lo 31,0.2407407407407407,march30_march31
13,1.244593074820522e+18,"After being quarantined for about 2 weeks, I decided to continue my daily workouts from home. 30-pushups challenge. #youngthunder #workout #motivation #fitnessjourney #grind #quarantine #corona  #challenge @ Las… https://t.co/cC8jcYVGYS",0.17,march30_march31
14,1.2445975008388956e+18,"forever chasing clouds with my phone. #pixel @ Corona, California https://t.co/ivxq96rFbN",0.26666666666666666,march30_march31
15,1.244604052228518e+18,"LIVING OFF THE WALL...IN COLOR🎨
Thinking your walls need a little color? I did too. People often ask me do I do murals and I say I'd love to. I am excepting commissions for murals after the Corona Virus spread has… https://t.co/wIngs9EInN",0.0,march30_march31
16,1.244605514086056e+18,First look at Drake’s son Adonis! Why @Drake looks unhappy @wpgc @radionationdjs #radio #corona #drake #family @ Washington D.C. https://t.co/26OcagXv8W,0.0,march30_march31
17,1.2445396509806797e+18,"When your stuck at home. #tiktok #mylaijah #corona #march2020 #quarantine #bored @ Montclair, New Jersey https://t.co/ElOYWB7Ep3",0.25,march30_march31
18,1.244540816628093e+18,"India style Corona fight social distancing; BK Bazhe, from News, Travel, or BK Amazon Art &amp; Books: https://t.co/Ukk5O1EOkc
BK Bazhe Website: https://t.co/D10wbHbTRo
BK Bazhe Instagram @… https://t.co/hAe4NmcEoM",0.85,march30_march31
19,1.2445441342132756e+18,"#legal #advice for those #cheaters out their during #corona @ Saint Petersburg, Florida https://t.co/7rZZH1MN6y",0.2,march30_march31
20,1.2445460617645711e+18,"🔥😎🔥
.
.
.
#hellusa #corona #coronavirus #outbreak #covid_19 #usa #nightflight @ Monster Island https://t.co/XifRvUFxr1",0.0,march30_march31
21,1.2445489164917965e+18,Corona can't touch this! @ Louisville https://t.co/HAEPeW5cA4,0.35000000000000003,march30_march31
22,1.2445499491126927e+18,"#uplifttoday Big thanks to my sister for her front line work to help keep us safe. #drDonna #corona @ Oakland, California https://t.co/PnIPagzaYa",0.040277777777777767,march30_march31
23,1.2445499877967667e+18,"Colors of Corona 003, acrylic and oil on paper, 20x13cm (8x5inches), 2020 (SOLD) #bartoszbeda @bartoszbeda @ Dallas, Texas https://t.co/elCSOY0Q3b",0.8,march30_march31
24,1.2445542992266322e+18,"No wandering around, no walking to parks or trails...THEY CLOSED, no church...worship at home ""PA TU CASA!""
.
.
.
#saferathome #corona #coronavirus #splash #mondaymotivation #mondayvibes credit: mexicantarugadas… https://t.co/IlYsUOkT2t",0.55,march30_march31
25,1.2445550925665034e+18,Field Hospital in Central Park for 68 beds with respirator units outside #mtsinaihospital samaritanspurse rescue relief their first state aide operation #corona #coronavirus @ The Mount Sinai Hospital https://t.co/2afKxGJkb2,0.41818181818181815,march30_march31
26,1.2445586186299965e+18,Lagunita Court center hilltop bench estate garden #grave just became available. Go to https://t.co/YIlXWxwebq  There’s nothing else like it. #TrustintheLord #InGodwetrust #Christians #God #blessed #prayers #covid_19 #corona… https://t.co/5BHIgM1uXT,0.0,march30_march31
27,1.2445588403574784e+18,"Crazy timing in devotional this morning. As we wait on God to save our physical health during the age of #corona , as believers we can be assured He has Already Saved us for eternity.… https://t.co/8mNPmGXlcS",0.15625,march30_march31
28,1.2445596120340644e+18,"Corona Prevention and Stupidity;  in Seattle; in News USA; BK Bazhe, from Travel, or BK Amazon Art &amp; Books: https://t.co/Ukk5O1EOkc
BK Bazhe Website: https://t.co/D10wbHbTRo
BK Bazhe Instagram… https://t.co/S3oxPvrFMk",1.0,march30_march31
29,1.2445622597556306e+18,"Funnies...  😋
#Corona #CincoDeMayo #Funnies #CoronavirusFunnies #Coronavirus #COVID19 #StephanieSellingPB @StephSellingPB @ SoSo Neighborhood https://t.co/540ctIXWCA",0.125,march30_march31
30,1.2445625772266373e+18,"#corona 
#coronavid19 
#quarantine 
#blogger 
#blogging 
#BloggerLoveShare 
#bloggerlife 
#bloggerstyle @ Los Angeles County, California https://t.co/RwzbJSRLVC",-0.4,march30_march31
31,1.244562805031932e+18,"current weather in Corona: clear sky, 46°F
100% humidity, wind 4mph, pressure 1022mb",0.3,march30_march31
32,1.2445637979537203e+18,I just moved out for good so I had to take some pics as an aspiring SSU Alumna! #SSU #SSU20 #corona Y’all stay safe man I couldn’t even give proper goodbyes 🙃 @ Savannah State University https://t.co/qXeUz7UYfE,0.0,march30_march31
33,1.2445641896595907e+18,"Sharing some pics from the meeting I titled “Family Zoom Times During Corona Doom Times” (because obv I’m super mature!😅) — Tuning in from New York, Massachusetts, Florida, Maine, Rhode… https://t.co/aF7dvhnfI1",0.37,march30_march31
34,1.2445667013893489e+18,"New York City Walkabout...As the number of #corona cases rises and social distancing takes place, the sidewalks of New York have rarely been cleaner of trash, food and other specialty items. In their place the new… https://t.co/9esOQppAIY",-0.1,march30_march31
35,1.2445679077926502e+18,"Just completed day 1 of the reading plan ""Faith Instead Of Fear In The Pandemic."" @ Corona, New York https://t.co/G5pMJXaB41",0.0,march30_march31
36,1.244568625090048e+18,Corona CA Mon Mar 30th AM Forecast: TODAY Mostly Sunny Hi 73 TONIGHT Partly Cloudy Lo 48,0.0,march30_march31
37,1.244574329469313e+18,"Monday morning meeting - Corona style 🙅‍♂️
.
.
.
#socialdistancing #texas #covid19 #essentialinfastructure #mondaymeeting #coronavirus #salcedohomes #texasbuilder #customhomes #2020focus @ Flower Mound, Texas https://t.co/TemyHQTikn",0.3333333333333333,march30_march31
38,1.244577213879595e+18,"This is kind of cool. Ed Tyll of The Ed Tyll Show, who I will be chatting with in 95 minutes, is interviewing Bill O Reilly on his show tomorrow. Even in a time of Corona amazing things happen.

The Florida Man
660… https://t.co/uvMQLUbF8R",0.0,march30_march31
39,1.244580627799855e+18,"Don’t forget @FHJerk Home Cooked | Ready to Heat Meals available for delivery throughout the Chicagoland area! #FHJerk #MealPrep #JerkChicken #corona #covid_19 #EatWell @ Chicago, Illinois https://t.co/frA2bHCeGX",0.0,march30_march31
40,1.24458290682504e+18,"Barber not considered essential, so I had to tame the lumberjack a bit. #corona #isolation #beardgang #gingerbeardman #gingerbeard #ginger #beardcare @ New Castle, Delaware https://t.co/9MWpAFpP5P",0.0,march30_march31
41,1.244591353893286e+18,"One of the dopest realtors in the game headed to the money rocking her @iamlizsanchez Mask! 💜 heelsonthemove_realtor #family #love #life #live #corona #soldout  #neworders @ Atlanta, Georgia https://t.co/2ebMwI86n3",0.2833333333333333,march30_march31
42,1.244592167143846e+18,"Day 17 of #selfisolation #thesagacontinues still staying strong. #quarantine #corona #wutang #peace #happymonday @ Carroll Gardens, Brooklyn https://t.co/yl844doXIC",0.2407407407407407,march30_march31
43,1.2445924670407557e+18,"Being someone who is still working. This is very important! Keep yourself and your family safe! Everyone else...stay home!! #corona #covid_19 #neworleans #socialdistancing #stayhome #besafe #beclean @ New Orleans,… https://t.co/m1gwt46x0f",0.03333333333333333,march30_march31
44,1.244593074820522e+18,"Respect Nature! otherwise will vengeance with worst than Corona or Natural disasters; Great Blue Heron near me; Concord Massachusetts by BK Bazhe, from Travel, or BK Amazon Art &amp; Books:… https://t.co/jA5qA64vGZ",0.17,march30_march31
45,1.2445938878108508e+18,"Engagement Photo shooting Destination Wedding in California
#EngagementPhotoShooting by #Morethanphoto #DestinationWeddingsPhotographer #SanAntonioWeddingsPhotographer #CaliforniaWeddings @ Corona del Mar State Beach https://t.co/ek1mlomdxo",0.03333333333333333,march30_march31
46,1.2445942432194028e+18,Hands Around the World for climate change have some increased news for you guys. Keep your eyes open for updates!!!!! #handsaroundtheworld #handsaroundtheworld2020 #arrahman #stephenschwartz #climatechange #corona… https://t.co/StcW7AsTFI,0.03333333333333333,march30_march31
47,1.2445953707573617e+18,@scrafford @kevinpurcell I read a long piece about UV and it appears that people cannot be disinfected from corona via UV as the radiation would harm us.,0.0,march30_march31
48,1.2445964706842296e+18,Keeping your #Peace in the midst of #chaos. #create #imagine #produce #pray #stayhome #isolate #corona #besafe #photography #outdoors #dfwmodels #dfwphotography #dentonphotographer #fashion #fashionphotography… https://t.co/a59QHz9LqN,0.0,march30_march31
49,1.2445969694455808e+18,"Tonight Monday at Hot Tuna! Takeout Tacos! Mahi, Shrimp, &amp; Carne Asada 🌮. Homemade Beans &amp; Rice, &amp; a 6 pack of Corona! @ Hot Tuna - Va Beach https://t.co/LMYmJsFGLS",0.5,march30_march31
50,1.2445995373244375e+18,"Corona: 6:39am: sunrise
sunset will be at 7:09pm",0.0,march30_march31
51,1.2446016825306522e+18,"Don’t stop pulling 
Gonna get through #stayhome #quarantine #quarantinelife #corona #covid_19 #downsyndromeawareness 

#downsyndromeawareness
#downsyndromerocks
#specialneedsfitnesscoach
#specialolympics… https://t.co/8YdLz3GvrG",0.0,march30_march31
52,1.2446028981447803e+18,NYC Weekly Corona Virus Update 3/30/20  https://t.co/NSNrVIGaDY,-0.5,march30_march31
53,1.2446034905524797e+18,Photography has always been my go to therapy in good times and bad. Now in these uncertain times of the corona virus I find it particularly therapeutic to explore the wide open expanses and small towns of the Central… https://t.co/dogiVQP5HP,0.08333333333333333,march30_march31
54,1.244604052228518e+18,"First day, new job! Can you even imagine starting a new job during corona? Well here we go! I will let you all know what it’s like. I’m excited! @ Pérez Art Museum Miami https://t.co/Z4dbSmVUVR",0.0,march30_march31
55,1.244605604800467e+18,Keeping your #Peace in the midst of #chaos. #create #imagine #produce #pray #stayhome #isolate #corona #besafe #photography #outdoors #dfwmodels #dfwphotography #dentonphotographer #fashion #fashionphotography #bored… https://t.co/VKNm2OzAV5,-0.378125,march30_march31
56,1.2446065374752727e+18,it's ya #Birthday 🥳 @gmoneymistro too bad we're #Quarantined But We're Gonna Turn-up When This #Corona #Pandemic Ends Enjoy ya Day I Love You Cuzzo @ Soundview Park https://t.co/Vgp271e8pC,0.4,march30_march31
57,1.2445396509806797e+18,"Corona virus update Song 🙈🙊🙉 @ Cleveland, Ohio https://t.co/VGQ2Py312x",0.25,march30_march31
58,1.244540816628093e+18,"The boys are back in town. @ Dos Lagos, Corona https://t.co/PDOScS8rMe",0.85,march30_march31
59,1.2445441342132756e+18,I just realized that @mingchen37 exposed me to #Corona after the #ImpracticalJokersTheMovie Premiere Party! @ The Empire Hotel https://t.co/Gd1S9bNHkx,0.2,march30_march31
60,1.2445444551152886e+18,"From this morning’s long commute with the dog.  🐕 @ Corona, California https://t.co/5IyqcbmZ0v",0.10476190476190476,march30_march31
61,1.2445460617645711e+18,"Is staying at home easier when you live in a house this beautiful?
.
.
.
.
.
.
.
#gramercypark #gramercy #coronavirus #corona #virus #isolation #COVID19 #emptystreets #emptynyc #nycshutdown #quarantine… https://t.co/UZ2ezw1eoe",0.0,march30_march31
62,1.2445462436715725e+18,There’s still a smile underneath this mask... #PainManagement still exists despite the craziness of the #Corona #pandemic #VegasPainBrothers #PainBrothers #BlockDocs @ The Center for Wellness and Pain Care of Las… https://t.co/5lqyBmwg1l,0.0,march30_march31
63,1.2445467803662868e+18,I put fresh flowers in my bathroom every week but I’m pretty sure that they are dying of boredom and #socialdistancing 😢 are flowers considered #essentials 🤔 #boredaf #corona #socialdistancing #plantsofinstagram… https://t.co/FHgbX1eWVi,0.0,march30_march31
64,1.2445499491126927e+18,"Video from worker at #Brooklyn #Hospital! #BrooklynNY • Sunday • 11am 👀😯 #Corona #Covid19 @ Brooklyn, New York https://t.co/hQVCLDpWN4",0.040277777777777767,march30_march31
65,1.2445500181844992e+18,"Supporting a local business!! @AEADesigns4u love this shirt!! #quarantine #corona #quarantinechamps @ Bloomington, Indiana https://t.co/pksQ7Kb9B1",0.2380952380952381,march30_march31
66,1.2445504183503421e+18,"Bridal season should be in full bloom but it has been paused by the corona virus....... 
• 
I personally love bridal division. You say “dahhh” All girls love weddings... well true, but that is not MY WHY. 
why I… https://t.co/jmfM0YqtUI",0.0,march30_march31
67,1.2445509083038065e+18,I’m the most ICY!!! Got the best deals and the best quality!!! Also most importantly I am praying 🙏 for everyone that’s been affected by the corona virus.  Be safe and stay at home! Anyone that has questions about… https://t.co/BoPk8IkSnH,0.1,march30_march31
68,1.244551529916498e+18,"It’s the simple things like TP fir your bung hole 🤪🤪 finally found! 🙏🏻 @charmin 

•
•
•
•
#tolietpaper #charmin  #corona #coronavirus #stayhome #staysafe #stayhealthy #shelterinplace #isolation @ Brentwood, Los Angeles https://t.co/NAHACSBwEc",-0.15357142857142855,march30_march31
69,1.244552295964164e+18,"""A box filled with human shit"" (Corona Heights, D8) https://t.co/6yuanj6OrV https://t.co/LiskXfkaoQ",0.0,march30_march31
70,1.2445527724748554e+18,"It’s all in the mise en place!! #stuffedmeatballs #italianfood #cheflife #chef #quarantine #corona @ Chesapeake Beach, Maryland https://t.co/klfXsr8Qz9",0.16666666666666666,march30_march31
71,1.2445536918620488e+18,"Corona ain’t keeping me from doing what I love. I may not be behind the chair but I am home with my daughter and staying inside!! How are you doing your part to bend the curve?
.
.
FORMULA: BALAYAGE w.… https://t.co/to2AhnaHsB",0.08727272727272728,march30_march31
72,1.2445550925665034e+18,"The Passage After Corona Virus, We will overcome, Keep Strong. Continue, Love Classic Women, Selective Whiskies and Cuban Cigars. Simply My Way of Life. @ Las Vegas, Nevada https://t.co/o6UrtCqc7g",0.41818181818181815,march30_march31
73,1.2445571539538207e+18,"I think I may have over cooked this rib-eye steak but a Corona Extra will make it better in a frosty @Yelp glass. Anyone have any limes? @ Los Angeles, California https://t.co/NrF4QhJyDe",0.4777777777777778,march30_march31
74,1.244558424429527e+18,"Me after I heard #socialdistancing &amp; #quarantine has been extended to the 30th cause people won’t #sitdown... y’all pissing me off. 
#GetTheStick #coronavirus #SitTheFuckDown #corona @ Manhattan, New York https://t.co/fbj7mgI2wA",0.78125,march30_march31
75,1.2445586186299965e+18,"#chicagoquarantine #chicago #covid_19 #sky during #corona #lifeinthetimeofcorona #lifeinthetimeofcholera @ Edgewater, Chicago https://t.co/kmstDWRA6q",0.0,march30_march31
76,1.2445632318694072e+18,"BOOST YOUR IMMUNE SYSTEM during Corona Virus!!! By taking 𝐍𝐮𝐭𝐫𝐚𝐁𝐮𝐫𝐬𝐭 and 𝐂𝐡𝐚𝐠𝐚 you would be filling your body with ✔72 Minerals, ✔12 Herbs, ✔19 Amino Acids, ✔13 Whole Food Greens, ✔22 Fruits &amp;… https://t.co/sKWqvIv7ZS",0.0,march30_march31
77,1.2445662006018621e+18,"When freight is slow you expand your horizons. RV Delivery from Denton Tx to Tucson AZ. 
Also the return of BIG_Blue_6.0 to Insta
#BIGBLUE60 
#trucking #hardtimes #corona @ Buc-ee's https://t.co/oaGEQIrGPc",0.15000000000000002,march30_march31
78,1.2445665116347843e+18,"Send in so questions or topics
.
.
Let's keep it fun, at the end of the day I want to entertain you.

The dumber the question the better
.
.
#q&amp;a #lemeknow #podcast #solobolo #sharesthelovez #corona #coronavirus… https://t.co/qV9mTCoJdB",0.3068181818181818,march30_march31
79,1.2445667013893489e+18,"BOOST YOUR IMMUNE SYSTEM during Corona Virus!!! By taking 𝐍𝐮𝐭𝐫𝐚𝐁𝐮𝐫𝐬𝐭 and 𝐂𝐡𝐚𝐠𝐚 you would be filling your body with ✔72 Minerals, ✔12 Herbs, ✔19 Amino Acids, ✔13 Whole Food Greens, ✔22 Fruits &amp;… https://t.co/I5QQ9E12XI",-0.1,march30_march31
80,1.2445679077926502e+18,Hopefully the sound will stay. New Video dropping later today. Go check out SPLIFF__TV on YouTube to refresh yourself. And hit that notification bell. #covid_19 #covid #covidfree #corona #socialdistancing… https://t.co/fC0nXmJNWT,0.0,march30_march31
81,1.2445707402104013e+18,"Nice easy run today to the crooning of Adam Duritz. 3 miles a day keeps corona away.💨🏃‍♀️ #easypace #stayhealthy #GodisGood @ Royse City, Texas https://t.co/Za6BOHQdkw",0.5,march30_march31
82,1.2445716988982723e+18,"Are you ready for a change? 
.
.
.
.
.
#advice #entrepreneurship #entrepreneur #business #businessowner #habit #wealth #corona #covid_19 #mindset #success #process #successquotes #discipline #consulting… https://t.co/hrwRdhqOCa",0.17777777777777778,march30_march31
83,1.244574329469313e+18,Showdown: Corona vs Flu in 60 seconds. Who's gonna win? @ Downtown Los Angeles https://t.co/czuq0IBL5e,0.3333333333333333,march30_march31
84,1.2445764761057894e+18,"The help is finally here! 🎥 @SJBPS4 📸 @andygazio #nyclives .
.
, https://t.co/ykCCAxaikV 
.
#corona #coronavirus #covid19 #help #newyork #nyc #unitedwestand #Godisgood #GodBlesseAmerica @ NYC https://t.co/7jlGV1O1wB",0.0,march30_march31
85,1.2445791778541117e+18,I'm screaming of laughter 😂😂😂 #covid_19 #quarantine #coronamemes #covıd19 #coronavirus #quarantineandchill #covid #quarantinelife #quarantinememes #funny #hilarious #hysterical #lmao #lol #virus #coronamemes #corona… https://t.co/sodDhpaU7b,-0.40234375,march30_march31
86,1.244580627799855e+18,"""DC Health confirmed four additional deaths related to COVID-19: a 39-year-old male, a 65-year-old male, a 68-year-old male, and a 73-year-old male."" [PR] Coronavirus Data Update: March 29  https://t.co/VMzYKrml7a",0.0,march30_march31
87,1.24458290682504e+18,"Zeus! Looking forward to when the shelter in place is over! #corona #bigdoglife 

.
.
.
.
#instapuppy #woof #tailswagging puppy #puppiesatplay #bark#dogsofinstagram #dog #companion #puppy #puppiesatplay #bark… https://t.co/7r97EThagM",0.0,march30_march31
88,1.244584522483667e+18,"Yes You “Can” !!!!! #zoom #corona #coronapilates #pilatesconnectiondallas #dallastx 
#pilatesstudio #pilates #pilatesstudio #pilatesreformer #pilatesloves #pilatesbody #pilatesinstructor #fitness #pilatesfit… https://t.co/zPCTJEOztT",0.5,march30_march31
89,1.2445847613409526e+18,"Day 8 #stayhome fun is stuffed meatballs!! #corona #cheflife #chef #meatballs #quarantine @ Chesapeake Beach, Maryland https://t.co/xIw8AqgGZi",0.0,march30_march31
90,1.244590352977322e+18,"Blonde Moment #16

While moving units to our new location,  I kept noticing evil looks and stares with the trailer that I was towing. I completely forgot that I had the Corona branded trailer behind me today. With… https://t.co/Mpb1ltJu05",0.1,march30_march31
91,1.244592138278572e+18,"My #corona @ Hell's Kitchen, Manhattan https://t.co/oSrbCUkYG0",0.525,march30_march31
92,1.244592881773486e+18,“Cactus &amp; Corona Edibles” (Please do not try this at home. I am an untrained professional) #edibles #cactus #yummy #cactusgood #coronaedibles #phasetwo #covidcomicrelief #whoisacactus #whatami… https://t.co/ua04z87U68,-0.14375,march30_march31
93,1.2445938878108508e+18,A few scene shots from Flushing Meadows Corona Park. @ Flushing Meadows - Corona Park https://t.co/VlmGfjx478,0.03333333333333333,march30_march31
94,1.2445961926059213e+18,At Costco to get some dog food and other basics(tp) and we are the only ones wearing masks. 😷#virus #corona #family #familytime #familyfirst #pandemic #people #craycray #🙄 #😳 #😷 @ Costco https://t.co/PB42s127Tu,0.5,march30_march31
95,1.2445970835014656e+18,Happy Monday! This is how our DGB team is working from home🙏🏼 Let’s all make sure to stay home today and #flattenthecurve ☕️🙏🏼🌍💕 #dogoodfeelgood #goodthingshappen #losangeles #california #corona #covid_19 #stayhome… https://t.co/5dNuAtv76e,0.0,march30_march31
96,1.2445972615412818e+18,"Solar Panel Cleaning in Northridge, CA. The Corona Virus 🦠 shouldnt stop you from producing energy. #solar #panel #cleaning #los #angeles #solarpanelcleaning #northridge #ca #la #solar #panel @ Los Angeles, California https://t.co/tAYJkbKq94",0.5,march30_march31
97,1.2445973523562496e+18,Today is going too suck. Should pretty much just accept that https://t.co/PWo4wJYQdy stole my money already been 10 days. Homeless showing corona virus symptoms. Broke and have nothing too eat other than some peanuts. Can't even… https://t.co/7AfmuETOon,0.5428571428571429,march30_march31
98,1.2445989203255992e+18,"🎙On this quarantined corona-cast episode of Renegade Radio I’m answering your questions on how to keep control of your fitness, nutrition and life regardless of any obstacles that try to stand in your… https://t.co/5Vb0Uef1Ux",0.0,march30_march31
99,1.244601981295104e+18,"EMMA LEE slices through pandemic fear on ""Dear Corona""  video premiere! Learn more about our newest client. 
Follow her on IG @emiliaisemma!

#dearcorona #emmalee #sublimecrown ##emzkey_one #coronavirus #covid19… https://t.co/FPRWxQVzsY",1.0,march30_march31
100,1.2446028981447803e+18,Take life one step at a time. Good thoughts for this time. #onestepatatime #newreality #life #selfquarantine #quarantine #stayathome #floridalife #florida #covid_19 #corona #pandemic #living #staypositive @ Florida https://t.co/0NIizdAC1X,-0.5,march30_march31
101,1.2446034905524797e+18,"No captions needed... 🤷🏻‍♂️👑🦠
•
#covid_19 #coronavirus #corona @ Miami, Florida https://t.co/oBdCQc6pAy",0.08333333333333333,march30_march31
102,1.244604250367365e+18,"It’s official 😞😱 

•
•
•
#stayhome #stayhealthy #staysafe #isolation #shelterinplace #corona #coronavirus @ Brentwood, Los Angeles https://t.co/LvbJOVg6jA",-0.003706054687499994,march30_march31
103,1.244605514086056e+18,"Maryland stay at home order #stayhomestaysafe #maryland #corona #larryhogan @ Boyds, Maryland https://t.co/Hz57nwl98A",0.0,march30_march31
104,1.244540816628093e+18,"can’t escape that corona life.

#CVteardrop @ Staples Center https://t.co/2jH11Q6BDP",0.85,march30_march31
105,1.2445441342132756e+18,"Both my addictions aren’t as readily available in the midst of #corona #virus 
.
so here is a throwback plate.
.

#seafood #mealplan #food #feedfeed #sushiroll #knowyourroll #sushibar #sushigirl #sushinight #foodporn… https://t.co/vZB0Rc7QIW",0.2,march30_march31
106,1.2445459847865836e+18,Recording with ma time!! Staying away from crime😃❤💛💚🎼🇯🇲🌍 #tviartist #studiolife #recordingstudio #graphics #stayathome #corona #virus #vocals #hotsong #miami #urban #uk #france #london #california #newyorkcity… https://t.co/6tplYyR3lO,0.25,march30_march31
107,1.2445460617645711e+18,"Magical Monday, beyond the sea gazing upon the wind. Can you guys imagine it's the close end of March. The moment Ariel rescue me from a shipwreck I was thinking she would return to my kingdom, but with the Corona… https://t.co/qq1iTIqAJM",0.0,march30_march31
108,1.2445489164917965e+18,"current weather in Corona: clear sky, 67°F
55% humidity, wind 3mph, pressure 1024mb",0.35000000000000003,march30_march31
109,1.2445500181844992e+18,Lagunita Court center hilltop bench estate garden #grave just became available. Go to https://t.co/YIlXWxwebq  There’s nothing else like it. #TrustintheLord #InGodwetrust #Christians #God #blessed #prayers #covid_19 #corona… https://t.co/kVgFXkhtoH,0.2380952380952381,march30_march31
110,1.2445504183503421e+18,We are in isolation. We do not have corona but our whole state is in isolation during this time I have had time to reflect I do not identify with the name Shannon it is not my name my name is Danni and that is what I… https://t.co/nB1FrxWl8X,0.0,march30_march31
111,1.2445509083038065e+18,"This is my 'self-isolating' face. #quarantine #selfieisolationchallenge #selﬁe #corona @ North Hollywood, California https://t.co/VUHE9MfLDf",0.1,march30_march31
112,1.244551529916498e+18,"Definitely making a routine to stop from going stir crazy. (Full disclosure - Took this picture last month during our pre-corona honeymoon)
.
Coffee and morning reads
-stare at the wall
Writing and outlining
-stare… https://t.co/FKPfM8uPtQ",-0.15357142857142855,march30_march31
113,1.244552295964164e+18,"If you Chili, he’ll be at Jefferson High School flipping a giant tire! #corona #covıd19 #socialdistancing #hardwork #hardworkpaysoffs @ Jefferson High School (Portland, Oregon) https://t.co/Gpzph0GA8n",0.0,march30_march31
114,1.2445523656397414e+18,I feel a lot better now that my Corona Crush @BrookeBCNN is  back on @CNN #CoronaLockdown https://t.co/CJiwsUwmCs,0.5,march30_march31
115,1.2445550925665034e+18,"Haven’t taken any new pics thanks to this quarantine so here’s a throwback to when I actually got to leave my house regularly 😅 #corona @ Tampa, Florida https://t.co/E5aycd8O0a",0.41818181818181815,march30_march31
116,1.2445567458815508e+18,"Just posted a photo @ Corona, California https://t.co/9W9KCaixYq",0.14823232323232322,march30_march31
117,1.2445567990065275e+18,(Corona) Monday's Moody Memories ... #theshiningmovie #socialdistancing @ Overlook Hotel https://t.co/QevONIHE8O,-0.006250000000000006,march30_march31
118,1.244558424429527e+18,"#stayhome #coronavirus #update 

00:30 March 30, 2020 

119 new cases in #Pakistan and 
07 #death 

Started #Free #online #consultation for self suspected #patients of #coronavirus 

Introducing self #corona check… https://t.co/5qccSDAyKe",0.78125,march30_march31
119,1.2445588403574784e+18,"After the corona blows over...
BRING YOUR SON TO DEATHROW🔥🐶🔥 @ Penrose Park, St. Louis https://t.co/3gneYcHVj2",0.15625,march30_march31
120,1.2445596120340644e+18,So thankful on #doctorsday2020 to work in a place where you are so appreciated. #corona #surviving  #thankyou dawnkleinman wolfpackjessie @IRDocFuji michael_mol @JeremyKimMD daryl_goldman… https://t.co/JdExivyvur,1.0,march30_march31
121,1.244562805031932e+18,"NYC Masked 😷😷 
.
.
.
#coronavirus #corona #virus #isolation #COVID19 #emptystreets #emptynyc #nycshutdown #quarantine #quarantinelife #staysafe #covid_19 #stayhome #quedateencasa #twilightzone… https://t.co/bvtokYzS4y",0.3,march30_march31
122,1.2445628510728233e+18,"‘I’m not going out there.” #quarantine #corona #braids #coffee @ Pasadena, California https://t.co/zTbbIHgwWA",0.0,march30_march31
123,1.2445632318694072e+18,"Hard work that we have done all this time.

Just for the corona virus to just shut us down @ Arlington, Texas https://t.co/KXi8aXS0Oi",0.0,march30_march31
124,1.2445637979537203e+18,"This!! #corona #mayorofchicago @ Bronzeville, Chicago https://t.co/L0a9ze81zC",0.0,march30_march31
125,1.2445662006018621e+18,"Technology won't keep us down! Lol! The Explorers had a video meeting to begin a Home During the Corona journal project. Stay tuned! @ Kalamazoo, Michigan https://t.co/tqda5p2IKI",0.15000000000000002,march30_march31
126,1.2445667013893489e+18,"Reality of corona virus #coronavirusnyc #coronavírus #thedivisioncosplay @ New York, New York https://t.co/pDlrghpMbV",-0.1,march30_march31
127,1.2445679077926502e+18,"2 fruit one hand challenge ! Get to 50 and tag me in your video!  Give it a try it might be harder then it looks 😂! #quarantine #corona #coronaviruschallenge #2fruitsonehand @ New York, New York https://t.co/py368hzg2W",0.0,march30_march31
128,1.244568625090048e+18,"Corona virus testing and treatment is available for uninsured L.A. County residents. One can call (800) 593-8222 and/or sign-up for care with the Health Services Department at (844) 804-0055 @ Bell, California https://t.co/SZP3cakLx6",0.0,march30_march31
129,1.2445714315870003e+18,"Quarantine Day 13: Preparations for the apocalypse are progressing. Chevy is VERY excited to be embracing his pedigree on Corona Gardens and protecting the farm. The new additions are 4.5 months old, well adjusted… https://t.co/oc7aMvODLw",0.8,march30_march31
130,1.2445716988982723e+18,"Sea air and the sound of waves. Sure cure for Corona Cabin Fever. @ Seacliff, California https://t.co/Nfd2JQqHIp",0.17777777777777778,march30_march31
131,1.244572926218842e+18,"#caronaviruschallenge #corona #stayhealthy #staysafe #stayhome #socialdistancing #washyourdamnhands #cardibchallenge #bardigang @ Rome, Georgia https://t.co/08aHDtRVIK",-0.6999999999999998,march30_march31
132,1.244574329469313e+18,For my clients asking about how they can see their doctor for treatment #telemedicine #injury https://t.co/44EodZMwQn @ Dettman Law https://t.co/IQxn8cikeZ,0.3333333333333333,march30_march31
133,1.2445764761057894e+18,"If your not watching govholcomb and his team right now you should.  They are talking about the surge and planning to see what’s coming #corona #virus #stayhome #staysafe #washyourhands @ Indianapolis, Indiana https://t.co/jXW5aKrjUj",0.0,march30_march31
134,1.244577213879595e+18,"Fighting the Chinese Flu one Corona at a time:
#shootersfaync #braggblvd 
#coronapocalypse #chinesefood #batsoup #socialdistancing #socialdistance #socialanxiety #2a #2amendment #fay #fayetteville #fayettevillenc… https://t.co/CsOZWcGaqR",0.0,march30_march31
135,1.2445783055604122e+18,"Never thought I’d live to see the day where telling a cop I’m on my way to get weed, would get me OUT of trouble!
.
.
.

.
.
.
.
.
#funny #memes😂 #youtube #corona #likeforlikes #art #explorepage #memelord… https://t.co/Wd2GkxRypZ",0.0,march30_march31
136,1.244580627799855e+18,Corona NY Mon Mar 30th PM Forecast: TONIGHT Partly Cloudy Lo 31 SATURDAY Sunny Hi 41,0.0,march30_march31
137,1.24458290682504e+18,"Hey guys!  How the heck are you? 
.
.
.
.
.
.
.
#actor #actorslife #acting #film #tv #entertainment #influencer #fitnessmotivation #fitnessjourney #fitguys #covid_19 #covid #covıd19 #corona #stayhome… https://t.co/V8pVzQU20X",0.0,march30_march31
138,1.244584522483667e+18,"Solomon's Blues (Corona Verses)

Sooner or later, you just run out of shit to do.

I could script my next tome,
But nah. 
Not right now. 
I could nap. 
But I can't sleep. 
Maybe bike, but I have a video conference… https://t.co/C0R0EUcdVk",0.5,march30_march31
139,1.244588156361552e+18,"We won't be Quarantined forever! The Heat will Bring Fun in the Sun &amp; move ""Corona"" right on Out! Get Ready for The New Season!! Order NOW! Super #Cute &amp; #Sexy #Romper NOW @oohlalaboutique
#SpringFashion #NewArrival… https://t.co/jpU4ppjd5p",0.0,march30_march31
140,1.2445906856653292e+18,From work - killing off the Corona...SEXUAL CHOCOLATE! 🍫 - Drinking a Sexual Chocolate (2020) by @FoothillsBeer @ Liberty Outdoor Track  — https://t.co/0JEiAUhwkr,0.0,march30_march31
141,1.244591353893286e+18,"#corona #virus #husband #wife #children #stayhome #fart #smell #health #check #marriage #divorce @ Austin, Texas https://t.co/lWoY8ahPss",0.2833333333333333,march30_march31
142,1.244592167143846e+18,They look so good together. Now to let this baby simmer for a few hours. #foodporn #foodstagram #corona #covid_19 #nomnom #quarantine #instafood #fromscratch #lockdown @ South Philadelphia https://t.co/WyCBHo3mVF,0.2407407407407407,march30_march31
143,1.2445922333299712e+18,"My hands after six gallons of Purell and washing them obsessively after spending lots of time outside today on a shoot. #covid_19 #corona #onassignment @ The Metropolitan Museum of Art, New York https://t.co/1YoobeYQCv",0.0,march30_march31
144,1.2445938878108508e+18,"We may not have plan for the corona virus but like the old saying says, it's never too late to plan.
…
The decisions you will make in the next few weeks will dictate your next decade.  Rich or poor? In front or… https://t.co/jCp8Uq4ZWq",0.03333333333333333,march30_march31
145,1.2445952208361595e+18,"This Corona virus sucks, but not as much as this @PrecisionTurbo turbo hanging out the hood of this Corvette 

#GetBTW #BehindtheWheel #cars #turbonetics #BigTurbo #WillItPassSmog #LA #LosAngeles #automotive @ Los… https://t.co/7ok7nkAfOG",-0.5,march30_march31
146,1.2445953707573617e+18,Lagunita Court center hilltop bench estate garden #grave just became available. Go to https://t.co/YIlXWxwebq  There’s nothing else like it. #Hope #Love #Lord #prayers #God #blessed #TrustintheLord #InGodwetrust @ Corona del… https://t.co/6VPavVAtv0,0.0,march30_march31
147,1.2445961926059213e+18,"Colors of Corona 003, acrylic and oil on paper, 20x13cm (8x5inches), 2020
.
.
.

#portraitpainting #abstractportrait #figurativepainting #figurativeart #artworksoninstagram #artsy #artista #artysta… https://t.co/OpCI4GQsyd",0.5,march30_march31
148,1.2445970835014656e+18,"FaceTiming wit the homie @iamjoeythejerk, discussing which is Michael &amp; Stevie’s best albums &amp; both of our Corona cuts... I said his hair makes him look like a Ghanaian dictator who has child soldiers... he had to… https://t.co/8qpGzVnywr",0.0,march30_march31
149,1.2445972615412818e+18,"Quarantine Day 13: Preparations for the apocalypse are progressing. Chevy is VERY excited to be embracing his pedigree on Corona Gardens and protecting the farm. The new additions are 4.5 months old, well adjusted… https://t.co/TCRmK4uVnz",0.5,march30_march31
150,1.2445973523562496e+18,"Sneak Peek into my Corona Virus Workouts and how I’m staying in shape with the World shut down! 
📽: relldeadimkyon @ PennwoodMiddle School https://t.co/BdwvnBqwH3",0.5428571428571429,march30_march31
151,1.2445975008388956e+18,Not sure if it’s Groundhog Day or Inception. (Sighs &amp; takes a slow sip of #corona). #roadwarrior #frequentflyer #whatdayisit #missmygirls #workaholic @ LAX American Airlines Terminal 4 https://t.co/JrzlN7S5RD,0.26666666666666666,march30_march31
152,1.2445989203255992e+18,"Getting a little saucy, it’s 5 o’clock somewhere #foodporn #nomnom #covid_19 #lockdown #corona #instafood #foodstagram #quarantine @ South Philadelphia https://t.co/iPjp5rrhjX",0.0,march30_march31
153,1.2445995373244375e+18,If news couldn’t get any worse!  Today’s Wall Street Journal!  #wallstreetjournal #wsj #puzzle #puzzles #puzzlesofinstagram #jigsawpuzzle #corona #coronavirusmemes😂😂😂 #covid_19 @ 1009 Kingston Drive https://t.co/ydOG29yHqp,0.0,march30_march31
154,1.2446007538656092e+18,"A PSA from the Swedish Jam Factory lemons. 🇺🇲🇸🇪🍋
.
.
.
.
.
#stayathome #stopthespread #slowthespread #corona #coronacreatives #coronavirus #psa #publicserviceannouncement #lemons #whenlifegivesyoulemons #stayinside… https://t.co/eBk6KNKZGg",0.1611111111111111,march30_march31
155,1.244602791978586e+18,"Who do you hear 👂 in this track?!? Tag them in the comments, Go!!! #GodIsGood#GoodVibesOnly #PleasePressPlay▶️Fayz #BamBoyzSound #Corona #FlStudioGang #Producer #NewMusic #BlessedUp #BedRoomProducer #QualityControl… https://t.co/sy8M7TGBRl",0.8,march30_march31
156,1.2446034905524797e+18,We’re all in this convoy through quarantine together! Stay safe and stay positive!!                         #covıd19 #corona #churchstreeteast #downtownmobile #mobilealabama #downtownmobileal #ukulele #ukulelecover… https://t.co/aZvOcHPbeA,0.08333333333333333,march30_march31
157,1.244604052228518e+18,A little Birthday joy in the age of corona! Happy Birthday Judah! Can’t believe you’re 7! And props to my amazing wife angelasapir  for making an amazing cake despite our 2 year old Frigidaire oven burning out! @… https://t.co/HVjoIkSnSl,0.0,march30_march31
158,1.244605514086056e+18,"Corona Playlist Day 10 
After 2 weeks of “home school”, I’m not ok..,

https://t.co/xvV4XlDkXd",0.0,march30_march31
159,1.244605604800467e+18,"Discards in the time of corona

.
.
.
.

.
.
.
.
.
#ShotoniPhone #iPhone11Pro #PhotoOfTheDay #Washington #Spring #OurPNW #Woodinville #Covid19 #coronavirus #PPE #Contagion #outdoors @ Woodinville, Washington https://t.co/jUNaqkrQRs",-0.378125,march30_march31
160,1.2446057446762086e+18,"Please enjoy reading the newly published article and also listening to the radio podcast on @blogtalkradio on the Aesthetic Insider show hosted by, Angela O’Mara discussing the Corona Virus impact on Dentistry,… https://t.co/pUR5PO1RcU",0.0,march30_march31
161,1.2446070174252155e+18,"Corona A-Home Workout Day 18
Monday, 3/30/2020

3 rounds of:
8 Russian step-ups each leg (foot stays on box, move slow and controlled) 
12 push-ups
8 Russian step-ups + lunge each leg 
12 sit ups 

Then… 
“Desire“
5… https://t.co/2nt0oDNJSK",0.0,march30_march31
162,1.2446070405065277e+18,We are currently experiencing a blood shortage in New Mexico! Please set up an appointment now and rest assured. These blood drives are being done with all the required corona virus protection requirements in mind.… https://t.co/tCTYObvXbt,0.4,march30_march31
163,1.244540816628093e+18,"Corona Virus Virtual Piano Lessons!! @ Seattle, Washington https://t.co/Zyq3E1LKNB",0.85,march30_march31
164,1.2445444551152886e+18,When you and your kid are one in the same taylormadiee #offspring #mykid #mydaughter #mydaughterismyworld #corona #coronavirus #quarantine #quarantineandchill #quarantine… https://t.co/6NEiPQnS8B,0.10476190476190476,march30_march31
165,1.2445460617645711e+18,Stay ready like our guest @TeC_dA_CtB on @DamatrixStudio with iam_broadway it’s that real out here #covid_19 #corona #nyc #music full interview on our #Dsnbxtv #Youtube @ Damatrix Studios https://t.co/jmLbF9oVgJ,0.0,march30_march31
166,1.2445467803662868e+18,"#NewYorkStrong
#NewYork
#coronavirus #DontBeASpreader #Covid_19 #QuedateEnLaCasa #StayTheFuckHome #Corona #CoronavirusOutbreak @ Statue of Liberty National Monument https://t.co/3AhF2DE7iK",0.0,march30_march31
167,1.2445489164917965e+18,"Corona Virus !
Shit is getting real!
#coronvirus #humor #covid19 #cardib #coronavirusmemes😂😂😂 @ Los Angeles/Hollywood California https://t.co/WnGe3Nui0z",0.35000000000000003,march30_march31
168,1.2445500181844992e+18,"Hundreds of people clapping, hollering and clanking to thank all of those who work the frontline every day to keep things going in the city. #covid_19 #corona #inspirational #quarantine @ Upper West Side https://t.co/wr6yj3UOZh",0.2380952380952381,march30_march31
169,1.2445504183503421e+18,"... and the Norfolk based USNS Comfort has made it to NY 🏥 🗽 
.
Absolutely love this share‼️ (📸 mullyusn )
.
.
.
.
.
.
. #comfortship #hospitalship #covid19 #corona #coronavirus #hope #usnscomfort #usnavy #navy… https://t.co/vddyduvWsL",0.0,march30_march31
170,1.244552295964164e+18,"Its what's for dinner!  Steaks, asparagus, yuka with mojo, and salad!  I think we should start a Quarrantine Corona Cookbook!  What's on your plate?  
#whatsfordinner #wine #quarantine #coronavirus #cooking… https://t.co/KzdTePW9IN",0.0,march30_march31
171,1.2445523656397414e+18,"If she say she is in quarantine alone... don't believe her. Check out our new single to find out why

#cheating #fyp #newsingle #music #funny #comedy #coronarenderer #Corona #Boiling #BoilingPoint #Funk #LiveBand @… https://t.co/cV4CnGozTH",0.5,march30_march31
172,1.2445527724748554e+18,"I thought TBG was turning these lights on for me daily. I thanked him. He smiled. Day three he said “they’re on a timer”. #truebloodlife #retiredlife #rvlife #corona #roughingitsmoothly @ Orlando, Florida https://t.co/FPh0rzGKJ2",0.16666666666666666,march30_march31
173,1.2445542992266322e+18,"Lucy wants to know what's up. JackieO knows there is no need to ask. We are still quarantined. #corona #socialdistancing #covid19 #quarantinelife @ Ormond Beach, Florida https://t.co/vu9P98PHr5",0.55,march30_march31
174,1.2445550925665034e+18,I’m not lying...I was just excited to see other people in public. #socialdistancing #corona #bonnieandclyde #stickemup #giveusyourtp @ Vons https://t.co/e84TMroxSz,0.41818181818181815,march30_march31
175,1.2445567990065275e+18,Today’s corona accompaniment!  New tushy cleaner has been installed by yours truly. Who needs a hint to do when you have me!  #myphilly #realtor #home #phillylife #phillyhairstylist #tushy #buy #rentphilly… https://t.co/GNVeQdIoQT,-0.006250000000000006,march30_march31
176,1.2445571539538207e+18,"Lil backyard fun🏋️‍♀️
.
Training has been difficult for many over the last month with the corona virus impacting many regular gym goers. I’m extremely thankful for the ability to carry on with my training pursuits… https://t.co/IzIuXTC8lW",0.4777777777777778,march30_march31
177,1.244558424429527e+18,"“Corona Samurai Sunset” and so one more day begins to set. Now draw swords, as we begin the night ... #sensei  #covıd19 #samurai #sunsets #slice #chop #stepandrepeat #teamusa #americanmade @ Bergen County, New Jersey https://t.co/L2e6OWJQuy",0.78125,march30_march31
178,1.2445586186299965e+18,"Take care of you. ❤️
.
.
.
.
.
.
.
.
.
#knicolewriting #takecareofyourself #stressrelief #corona #covid19 #positiveselftalk #mentalhealth #selfcare #writerscommunity #mentalwellness #wisewords #writersofinstagram… https://t.co/TFzUcTu9VP",0.0,march30_march31
179,1.244559714387497e+18,Watching the water splash against the rocks lulls my mind away from corona-anxiety. 😱🌊😌 I share this video with hopes it might bring you some peace as well. 🌊😌🥰 #stayhomestaywell #wegotthisseattle @ Myrtle Edwards Park https://t.co/TL5lDpYrwd,0.625,march30_march31
180,1.244560979397972e+18,Maybe I'll take this time and start a vegetable garden on my balcony. It's springtime... nowhere to go really(Damn you Corona!)... might as well be productive!! #Growmyownveggies🥦🥬🍅 #Boredomsettingin… https://t.co/AJgZbPTkTX,0.3,march30_march31
181,1.2445625772266373e+18,"This is easily my proudest moment as a planner, even if I have zero plans because #corona is a bitch. Wonder Woman is one of my first loves and my symbol for kickass female empowerment. Making this layout made me… https://t.co/lmXBZyWFOO",-0.4,march30_march31
182,1.244562805031932e+18,"#quarentine #corona #coronavirus #ihatequarantine @ Mountain Lakes, New Jersey https://t.co/SWLoeO49gc",0.3,march30_march31
183,1.2445628510728233e+18,Corona CA Mon Mar 30th PM Forecast: TONIGHT Mostly Clear Lo 48 TUESDAY Partly Cloudy Hi 78,0.0,march30_march31
184,1.2445632318694072e+18,"Monday market update for Corona Del Mar, California 92625

Your market overview
4
NEW 
LISTINGS
125
TOTAL 
LISTINGS
3M
MEDIAN
PRICE ($)
57
MEDIAN

Did you know?
With the median home price of $2,995,000 in your… https://t.co/rL0UnaYuPi",0.0,march30_march31
185,1.2445637979537203e+18,"The #corona can't stop us from looking our best!!!
Stay safe out there! Stay at home as much as possible and wash your hands with HOT water in 15-30 minute intervals.
#familytime #pandemic #coronavirus #stayhome… https://t.co/73CjZLzBeW",0.0,march30_march31
186,1.2445641896595907e+18,"Don’t drown in your own thoughts.. Stay close at heart even if corona made us apart .
.
.
.
.
.
.
.
#art #artwork #checkonyourfriends #frogs #quarantine #mentalhealth #corona #beer #coronavirus #drown #thoughts… https://t.co/OYLVrmKOXv",0.37,march30_march31
187,1.2445662006018621e+18,"🔥Corona Day 6- Stretching Routine/Rest Day🔥
.
For the next 7 days I’ll be posting home workouts for you all. This is a routine to follow each week to make sure you are active during this period of stress and… https://t.co/e1tEDOhWUG",0.15000000000000002,march30_march31
188,1.2445667013893489e+18,"Day ?? of quarentine and self isolation. I decided to make a small office for my work space. I might be able to get more done now.

#OzBeeFilms #Editing #Editor #Filmmaker #selfisolation #quarantine #corona #covid_19… https://t.co/8VaSL0VJEv",-0.1,march30_march31
189,1.244568625090048e+18,Meanwhile in #washingtondc #coronavirus #thenewnormal #covid_19 #corona #washyourhands #socialdistancing #layoffs #unemployment #lockdown #photojournalism #epaphotos @epaphotos #canon @canonusaimaging @ Washington D.C. https://t.co/zSpt9U29Yr,0.0,march30_march31
190,1.244568824206295e+18,Planning a post-corona party. Can’t think of a better place than Donner... doing a site survey now. If someone asks you for “a hand...” run. #donnerparty #postapocalypse #byop @ Donner Lake https://t.co/Qtu9q58CJu,0.0,march30_march31
191,1.2445699492402627e+18,Look at our Monday 5pm Musical Theatre class!!!👀👀 Keeping it cute and serious!🥺🤩🤩 #musicaltheatre #music #musical #theater #theatre #monday #cute #serious #stayhome #stayhealthy #staysafe #corona #covid_19 #explore… https://t.co/X8VrjzDzzq,0.0,march30_march31
192,1.2445707402104013e+18,"damonjamesduke haunting image of #lodestar looking not unlike the corona virus.  An artist to watch and cameraman to trust, he can make compelling beauty out of anything ! (I am in nyc ) @ Bombay Beach, California https://t.co/yaynjICjAo",0.5,march30_march31
193,1.2445714315870003e+18,"My son asks daily, “when is coronavirus over?” And writes stuff like this when we create art projects. I wonder if he’ll remember this and how it will change him and his world. #corona #wereallinthistogether… https://t.co/p7ooHCmfKh",0.8,march30_march31
194,1.2445716988982723e+18,IG Live 2nite. Bedroom Vibes. Trap Edition. Put on ur PJs and let’s trap out! See u there! #DJLola #shedjs #trap #trapqueen #socialdistancing #corona #covid_19 #djlife #music #spins #tunes @ My Bed https://t.co/hOaX33dcg1,0.17777777777777778,march30_march31
195,1.244572926218842e+18,"Not certain what #stayathome day it is, but this is what I’m eating. 🍳🌶 #corona #covid_19 #coronacooking @ Chandler, Arizona https://t.co/XSAgzElGkb",-0.6999999999999998,march30_march31
196,1.2445764761057894e+18,Mr. Mark’s Monday 6:30pm tap class went amazing online today!!🤩🤩 Couldn’t asl for anything more from anyone🥺👌👌 #tap #amazing #online #live #livestream #adult #monday #stayhome #stayhealthy #staysafe #corona #covid_19… https://t.co/wzR8KkNIQ6,0.0,march30_march31
197,1.244577213879595e+18,WORKING FROM HOME LUNCH BREAK TIP- We should be doing some simple exercises between completed tasks to keep healthy from all this working from home. I’m doing burpees.... #corona #workingfromhome #exercise #burpees… https://t.co/r3e6e3odhC,0.0,march30_march31
198,1.2445783055604122e+18,"love in the time of corona  🍽🍷🍪— aka never been more grateful for our patio, our cat, gluten free flour, and educational self-hosted wine tastings 😭 (and @alex_brist who’s clearly keeping me extremely well fed and… https://t.co/rzvnbDghhj",0.0,march30_march31
199,1.244580627799855e+18,"One on one virtual fitness &amp; striking training now available. Corona, cannot and will not stop the bumrush!
#BOXING #BOXEO #BOXEN #MMA #STRIKING #SINCEREFITNESS #SINCEREATHELETICS #SINCEREBOXING #FITNESS #FITSPO… https://t.co/YG5I5YU9AS",0.0,march30_march31
200,1.24458290682504e+18,"Around the city #city #boston #rain #rainyday #md #driving #igdaily #igjamaicaplain #igbostonhoods #617 #igersboston_1st #corona #stayhome @ Boston, Massachusetts https://t.co/b1gNOtwJOr",0.0,march30_march31
201,1.244584522483667e+18,"bedgeek will keep you company.

.
.
#bedgeek #houseparty #quarantine #corona #friends #love #l4l @ Miami, Florida https://t.co/Of8gJMGiXV",0.5,march30_march31
202,1.2445887125303337e+18,"Corona-Time with my HoneyGirl!
#dogdad #girldad #poolparty #yellowlab #jacksonville #puppypoolparty #bewell #stayhome #stayhealthy @ Jacksonville Golf And Country Club https://t.co/S1G99MZcPp",0.23666666666666664,march30_march31
203,1.244590352977322e+18,Last trip out to the farm for a while. But did get some fresh eggs. #friendswitheggs #friendsarebetterthaneggs #sosad #corona #halcyonfarmmd @ Halcyon Farm https://t.co/dbaboozJyn,0.1,march30_march31
204,1.2445906856653292e+18,"social vs not so social distancing #batman #dc #marvel #starwars #corona #stayhome @ Miami, Florida https://t.co/CouWSxDCeD",0.0,march30_march31
205,1.2445924670407557e+18,"That’ll do pig, that’ll do. #nomnom #foodporn #corona #quarantine #covid_19 #food #foodstagram #instafood #lockdown @ South Philadelphia https://t.co/2qS2ho846V",0.03333333333333333,march30_march31
206,1.244592881773486e+18,"#CatInTheHat, #ThePunisher, #Spiderman &amp; some #anime #cosplayers at Los Banos #OhanaCon #ComicCon 3/15/20 back when comic cons were still allowed pre-shelter at home Corona guidelines. @ Los Banos, California https://t.co/XwGS8aFkpn",-0.14375,march30_march31
207,1.244593074820522e+18,"Doing homework and also perfecting our commercial headshots, apparently. 
@Kids_Casting 
No time than the present to start saving for college👨‍🎓👨‍🏫 @ Flushing Meadows - Corona Park https://t.co/10dhjpTZWx",0.17,march30_march31
208,1.2445952208361595e+18,"IN THE HOUSE STAYING #coronafree..... nycparks Thanks for the corona suit.. Music by @DaBabyDaBaby @ Brooklyn, New York https://t.co/ONTGqroAxv",-0.5,march30_march31
209,1.2445961926059213e+18,"When outside ona Sunday was a thang 🔥 #untiltomorrow #nolashutdown #corona  I jus wan out 😩 @ New Orleans, Louisiana https://t.co/xteKtr6oN6",0.5,march30_march31
210,1.2445964706842296e+18,"In My Hood 
#Lurking #Heat 🔥Eat #Real #Rap #Get #Money #Corona #Virus #K #Stealth #Health #Wealth #2X #Dior #Mask #Art #Brooklyn #Nyc #BeSafe #Flatbush #twirl #Woo #Ape #Hiphop #TheUberShoppe #DavesHouseOfThrill… https://t.co/8t4l7lVKLA",0.0,march30_march31
211,1.2445969694455808e+18,"Our Sherrie Geistweidt’s 1913 Corona - the only corona we want in the office. #typewriter #typewriterlove #countrypublisher @ Fredericksburg, Texas https://t.co/cp5RyUqVJn",0.5,march30_march31
212,1.2445970835014656e+18,"Top 10 Words You Never Wish to Hear After #Corona #coronavirus

10.) 😷 
9.) 🧤 
8.) Lysol
7.) 🤚 Sanitizer
6.) 🚽 paper 
5) 20 seconds 
4.) 6 🦶 
3.) Corona 🦠 
2.) Covid-19
1.) Social Distancing @ Dallas, Texas https://t.co/xJjceAK3lF",0.0,march30_march31
213,1.2445975008388956e+18,"Corona waiting for you to come outside like “nobody gonna jump you” 😂😂😂 #covid19 @ North Haven, Connecticut https://t.co/FelYO3rsmb",0.26666666666666666,march30_march31
214,1.2445995373244375e+18,"😂😂
#corona @ Gainesville, Florida https://t.co/TMPK9NLf3l",0.0,march30_march31
215,1.2446007538656092e+18,HOW 2 GET TESTED 4 CORONA 19!!!!#brandonshortyrice #theshortyshow #funnyshorty #realtalk #blessed4real #provemewrong #laughingisfunny #abcnews #abcworldnewstonight #@nissanstadium #callgetchecked #tipsfromshorty @… https://t.co/vqpe5CSgeg,0.1611111111111111,march30_march31
216,1.2446016825306522e+18,"@TowehMusic
towehfitness
Sharing some at home workouts for you to try 
you do not need resistance bands. Give this curl variation a try with Low weight 10-15 pounds 💪🏽💪🏽 #perfitness #fitness&gt;Corona @ Westwood &amp; Wilshire https://t.co/3Lc2bvaqIb",0.0,march30_march31
217,1.244601981295104e+18,"@jmehring today’s Drone photograph is a local Skateboard park in Ames Iowa.  This photo is one of my new favorites.  #socialdistancing #corona #covid_19 #djiglobal #ames @ Ames, Iowa https://t.co/xvlMoGW41T",1.0,march30_march31
218,1.244604052228518e+18,"I lost a dear friend to the Corona Virus.
From left to right John Seda, Robert Brown, Gary Jenkins (RIP) and Kevin Evan. My dear friend and colleague Gary Jenkins just passed away from the Corona Virus. Rob Hotrob… https://t.co/nqLC5pGcGG",0.0,march30_march31
219,1.244604250367365e+18,"CoRonA Sessions! Y’all have a great Monday and STAY HOME. Peace love, lots of music and great vibes! ✌️

.
. 
.
.
.
.
.
.
.
.
.
#drumuniversity #we_love_drums  #instagroove_ #drumvideos #bootyshakers… https://t.co/rz14kOdMqj",-0.003706054687499994,march30_march31
220,1.244605514086056e+18,"Is March over? What's next?
.
.
.
#coronavirus #corona #virus #isolation #COVID19 #emptystreets #emptynyc #nycshutdown #quarantine #quarantinelife #staysafe #covid_19 #stayhome #quedateencasa #twilightzone… https://t.co/Q56SL92phP",0.0,march30_march31
221,1.2446057446762086e+18,"A Corona type of night...just WOW...😜 @ Times Square, New York City https://t.co/ri84c0icNl",0.0,march30_march31
222,1.2446065374752727e+18,"Come on my fellow #Aries birthdays no #corona going to stop our blessing of life. superstitch @ElectricVlnShop auroraviolins  codabow @akai_pro @yamahaperc 
.
.
#violin #violinist #violinplayer #instrument #seratoDJ… https://t.co/poRM9cIRPb",0.4,march30_march31
223,1.24460673391113e+18,"Like I said, I did a thing. I call it corona blue #quarantine #stircrazy #talkingtowalls @ The Unoffical Ravens Headquarters https://t.co/Ow5qloREey",0.0,march30_march31
224,1.2446070174252155e+18,"Basically, quarantine is me not getting a haircut forever.
.
.
.
#corona #quarantine #haircut #musician #music #song #songwriter #artistsoninstagram #permanentvacation @ Tempe, Arizona https://t.co/l6As7CPGuJ",0.0,march30_march31
225,1.2445396509806797e+18,Drinking a Corona Extra by @GrupoModelo_MX @ Untappd At Home — https://t.co/k11s1AHKjR,0.25,march30_march31
226,1.2445441342132756e+18,I think this is the 1st time I’ve actually seen the stars on the boulevard. LA doing it’s part. #lockdown #corona #socialdistancing #hollywoodblvd #hollywood #hollywoodwalkoffame #quarantine #empty #dolbytheatre… https://t.co/ErUYB9uarS,0.2,march30_march31
227,1.2445459847865836e+18,"current weather in Corona: few clouds, 64°F
48% humidity, wind 11mph, pressure 1021mb",0.25,march30_march31
228,1.2445460617645711e+18,"Corona virus cure is up in NYC. 10 years I've been told truth by this radio/YouTube show. Check his show today on youtube: ""Ron Gibson"" channel. I hope so @ University of Pittsburgh https://t.co/QM2DVBuwHB",0.0,march30_march31
229,1.2445462436715725e+18,"Corona-cation Week 2

📸: alicia.zon @ Lubbock, Texas https://t.co/tvWKWx3AAR",0.0,march30_march31
230,1.2445484753516954e+18,"The ski season is over, so the beard had to go. I’ll keep the ‘stache’ until the corona virus stops spreading in Wisconsin! #mustache #mustachestyle @ Wisconsin Rapids, Wisconsin https://t.co/JxLUWw8z3N",0.0,march30_march31
231,1.2445500181844992e+18,Corona doesn’t stop the grind! Cyber Radio tour in full Swing! Augusta GA be sure to tune into WNRR Gospel 1380  tomorrow as Micah Lee interviews with Radio Personality tashakeda !! @micahleemusic “Don’t Break”… https://t.co/bxX7ZnmXhk,0.2380952380952381,march30_march31
232,1.2445504183503421e+18,Daddy’s kids 🙄😬😬#family #fam #mom #dad #brother #sister #brothers #sisters #bro #sis #siblings #quarantine #father #mother #related #fun #corona #children #kids #life #happy #familytime #cute #smile #fun… https://t.co/x40VzbHpZy,0.0,march30_march31
233,1.2445509083038065e+18,"Ain’t nothing but a g thang baby ..
#legendary #corona #covid_19 #hawaii #hawaiilife #justforgiggles #essential @ At My Mf J.O.B https://t.co/7yz4h7Zluy",0.1,march30_march31
234,1.244552295964164e+18,"Tune in to see if I made it...

Link to #youtube channel in my bio. Give it a look!!!

#quarantinechallenge #chippingchallenge #pingpongballchallenge #dixiecupchallenge #covid #covid19 #covid_19 #corona #coronavirus… https://t.co/pOu9SJhAcN",0.0,march30_march31
235,1.2445527724748554e+18,"#Repost @roccomusic (@get_repost)
・・・
That would be an F3 note. Stay the F away from me! #covid_19 #corona #nerdalert#Repost @roccomusic (@get_repost)
・・・
That would be an F3 note. Stay the F away from me! #covid_19… https://t.co/4QI24Kvp86",0.16666666666666666,march30_march31
236,1.2445536918620488e+18,"Headed out to grab some PG Tips and a lake of Burgundy...

Corona-free appointments available via Zoom.

#duncanquinn #savilerowmeetsrocknroll #bespoke #handmade #ootd #wolvesnotsheep #gentlemenrogues #suitup… https://t.co/7cXXQvfSSw",0.08727272727272728,march30_march31
237,1.2445567458815508e+18,"Hope All is Well! Hang in there! We will come out of this! #corona #covid_19 #iamashley #ashleystewart #findingashleystewart #jointhemovement #neighborhoodgirlgoneglobal #besafe @ Atlanta, Georgia https://t.co/40P8Iezktt",0.14823232323232322,march30_march31
238,1.2445567990065275e+18,"Looking for immediate work⁉️💰💵  #DazzlingDanette #Mompreneur #AEA #Corona #KnowledgeIsPower @ Jersey City, New Jersey https://t.co/oNpFiHJoz4",-0.006250000000000006,march30_march31
239,1.244558424429527e+18,Corona: 7:09pm: sunset,0.78125,march30_march31
240,1.2445588403574784e+18,"Reposted from @Hevinci 🚨🚧 Episode 4 of the DasFunnyYo Podcast ""My Corona"" is up now on all DSPs! Check it out!!!🚧🚨
#corona 
#coronavirus 
#covid_19 
#dasfunnyyo
#podcast
#baltimore
#download
#nowplaying
#spotify… https://t.co/LKHe86uHcv",0.15625,march30_march31
241,1.244559714387497e+18,Corona doesn’t stop the grind! Cyber Radio tour in full Swing! Chicago be sure to tune into Rejoice 102.3 WYCA  tomorrow as Micah Lee interviews during “The Deb and Norris Show”! @micahleemusic “Don’t Break”… https://t.co/86GYuHicnD,0.625,march30_march31
242,1.244560979397972e+18,prepping for corona season @ Arcola MX Official https://t.co/yIikwPbKup,0.3,march30_march31
243,1.2445625772266373e+18,TAG WHO ... 😢 #IWishYouWereCloser for the #jeremyvilleCSA project ...#jeremyville #corona #coronamemes #stayhome #staysafe #socialdistancing #distancing #distancingtogether #studiojeremyvillenyc #Togetheralone… https://t.co/gvF0xVdRfl,-0.4,march30_march31
244,1.244562805031932e+18,"Ginger and I, 14 day isolation / 2 miles running every other day with my pup based on weather. Stay healthy my friends... #vizsla #vizslasofinstagram #vizslagram #corona @ New Jersey https://t.co/K8RBk2K8kQ",0.3,march30_march31
245,1.2445628510728233e+18,We remain open to serve our patients and the community at Kingwood Health and Wellness. coronavirus khwclinic #kingwood #corona 281-852-1800 call today to schedule @ Kingwood Health &amp; Wellness Clinic https://t.co/yhHHCLgVBG,0.0,march30_march31
